source_database,identifier,official_name,display_name,name_ms,category,source,published_date,source_url,retrieved_at,basis_type,basis_amount,basis_unit,serving_label,serving_quantity,serving_weight_or_volume,serving_unit,energy_kcal,energy_kj,water_g,protein_g,fat_g,carbohydrate_g,total_dietary_fibre_g,ash_g,total_sugars_g,sucrose_g,glucose_g,fructose_g,lactose_g,maltose_g,sodium_mg,potassium_mg,calcium_mg,phosphorus_mg,iron_mg,magnesium_mg,zinc_mg,copper_mg,selenium_mcg,vitamin_c_mg,thiamin_mg,riboflavin_mg,niacin_mg,vitamin_a_rae_mcg,carotene_mcg,is_primary,duplicate_of_identifier
MyFCD Current,R101061,"BISCUIT, COCONUT","Biscuit, Coconut",,Cereals and grain products,"Institute for Medical Research, Malaysia",2026-06-23,https://myfcd.moh.gov.my/myfcdcurrent/index.php/site/detail_product/R101061/0/10/-1/0/0,2026-09-05T14:52:05.816929+00:00,per_100g,100.0,g,1 piece,1.0,13.02,g,450.0,,2.23,8.32,17.44,65.04,5.2,1.8,28.3,28.3,0.0,0.0,0.0,0.0,,,,,,,,,,,,,,,,1,
MyFCD Current,R101069,"BISCUIT, LEMON PUFF","Biscuit, Lemon Puff",,Cereals and grain products,"Institute for Medical Research, Malaysia",2024-12-03,https://myfcd.moh.gov.my/myfcdcurrent/index.php/site/detail_product/R101069/0/10/-1/0/0,2026-09-05T14:52:06.160393+00:00,per_100g,100.0,g,1 piece,1.0,50.76,g,455.0,,2.66,7.87,18.8,63.51,5.2,2.0,11.53,10.24,0.36,0.0,0.0,0.14,519.0,72.0,84.0,107.0,1.49,24.0,0.57,,,,,,,,,1,
MyFCD Current,R101070,"BISCUIT, MARIE","Biscuit, Marie",,Cereals and grain products,"Institute for Medical Research, Malaysia",2024-12-03,https://myfcd.moh.gov.my/myfcdcurrent/index.php/site/detail_product/R101070/0/10/-1/0/0,2026-09-05T14:52:06.464427+00:00,per_100g,100.0,g,1 piece,1.0,5.13,g,446.0,,3.89,8.46,16.89,65.07,3.6,2.1,20.2,20.51,0.0,0.0,0.0,1.4,576.0,96.0,71.0,100.0,1.55,27.0,0.58,,,,,,,,,1,
MyFCD Current,R101071,"BISCUIT, MILK (BISKUT SUSU)","Biscuit, Milk",BISKUT SUSU,Cereals and grain products,"Institute for Medical Research, Malaysia",2024-12-03,https://myfcd.moh.gov.my/myfcdcurrent/index.php/site/detail_product/R101071/0/10/-1/0/0,2026-09-05T14:52:06.770091+00:00,per_100g,100.0,g,5 pieces,5.0,29.0,g,473.0,,2.83,8.83,21.42,58.25,5.8,2.9,9.72,7.45,0.0,0.0,0.85,1.42,641.0,123.0,392.0,116.0,3.08,36.0,0.6,,,,,,,,,1,
MyFCD Current,R101081,CROISSANT,Croissant,,Cereals and grain products,"Institute for Medical Research, Malaysia",2026-06-24,https://myfcd.moh.gov.my/myfcdcurrent/index.php/site/detail_product/R101081/0/10/-1/0/0,2026-09-05T14:52:07.098968+00:00,per_100g,100.0,g,1 piece,1.0,61.65,g,414.0,,16.28,8.67,20.25,49.16,4.2,1.4,6.65,2.92,0.28,0.73,0.0,0.54,,,,86.0,,,,,,,,,,,,1,
MyFCD Current,R101086,"BREAD, RAISIN (ROTI KISMIS)","Bread, Raisin",ROTI KISMIS,Cereals and grain products,"Institute for Medical Research, Malaysia",2024-12-03,https://myfcd.moh.gov.my/myfcdcurrent/index.php/site/detail_product/R101086/0/10/-1/0/0,2026-09-05T14:52:07.402030+00:00,per_100g,100.0,g,1 piece,1.0,32.85,g,449.0,,3.06,9.92,19.25,59.06,6.5,2.2,8.95,2.42,1.86,2.4,0.0,0.97,500.0,151.0,122.0,189.0,4.34,62.0,11.4,,,,,,,,,1,
MyFCD Current,R101094,"BUN, CHEESE (BAN KEJU)","Bun, Cheese",BAN KEJU,Cereals and grain products,"Institute for Medical Research, Malaysia",2024-12-03,https://myfcd.moh.gov.my/myfcdcurrent/index.php/site/detail_product/R101094/0/10/-1/0/0,2026-09-05T14:52:07.684721+00:00,per_100g,100.0,g,1 piece,1.0,55.0,g,415.0,,16.78,12.22,20.26,46.06,2.9,1.8,6.17,1.56,1.92,2.69,0.0,0.0,,,,,,,,,,,,,,,,1,
MyFCD Current,R101096,"BUN, COCONUT (BAN KELAPA)","Bun, Coconut",BAN KELAPA,Cereals and grain products,"Institute for Medical Research, Malaysia",2019-04-16,https://myfcd.moh.gov.my/myfcdcurrent/index.php/site/detail_product/R101096/0/10/-1/0/0,2026-09-05T14:52:08.037510+00:00,per_100g,100.0,g,1 bun,1.0,41.15,g,295.0,,29.37,7.22,6.88,51.05,4.4,1.1,23.18,13.59,3.96,4.54,0.0,1.3,198.0,106.0,65.0,65.0,1.0,21.0,0.83,,,,,,,,,1,
MyFCD Current,R101099,"BUN, KAYA (BAN KAYA)","Bun, Kaya",BAN KAYA,Cereals and grain products,"Institute for Medical Research, Malaysia",2019-04-16,https://myfcd.moh.gov.my/myfcdcurrent/index.php/site/detail_product/R101099/0/10/-1/0/0,2026-09-05T14:52:08.337039+00:00,per_100g,100.0,g,1 bun,1.0,37.8,g,274.0,,30.4,7.13,2.9,54.73,3.9,0.9,22.82,15.19,3.33,3.58,0.0,0.7,170.0,80.0,62.0,59.0,0.67,17.0,0.73,,,,,,,,,1,
MyFCD Current,R101100,"BUN, POTATO (BAN KENTANG)","Bun, Potato",BAN KENTANG,Cereals and grain products,"Institute for Medical Research, Malaysia",2019-04-16,https://myfcd.moh.gov.my/myfcdcurrent/index.php/site/detail_product/R101100/0/10/-1/0/0,2026-09-05T14:52:08.664616+00:00,per_100g,100.0,g,1 bun,1.0,36.266666666667,g,303.0,,29.65,9.15,8.98,46.27,4.7,1.3,13.55,3.12,3.5,5.03,0.36,1.33,274.0,141.0,45.0,89.0,0.92,17.0,0.95,,,,,,,,,1,
MyFCD Current,R101102,"BUN, RED BEANS (BAN KACANG MERAH)","Bun, Red Beans",BAN KACANG MERAH,Cereals and grain products,"Institute for Medical Research, Malaysia",2019-04-16,https://myfcd.moh.gov.my/myfcdcurrent/index.php/site/detail_product/R101102/0/10/-1/0/0,2026-09-05T14:52:08.971024+00:00,per_100g,100.0,g,1 bun,1.0,42.7,g,294.0,,28.03,7.93,5.83,52.4,4.7,1.1,19.12,12.7,2.6,3.12,0.0,0.69,169.0,130.0,80.0,71.0,1.07,22.0,0.93,,,,,,,,,1,
MyFCD Current,R101109,"COOKIES, PEANUT","Cookies, Peanut",,Cereals and grain products,"Institute for Medical Research, Malaysia",2026-06-24,https://myfcd.moh.gov.my/myfcdcurrent/index.php/site/detail_product/R101109/0/10/-1/0/0,2026-09-05T14:52:09.297367+00:00,per_100g,100.0,g,1 piece,1.0,34.47,g,508.0,,1.27,11.61,26.19,56.59,2.9,1.4,7.18,7.18,0.0,0.0,0.0,0.0,,,,,,,,,,,,,,,,1,
MyFCD Current,R101112,"MUFFIN, CHOCOLATE","Muffin, Chocolate",,Cereals and grain products,"Institute for Medical Research, Malaysia",2026-06-26,https://myfcd.moh.gov.my/myfcdcurrent/index.php/site/detail_product/R101112/0/10/-1/0/0,2026-09-05T14:52:09.581078+00:00,per_100g,100.0,g,1 piece,1.0,60.93,g,442.0,,10.92,7.5,19.45,59.17,3.9,1.0,16.79,14.12,0.43,0.37,0.18,0.31,322.0,144.0,52.0,86.0,,,,,,,,,,,,1,
MyFCD Current,R101113,"MUFFIN, VANILLA","Muffin, Vanilla",,Cereals and grain products,"Institute for Medical Research, Malaysia",2024-12-03,https://myfcd.moh.gov.my/myfcdcurrent/index.php/site/detail_product/R101113/0/10/-1/0/0,2026-09-05T14:52:09.861764+00:00,per_100g,100.0,g,1 piece,1.0,58.82,g,,,,,,,,,10.25,9.82,0.43,0.0,0.0,0.0,,,,,,,,,,,,,,,,1,
MyFCD Current,R101115,"CEREAL, BREAKFAST, BRAN FLAKES","Cereal, Breakfast, Bran Flakes",,Cereals and grain products,"Institute for Medical Research, Malaysia",2026-06-23,https://myfcd.moh.gov.my/myfcdcurrent/index.php/site/detail_product/R101115/0/10/-1/0/0,2026-09-05T14:52:10.185728+00:00,per_100g,100.0,g,1 bowl,1.0,120.8,g,263.0,,4.18,14.6,1.59,47.69,27.5,4.4,22.53,21.18,0.0,1.35,0.0,0.0,,,,,,,,,,,,,,,,1,
MyFCD Current,R101116,"CEREAL, BREAKFAST, CHOCOLATE FLAVOURED","Cereal, Breakfast, Chocolate Flavoured",,Cereals and grain products,"Institute for Medical Research, Malaysia",2026-06-23,https://myfcd.moh.gov.my/myfcdcurrent/index.php/site/detail_product/R101116/0/10/-1/0/0,2026-09-05T14:52:10.468257+00:00,per_100g,100.0,g,1 bowl,1.0,71.57,g,359.0,,2.6,6.38,0.35,82.66,5.6,2.4,49.96,49.96,0.0,0.0,0.0,0.0,,,,,,,,,,,,,,,,1,
MyFCD Current,R101117,"CEREAL, BREAKFAST, GRANOLA","Cereal, Breakfast, Granola",,Cereals and grain products,"Institute for Medical Research, Malaysia",2026-06-23,https://myfcd.moh.gov.my/myfcdcurrent/index.php/site/detail_product/R101117/0/10/-1/0/0,2026-09-05T14:52:11.004420+00:00,per_100g,100.0,g,1 bowl,1.0,205.35,g,437.0,,3.64,9.44,18.15,58.94,8.5,1.3,32.49,32.49,0.0,0.0,0.0,0.0,,,,,,,,,,,,,,,,1,
MyFCD Current,R101118,"CEREAL, BREAKFAST, MULTICOLOURED, SUGAR-FILLED RING SHAPED","Cereal, Breakfast, Multicoloured, Sugar-Filled Ring Shaped",,Cereals and grain products,"Institute for Medical Research, Malaysia",2026-06-23,https://myfcd.moh.gov.my/myfcdcurrent/index.php/site/detail_product/R101118/0/10/-1/0/0,2026-09-05T14:52:11.293309+00:00,per_100g,100.0,g,1 bowl,1.0,73.66,g,366.0,,3.42,7.21,1.07,81.96,4.4,2.0,18.79,16.68,2.11,0.0,0.0,0.0,,,,,,,,,,,,,,,,1,
MyFCD Current,R101119,"CEREAL, BREAKFAST, OAT/MULTIGRAIN","Cereal, Breakfast, Oat/Multigrain",,Cereals and grain products,"Institute for Medical Research, Malaysia",2024-12-03,https://myfcd.moh.gov.my/myfcdcurrent/index.php/site/detail_product/R101119/0/10/-1/0/0,2026-09-05T14:52:11.569847+00:00,per_100g,100.0,g,1 bowl,1.0,61.18,g,,,,,,,,,20.79,20.79,0.0,0.0,0.0,0.0,,,,,,,,,,,,,,,,1,
MyFCD Current,R101121,"COOKIES/CRACKERS, SANDWICH WITH FLAVOURED CREAM OREO","Cookies/Crackers, Sandwich With Flavoured Cream Oreo",,Cereals and grain products,"Institute for Medical Research, Malaysia",2026-06-24,https://myfcd.moh.gov.my/myfcdcurrent/index.php/site/detail_product/R101121/0/10/-1/0/0,2026-09-05T14:52:11.854916+00:00,per_100g,100.0,g,1 piece,1.0,9.65,g,463.0,,1.38,5.79,18.43,68.47,4.0,2.0,18.33,17.24,1.09,0.0,0.0,0.0,,,,,,,,,,,,,,,,1,
MyFCD Current,R102002,BREADFRUITS CHIPS (KEREPEK SUKUN),Breadfruits Chips,KEREPEK SUKUN,"Starchy roots, tubers and products","Institute for Medical Research, Malaysia",2019-04-15,https://myfcd.moh.gov.my/myfcdcurrent/index.php/site/detail_product/R102002/0/10/-1/0/0,2026-09-05T14:52:12.211510+00:00,per_100g,100.0,g,,,,,556.85,,1.02,2.19,40.54,45.8,8.3,2.2,1.94,1.94,,,,,309.0,901.0,72.0,51.0,,,,,,,,,,,,1,
MyFCD Current,R102004,"FLOUR, SAGO (TEPUNG SAGU)","Flour, Sago",TEPUNG SAGU,"Starchy roots, tubers and products","Institute for Medical Research, Malaysia",2019-04-15,https://myfcd.moh.gov.my/myfcdcurrent/index.php/site/detail_product/R102004/0/10/-1/0/0,2026-09-05T14:52:12.506096+00:00,per_100g,100.0,g,,,,,348.21,,10.56,0.2,0.1,86.63,2.4,0.1,,,,,,,7.0,13.0,3.0,11.0,1.28,4.0,0.31,,,,,,,,,1,
MyFCD Current,R102007,"POTATO CHIPS, SPICY (KEROPOK UBI KENTANG BERPERISA REMPAH PEDAS)","Potato Chips, Spicy",KEROPOK UBI KENTANG BERPERISA REMPAH PEDAS,"Starchy roots, tubers and products","Institute for Medical Research, Malaysia",2019-04-15,https://myfcd.moh.gov.my/myfcdcurrent/index.php/site/detail_product/R102007/0/10/-1/0/0,2026-09-05T14:52:12.810845+00:00,per_100g,100.0,g,,,,,483.27,,2.62,6.05,26.45,55.25,6.3,3.3,2.75,2.51,0.16,0.1,,,663.0,743.0,2.0,141.0,1.47,51.0,0.69,,,,,,,,,1,
MyFCD Current,R102012,"SWEET POTATO, RED, CHIPS (KEREPEK UBI KELEDEK)","Sweet Potato, Red, Chips",KEREPEK UBI KELEDEK,"Starchy roots, tubers and products","Institute for Medical Research, Malaysia",2019-04-15,https://myfcd.moh.gov.my/myfcdcurrent/index.php/site/detail_product/R102012/0/10/-1/0/0,2026-09-05T14:52:13.153181+00:00,per_100g,100.0,g,,,,,456.09,,2.24,3.82,19.16,67.09,5.4,2.3,5.09,4.99,,0.11,,,179.0,606.0,56.0,112.0,,,,,,,,,,,,1,
MyFCD Current,R102015,"TAPIOCA CHIPS, BARBEQUE (KEREPEK UBI KAYU PERISA BARBEQUE)","Tapioca Chips, Barbeque",KEREPEK UBI KAYU PERISA BARBEQUE,"Starchy roots, tubers and products","Institute for Medical Research, Malaysia",2024-12-03,https://myfcd.moh.gov.my/myfcdcurrent/index.php/site/detail_product/R102015/0/10/-1/0/0,2026-09-05T14:52:13.441631+00:00,per_100g,100.0,g,1 bowl,1.0,94.48,g,465.27,,1.35,1.76,21.79,65.53,7.0,2.5,10.95,10.61,0.0,0.35,0.0,0.0,486.0,454.0,47.0,79.0,,,,,,,,,,,,1,
MyFCD Current,R102016,"TAPIOCA CHIPS, BLACK PEPPER (KEREPEK UBI KAYU PERISA LADA HITAM)","Tapioca Chips, Black Pepper",KEREPEK UBI KAYU PERISA LADA HITAM,"Starchy roots, tubers and products","Institute for Medical Research, Malaysia",2024-12-03,https://myfcd.moh.gov.my/myfcdcurrent/index.php/site/detail_product/R102016/0/10/-1/0/0,2026-09-05T14:52:13.735480+00:00,per_100g,100.0,g,1 bowl,1.0,83.933333,g,483.05,,1.0,0.87,24.57,64.62,6.7,2.2,4.92,4.35,0.21,0.37,0.0,0.0,411.0,517.0,46.0,81.0,,,,,,,,,,,,1,
MyFCD Current,R102017,"TAPIOCA CHIPS, PLAIN, SALTED (KEREPEK UBI KAYU, BERGARAM)","Tapioca Chips, Plain, Salted","KEREPEK UBI KAYU, BERGARAM","Starchy roots, tubers and products","Institute for Medical Research, Malaysia",2024-12-03,https://myfcd.moh.gov.my/myfcdcurrent/index.php/site/detail_product/R102017/0/10/-1/0/0,2026-09-05T14:52:14.058856+00:00,per_100g,100.0,g,1 bowl,1.0,90.466666,g,478.96,,1.09,1.95,23.23,65.52,5.8,2.4,2.85,2.67,0.0,0.19,0.0,0.0,,,,85.0,,,,,,,,,,,,1,
MyFCD Current,R102018,"TAPIOCA CHIPS, PLAIN, UNSALTED (KEREPEK UBI KAYU, TANPA GARAM)","Tapioca Chips, Plain, Unsalted","KEREPEK UBI KAYU, TANPA GARAM","Starchy roots, tubers and products","Institute for Medical Research, Malaysia",2024-12-03,https://myfcd.moh.gov.my/myfcdcurrent/index.php/site/detail_product/R102018/0/10/-1/0/0,2026-09-05T14:52:14.340208+00:00,per_100g,100.0,g,1 bowl,1.0,103.23333,g,497.54,,1.36,1.3,26.85,62.67,6.0,1.8,6.16,5.33,0.48,0.35,0.0,0.0,384.0,592.0,71.0,87.0,,,,,,,,,,,,1,
MyFCD Current,R102019,"TAPIOCA CHIPS, SPICY (KEREPEK UBI KAYU PEDAS)","Tapioca Chips, Spicy",KEREPEK UBI KAYU PEDAS,"Starchy roots, tubers and products","Institute for Medical Research, Malaysia",2024-12-03,https://myfcd.moh.gov.my/myfcdcurrent/index.php/site/detail_product/R102019/0/10/-1/0/0,2026-09-05T14:52:14.629710+00:00,per_100g,100.0,g,1 bowl,1.0,120.916,g,470.21,,0.78,1.24,21.43,68.1,6.4,2.1,12.54,7.7,2.01,2.19,0.0,0.65,403.0,356.0,2.0,64.0,1.29,28.0,0.58,,,,,,,,,1,
MyFCD Current,R103003,BLACK EYE BEAN (KACANG MATA HITAM),Black Eye Bean,KACANG MATA HITAM,Legumes and legume products,"Institute for Medical Research, Malaysia",2024-12-03,https://myfcd.moh.gov.my/myfcdcurrent/index.php/site/detail_product/R103003/0/10/-1/0/0,2026-09-05T14:52:14.918484+00:00,per_100g,100.0,g,1 cup,1.0,176.01866,g,264.32,,10.97,20.26,0.54,44.6,20.0,3.6,2.38,2.39,0.0,0.0,0.0,0.0,19.0,1149.0,85.0,345.0,,,,,,,,,,,,1,
MyFCD Current,R103004,CAROB FLOUR (TEPUNG KACANG KUDA),Carob Flour,TEPUNG KACANG KUDA,Legumes and legume products,"Institute for Medical Research, Malaysia",2024-12-03,https://myfcd.moh.gov.my/myfcdcurrent/index.php/site/detail_product/R103004/0/10/-1/0/0,2026-09-05T14:52:15.398482+00:00,per_100g,100.0,g,1 cup,1.0,131.05616,g,311.01,,10.54,21.11,1.74,52.73,11.3,2.6,2.15,2.06,0.0,0.15,0.0,0.0,11.0,593.0,2.0,304.0,2.64,79.0,2.3,,,,,,,,,1,
MyFCD Current,R103033,"SAUCE, SOYA, DARK","Sauce, Soya, Dark",,Legumes and legume products,"Institute for Medical Research, Malaysia",2024-12-03,https://myfcd.moh.gov.my/myfcdcurrent/index.php/site/detail_product/R103033/0/10/-1/0/0,2026-09-05T14:52:15.685395+00:00,per_100g,100.0,g,1 cup,1.0,119.07233,g,347.0,,8.1,31.93,19.22,16.97,24.2,4.9,12.5,5.88,7.68,0.5,0.0,4.08,25.0,2275.0,282.0,487.0,,,,,,,,,,,,1,
MyFCD Current,R103034,"SAUCE, SOYA, LIGHT","Sauce, Soya, Light",,Legumes and legume products,"Institute for Medical Research, Malaysia",2026-06-26,https://myfcd.moh.gov.my/myfcdcurrent/index.php/site/detail_product/R103034/0/10/-1/0/0,2026-09-05T14:52:16.008043+00:00,per_100g,100.0,g,1 tablespoon,1.0,6.07,g,100.0,,59.96,2.68,0.0,22.23,2.4,12.7,15.38,8.79,4.85,0.0,0.0,1.74,,,,,,,,,,,,,,,,1,
MyFCD Current,R104034,PEANUT BUTTER CHOCOLATE STRIPES,Peanut Butter Chocolate Stripes,,"Nuts, seeds and products","Institute for Medical Research, Malaysia",2024-12-03,https://myfcd.moh.gov.my/myfcdcurrent/index.php/site/detail_product/R104034/0/10/-1/0/0,2026-09-05T14:52:16.296443+00:00,per_100g,100.0,g,1 cup,1.0,70.1835,g,514.0,,2.18,20.38,45.28,9.97,22.6,3.4,6.18,6.07,0.0,0.25,0.0,0.0,386.0,1317.0,162.0,367.0,,,,,,,,,,,,1,
MyFCD Current,R105006,BABY CORN (JAGUNG SAYUR),Baby Corn,JAGUNG SAYUR,Vegetables and vegetable products,"Institute for Medical Research, Malaysia",2024-12-03,https://myfcd.moh.gov.my/myfcdcurrent/index.php/site/detail_product/R105006/0/10/-1/0/0,2026-09-05T14:52:16.584003+00:00,per_100g,100.0,g,1 whole,1.0,12.5195,g,37.0,,91.05,2.17,0.1,6.12,1.4,0.6,3.15,,2.75,0.43,,,4.0,133.0,15.0,40.0,0.3,21.0,0.48,,,,,,,,,1,
MyFCD Current,R105022,"CAPSICUM, GREEN (LADA BENGALA, HIJAU)","Capsicum, Green","LADA BENGALA, HIJAU",Vegetables and vegetable products,"Institute for Medical Research, Malaysia",2024-12-03,https://myfcd.moh.gov.my/myfcdcurrent/index.php/site/detail_product/R105022/0/10/-1/0/0,2026-09-05T14:52:16.875610+00:00,per_100g,100.0,g,1 whole,1.0,47.0038333,g,20.0,,95.3,0.68,0.15,3.4,1.3,0.5,2.77,,,2.77,,,14.0,100.0,10.0,16.0,0.43,7.0,0.17,,,,,,,,,1,
MyFCD Current,R105023,"CAPSICUM, RED (LADA BENGALA, MERAH)","Capsicum, Red","LADA BENGALA, MERAH",Vegetables and vegetable products,"Institute for Medical Research, Malaysia",2024-12-03,https://myfcd.moh.gov.my/myfcdcurrent/index.php/site/detail_product/R105023/0/10/-1/0/0,2026-09-05T14:52:17.210194+00:00,per_100g,100.0,g,1 whole,1.0,158.391,g,29.0,,93.47,0.87,0.18,4.93,2.0,0.5,4.25,,3.01,2.49,,,18.0,134.0,9.0,21.0,0.75,10.0,0.5,,,,,,,,,1,
MyFCD Current,R105024,"CAPSICUM, YELLOW (LADA BENGALA, KUNING)","Capsicum, Yellow","LADA BENGALA, KUNING",Vegetables and vegetable products,"Institute for Medical Research, Malaysia",2024-12-03,https://myfcd.moh.gov.my/myfcdcurrent/index.php/site/detail_product/R105024/0/10/-1/0/0,2026-09-05T14:52:17.495013+00:00,per_100g,100.0,g,1 whole,1.0,40.516916,g,29.0,,93.12,0.85,0.03,5.37,1.8,0.6,2.73,,2.74,,,,13.0,132.0,7.0,16.0,0.53,8.0,0.18,,,,,,,,,1,
MyFCD Current,R105150,"SAUCE, CHILI THAI","Sauce, Chili Thai",,Vegetables and vegetable products,"Institute for Medical Research, Malaysia",2024-12-03,https://myfcd.moh.gov.my/myfcdcurrent/index.php/site/detail_product/R105150/0/10/-1/0/0,2026-09-05T14:52:17.778398+00:00,per_100g,100.0,g,1 tablespoon,1.0,12.43,g,,,,,,,,,26.02,9.41,8.1,8.51,0.0,0.0,,,,,,,,,,,,,,,,1,
MyFCD Current,R106035,"DRAGON FRUIT, RED (BUAH NAGA, ISI MERAH)","Dragon Fruit, Red","BUAH NAGA, ISI MERAH",Fruits and fruit products,"Institute for Medical Research, Malaysia",2024-12-03,https://myfcd.moh.gov.my/myfcdcurrent/index.php/site/detail_product/R106035/0/10/-1/0/0,2026-09-05T14:52:18.111532+00:00,per_100g,100.0,g,1 half,1.0,406.2833,g,51.0,,86.77,1.37,0.07,10.9,0.9,0.6,8.4,,5.21,1.53,,1.64,16.0,167.0,9.0,24.0,0.13,28.0,0.47,,,,,,,,,1,
MyFCD Current,R106036,"DRAGON FRUIT, WHITE (BUAH NAGA, ISI PUTIH)","Dragon Fruit, White","BUAH NAGA, ISI PUTIH",Fruits and fruit products,"Institute for Medical Research, Malaysia",2024-12-03,https://myfcd.moh.gov.my/myfcdcurrent/index.php/site/detail_product/R106036/0/10/-1/0/0,2026-09-05T14:52:18.396334+00:00,per_100g,100.0,g,1 half,1.0,246.355,g,53.0,,87.05,1.6,0.15,10.55,1.1,0.7,8.5,,5.48,2.08,,0.94,17.0,182.0,8.0,25.0,0.2,27.0,0.45,,,,,,,,,1,
MyFCD Current,R106051,HONEYDEW (TEMBIKAI SUSU),Honeydew,TEMBIKAI SUSU,Fruits and fruit products,"Institute for Medical Research, Malaysia",2024-12-03,https://myfcd.moh.gov.my/myfcdcurrent/index.php/site/detail_product/R106051/0/10/-1/0/0,2026-09-05T14:52:18.681326+00:00,per_100g,100.0,g,1 slice,1.0,165.7475,g,24.0,,94.5,0.35,0.35,4.33,0.9,0.5,3.55,1.27,1.31,1.61,,,24.0,93.0,10.0,13.0,0.18,10.0,0.23,,,,,,,,,1,
MyFCD Current,R106073,LYCHEE IN TIN,Lychee In Tin,,Fruits and fruit products,"Institute for Medical Research, Malaysia",2026-06-26,https://myfcd.moh.gov.my/myfcdcurrent/index.php/site/detail_product/R106073/0/10/-1/0/0,2026-09-05T14:52:19.005867+00:00,per_100g,100.0,g,1 BOWL,1.0,337.1,g,114.0,,71.17,0.13,0.02,28.41,0.2,0.0,2.89,0.12,1.4,1.37,0.0,0.0,,,,,,,,,,,,,,,,1,
MyFCD Current,R106113,POMEGRANATE (DELIMA),Pomegranate,DELIMA,Fruits and fruit products,"Institute for Medical Research, Malaysia",2024-12-03,https://myfcd.moh.gov.my/myfcdcurrent/index.php/site/detail_product/R106113/0/10/-1/0/0,2026-09-05T14:52:19.295318+00:00,per_100g,100.0,g,1 half,1.0,174.6933,g,80.0,,82.5,1.53,0.8,14.4,4.5,0.8,10.7,,5.42,5.28,,,21.0,154.0,12.0,31.0,0.17,14.0,0.37,,,,,,,,,1,
MyFCD Current,R107001,ASPARTAME (ASPARTAM),Aspartame,ASPARTAM,Sugars and syrups,"Institute for Medical Research, Malaysia",2024-12-03,https://myfcd.moh.gov.my/myfcdcurrent/index.php/site/detail_product/R107001/0/10/-1/0/0,2026-09-05T14:52:19.598166+00:00,per_100g,100.0,g,1 piece,1.0,3.63,g,,,,,,,,,,,,,,,25.0,65.0,21.0,3.0,,,,,,,,,,,,1,
MyFCD Current,R107002,ORANGE FLAVOURED CANDY (GULA-GULA PERISA OREN),Orange Flavoured Candy,GULA-GULA PERISA OREN,Sugars and syrups,"Institute for Medical Research, Malaysia",2024-12-03,https://myfcd.moh.gov.my/myfcdcurrent/index.php/site/detail_product/R107002/0/10/-1/0/0,2026-09-05T14:52:19.876182+00:00,per_100g,100.0,g,1 piece,1.0,3.598625,g,,,,,,,,,,,,,,,80.0,3.0,19.0,1.0,,,,,,,,,,,,1,
MyFCD Current,R107004,STRAWBERRY FLAVOURED CANDY (GULA-GULA PERISA STRAWBERI),Strawberry Flavoured Candy,GULA-GULA PERISA STRAWBERI,Sugars and syrups,"Institute for Medical Research, Malaysia",2024-12-03,https://myfcd.moh.gov.my/myfcdcurrent/index.php/site/detail_product/R107004/0/10/-1/0/0,2026-09-05T14:52:20.206214+00:00,per_100g,100.0,g,1 piece,1.0,3.740333333,g,,,,,,,,,,,,,,,45.0,4.0,23.0,2.0,,,,,,,,,,,,1,
MyFCD Current,R107005,CORDIAL ROOT BEER (KORDIAL RUT BIR),Cordial Root Beer,KORDIAL RUT BIR,Sugars and syrups,"Institute for Medical Research, Malaysia",2024-12-03,https://myfcd.moh.gov.my/myfcdcurrent/index.php/site/detail_product/R107005/0/10/-1/0/0,2026-09-05T14:52:20.490655+00:00,per_100g,100.0,g,1 tablespoon,1.0,11.5339,g,223.16,,44.15,0.15,0.0,55.64,,0.1,15.0,3.63,5.79,5.59,0.0,0.0,2.0,0.0,2.0,0.0,0.29,1.0,0.19,,,,,,,,,1,
MyFCD Current,R107006,"CORDIAL, SOURSOP (KORDIAL DURIAN BELANDA)","Cordial, Soursop",KORDIAL DURIAN BELANDA,Sugars and syrups,"Institute for Medical Research, Malaysia",2024-12-03,https://myfcd.moh.gov.my/myfcdcurrent/index.php/site/detail_product/R107006/0/10/-1/0/0,2026-09-05T14:52:20.835978+00:00,per_100g,100.0,g,1 tablespoon,1.0,10.05533333,g,143.78,,35.19,0.12,0.0,35.83,28.7,0.1,45.38,2.0,21.87,21.52,0.0,0.0,20.0,9.0,3.0,2.0,0.34,1.0,0.11,,,,,,,,,1,
MyFCD Current,R107007,"CORDIAL, GRAPE (KORDIAL ANGGUR)","Cordial, Grape",KORDIAL ANGGUR,Sugars and syrups,"Institute for Medical Research, Malaysia",2024-12-03,https://myfcd.moh.gov.my/myfcdcurrent/index.php/site/detail_product/R107007/0/10/-1/0/0,2026-09-05T14:52:21.163933+00:00,per_100g,100.0,g,1 tablespoon,1.0,7.472866667,g,150.15,,54.13,0.02,0.0,37.51,8.2,0.1,41.03,0.59,19.75,20.56,0.0,0.0,33.0,2.0,3.0,2.0,0.53,7.0,0.21,,,,,,,,,1,
MyFCD Current,R107008,"CORDIAL, GUAVA (KORDIAL JAMBU BATU)","Cordial, Guava",KORDIAL JAMBU BATU,Sugars and syrups,"Institute for Medical Research, Malaysia",2024-12-03,https://myfcd.moh.gov.my/myfcdcurrent/index.php/site/detail_product/R107008/0/10/-1/0/0,2026-09-05T14:52:21.452421+00:00,per_100g,100.0,g,1 tablespoon,1.0,11.602875,g,266.96,,33.11,0.0,0.0,66.74,,0.2,64.63,16.47,24.3,23.86,0.0,0.0,39.0,19.0,1.0,1.0,0.32,2.0,0.12,,,,,,,,,1,
MyFCD Current,R107009,"CORDIAL, KIWI (KORDIAL KIWI)","Cordial, Kiwi",KORDIAL KIWI,Sugars and syrups,"Institute for Medical Research, Malaysia",2024-12-03,https://myfcd.moh.gov.my/myfcdcurrent/index.php/site/detail_product/R107009/0/10/-1/0/0,2026-09-05T14:52:21.850269+00:00,per_100g,100.0,g,1 tablespoon,1.0,10.825,g,258.58,,31.59,0.06,0.0,64.59,3.7,0.1,47.2,0.15,24.06,22.99,0.0,0.0,27.0,5.0,2.0,1.0,0.24,2.0,1.29,,,,,,,,,1,
MyFCD Current,R107010,"CORDIAL, LIME (KORDIAL LIMAU NIPIS)","Cordial, Lime",KORDIAL LIMAU NIPIS,Sugars and syrups,"Institute for Medical Research, Malaysia",2024-12-03,https://myfcd.moh.gov.my/myfcdcurrent/index.php/site/detail_product/R107010/0/10/-1/0/0,2026-09-05T14:52:22.184809+00:00,per_100g,100.0,g,1 tablespoon,1.0,11.1818,g,118.69,,65.72,0.1,0.0,29.57,4.5,0.1,31.21,0.0,15.97,15.23,0.0,0.0,17.0,2.0,2.0,2.0,0.26,2.0,0.14,,,,,,,,,1,
MyFCD Current,R107011,"CORDIAL, MANGO (KORDIAL MANGGA)","Cordial, Mango",KORDIAL MANGGA,Sugars and syrups,"Institute for Medical Research, Malaysia",2024-12-03,https://myfcd.moh.gov.my/myfcdcurrent/index.php/site/detail_product/R107011/0/10/-1/0/0,2026-09-05T14:52:22.468806+00:00,per_100g,100.0,g,1 tablespoon,1.0,10.48216667,g,177.69,,53.09,0.05,0.0,44.37,2.4,0.1,43.46,2.5,20.78,20.18,0.0,0.0,16.0,36.0,4.0,3.0,0.27,2.0,0.2,,,,,,,,,1,
MyFCD Current,R107012,"CORDIAL, ORANGE (KORDIAL OREN)","Cordial, Orange",KORDIAL OREN,Sugars and syrups,"Institute for Medical Research, Malaysia",2024-12-03,https://myfcd.moh.gov.my/myfcdcurrent/index.php/site/detail_product/R107012/0/10/-1/0/0,2026-09-05T14:52:23.073367+00:00,per_100g,100.0,g,1 tablespoon,1.0,9.67508,g,122.35,,52.91,0.09,0.0,30.5,16.5,0.0,34.51,1.06,17.01,16.44,0.0,0.0,24.0,4.0,2.0,1.0,0.23,1.0,0.28,,,,,,,,,1,
MyFCD Current,R107013,"CORDIAL, PINEAPPLE(KORDIAL NENAS)","Cordial, Pineapple",KORDIAL NENAS,Sugars and syrups,"Institute for Medical Research, Malaysia",2024-12-03,https://myfcd.moh.gov.my/myfcdcurrent/index.php/site/detail_product/R107013/0/10/-1/0/0,2026-09-05T14:52:23.355588+00:00,per_100g,100.0,g,1 tablespoon,1.0,7.32015,g,237.0,,31.43,0.19,0.0,59.06,9.2,0.1,65.53,2.9,32.64,29.97,0.0,0.0,70.0,,2.0,5.0,0.48,4.0,0.22,,,,,,,,,1,
MyFCD Current,R107014,"CORDIAL, ROSELLE (KORDIAL ROSEL)","Cordial, Roselle",KORDIAL ROSEL,Sugars and syrups,"Institute for Medical Research, Malaysia",2024-12-03,https://myfcd.moh.gov.my/myfcdcurrent/index.php/site/detail_product/R107014/0/10/-1/0/0,2026-09-05T14:52:23.640998+00:00,per_100g,100.0,g,1 tablespoon,1.0,8.285566667,g,209.63,,41.57,0.16,0.0,52.24,5.9,0.1,51.03,3.63,24.1,23.3,0.0,0.0,8.0,19.0,5.0,3.0,0.44,4.0,0.13,,,,,,,,,1,
MyFCD Current,R107015,"CORDIAL, SARSI (KORDIAL SARSI)","Cordial, Sarsi",KORDIAL SARSI,Sugars and syrups,"Institute for Medical Research, Malaysia",2024-12-03,https://myfcd.moh.gov.my/myfcdcurrent/index.php/site/detail_product/R107015/0/10/-1/0/0,2026-09-05T14:52:23.929968+00:00,per_100g,100.0,g,1 tablespoon,1.0,9.553783333,g,153.01,,61.68,0.09,0.01,38.14,,0.1,32.9,6.25,13.43,13.23,0.0,0.0,18.0,1.0,1.0,4.0,0.25,1.0,0.17,,,,,,,,,1,
MyFCD Current,R107016,GLUCOSE (GLUKOSA),Glucose,GLUKOSA,Sugars and syrups,"Institute for Medical Research, Malaysia",2024-12-03,https://myfcd.moh.gov.my/myfcdcurrent/index.php/site/detail_product/R107016/0/10/-1/0/0,2026-09-05T14:52:24.253584+00:00,per_100g,100.0,g,1 tablespoon,1.0,15.1627,g,,,,,,,,,,,,,,,24.0,6.0,122.0,64.0,,,,,,,,,,,,1,
MyFCD Current,R107017,HONEY,Honey,,Sugars and syrups,"Institute for Medical Research, Malaysia",2026-06-24,https://myfcd.moh.gov.my/myfcdcurrent/index.php/site/detail_product/R107017/0/10/-1/0/0,2026-09-05T14:52:24.539157+00:00,per_100g,100.0,g,1 tablespoon,1.0,11.63,g,324.0,,18.95,0.05,0.0,80.96,0.0,0.0,67.67,0.0,27.57,38.7,0.0,1.4,,,,,,,,,,,,,,,,1,
MyFCD Current,R107018,"JAM, APRICOT (JEM APRIKOT)","Jam, Apricot",JEM APRIKOT,Sugars and syrups,"Institute for Medical Research, Malaysia",2024-12-03,https://myfcd.moh.gov.my/myfcdcurrent/index.php/site/detail_product/R107018/0/10/-1/0/0,2026-09-05T14:52:24.870266+00:00,per_100g,100.0,g,1 tablespoon,1.0,23.1795,g,272.0,,31.48,0.43,0.0,67.21,0.5,0.3,53.65,8.47,23.33,19.85,0.0,2.0,9.0,141.0,8.0,8.0,0.2,4.0,0.01,,,,,,,,,1,
MyFCD Current,R107019,"JAM, BLUEBERRY (JEM BLUEBERI)","Jam, Blueberry",JEM BLUEBERI,Sugars and syrups,"Institute for Medical Research, Malaysia",2024-12-03,https://myfcd.moh.gov.my/myfcdcurrent/index.php/site/detail_product/R107019/0/10/-1/0/0,2026-09-05T14:52:25.219903+00:00,per_100g,100.0,g,1 tablespoon,1.0,28.35116667,g,272.0,,31.83,0.31,0.01,67.25,0.4,0.1,54.78,4.4,23.73,21.72,0.0,4.27,9.0,,7.0,5.0,0.25,3.0,0.0,,,,,,,,,1,
MyFCD Current,R107021,"JAM, BLACKCURRENT (JEM ANGGUR HITAM)","Jam, Blackcurrent",JEM ANGGUR HITAM,Sugars and syrups,"Institute for Medical Research, Malaysia",2024-12-03,https://myfcd.moh.gov.my/myfcdcurrent/index.php/site/detail_product/R107021/0/10/-1/0/0,2026-09-05T14:52:25.510650+00:00,per_100g,100.0,g,1 tablespoon,1.0,28.53766667,g,266.0,,33.36,0.27,0.02,65.99,0.1,0.2,52.43,1.02,26.2,25.22,0.0,0.0,4.0,,10.0,6.0,0.2,4.0,0.07,,,,,,,,,1,
MyFCD Current,R107023,"JAM, MANGO (JEM MEMPELAM)","Jam, Mango",JEM MEMPELAM,Sugars and syrups,"Institute for Medical Research, Malaysia",2026-06-24,https://myfcd.moh.gov.my/myfcdcurrent/index.php/site/detail_product/R107023/0/10/-1/0/0,2026-09-05T14:52:25.787583+00:00,per_100g,100.0,g,1 tablespoon,1.0,31.34,g,198.0,,48.05,1.89,0.0,47.56,2.2,0.3,19.76,16.42,1.34,2.0,0.0,0.0,,,,,,,,,,,,,,,,1,
MyFCD Current,R107025,"JAM, PINEAPPLE (JEM NENAS)","Jam, Pineapple",JEM NENAS,Sugars and syrups,"Institute for Medical Research, Malaysia",2024-12-03,https://myfcd.moh.gov.my/myfcdcurrent/index.php/site/detail_product/R107025/0/10/-1/0/0,2026-09-05T14:52:26.119493+00:00,per_100g,100.0,g,1 tablespoon,1.0,18.2,g,,,,,,,,,69.06,13.73,27.97,27.36,0.0,0.0,,,,,,,,,,,,,,,,1,
MyFCD Current,R107029,"JAM, STRAWBERRY (JEM STRAWBERI)","Jam, Strawberry",JEM STRAWBERI,Sugars and syrups,"Institute for Medical Research, Malaysia",2024-12-03,https://myfcd.moh.gov.my/myfcdcurrent/index.php/site/detail_product/R107029/0/10/-1/0/0,2026-09-05T14:52:26.425599+00:00,per_100g,100.0,g,1 tablespoon,1.0,31.71966667,g,274.0,,31.23,0.41,0.02,67.65,0.4,0.2,52.67,9.78,17.43,15.77,0.0,9.68,1.0,,18.0,10.0,0.27,7.0,0.05,,,,,,,,,1,
MyFCD Current,R107041,"JAM, ORANGE MARMALADE","Jam, Orange Marmalade",,Sugars and syrups,"Institute for Medical Research, Malaysia",2024-12-03,https://myfcd.moh.gov.my/myfcdcurrent/index.php/site/detail_product/R107041/0/10/-1/0/0,2026-09-05T14:52:26.714197+00:00,per_100g,100.0,g,1 tablespoon,1.0,25.07,g,,,,,,,,,56.87,7.39,24.94,24.54,0.0,0.0,,,,,,,,,,,,,,,,1,
MyFCD Current,R107042,GRAPE FLAVOURED CANDY (GULA-GULA PERISA ANGGUR),Grape Flavoured Candy,GULA-GULA PERISA ANGGUR,Sugars and syrups,"Institute for Medical Research, Malaysia",2024-12-03,https://myfcd.moh.gov.my/myfcdcurrent/index.php/site/detail_product/R107042/0/10/-1/0/0,2026-09-05T14:52:27.034850+00:00,per_100g,100.0,g,1 piece,1.0,3.5634,g,,,,,,,,,,,,,,,38.0,12.0,21.0,2.0,,,,,,,,,,,,1,
MyFCD Current,R107046,"SUGAR, ICING (GULA ISING)","Sugar, Icing",GULA ISING,Sugars and syrups,"Institute for Medical Research, Malaysia",2024-12-03,https://myfcd.moh.gov.my/myfcdcurrent/index.php/site/detail_product/R107046/0/10/-1/0/0,2026-09-05T14:52:27.319854+00:00,per_100g,100.0,g,1 tablespoon,1.0,14.56804,g,,,,,,,,,,,,,,,23.0,7.0,31.0,1.0,,,,,,,,,,,,1,
MyFCD Current,R107047,PINEAPPLE FLAVOURED CANDY (GULA-GULA PERISA NANAS),Pineapple Flavoured Candy,GULA-GULA PERISA NANAS,Sugars and syrups,"Institute for Medical Research, Malaysia",2024-12-03,https://myfcd.moh.gov.my/myfcdcurrent/index.php/site/detail_product/R107047/0/10/-1/0/0,2026-09-05T14:52:27.611554+00:00,per_100g,100.0,g,1 piece,1.0,4.0733,g,,,,,,,,,,,,,,,,,,3.0,,,,,,,,,,,,1,
MyFCD Current,R108014,"BEEF, SAUSAGE (SOSEJ DAGING LEMBU)","Beef, Sausage",SOSEJ DAGING LEMBU,Meat and meat products,"Institute for Medical Research, Malaysia",2024-12-03,https://myfcd.moh.gov.my/myfcdcurrent/index.php/site/detail_product/R108014/0/10/-1/0/0,2026-09-05T14:52:27.893867+00:00,per_100g,100.0,g,1 piece,1.0,32.295,g,194.0,,68.05,12.6,11.4,6.1,8.1,1.9,,,,,,,512.0,103.0,12.0,118.0,1.5,10.0,1.75,,,,,,,,,1,
MyFCD Current,R108040,"CHICKEN, SAUSAGE (SOSEJ DAGING AYAM)","Chicken, Sausage",SOSEJ DAGING AYAM,Meat and meat products,"Institute for Medical Research, Malaysia",2024-12-03,https://myfcd.moh.gov.my/myfcdcurrent/index.php/site/detail_product/R108040/0/10/-1/0/0,2026-09-05T14:52:28.220455+00:00,per_100g,100.0,g,1 piece,1.0,3.2266666,g,193.0,,65.42,11.68,10.47,9.95,5.9,2.5,,,,,,,675.0,124.0,68.0,155.0,1.13,16.0,1.03,,,,,,,,,1,
MyFCD Current,R109009,"HEN EGG, LOWER CHOLESTROL, WITH VITAMIN E (TELUR AYAM RENDAH KOLESTROL, DENGAN VITAMIN E)","Hen Egg, Lower Cholestrol, With Vitamin E","TELUR AYAM RENDAH KOLESTROL, DENGAN VITAMIN E",Eggs,"Institute for Medical Research, Malaysia",2024-12-03,https://myfcd.moh.gov.my/myfcdcurrent/index.php/site/detail_product/R109009/0/10/-1/0/0,2026-09-05T14:52:28.506204+00:00,per_100g,100.0,g,1 whole,1.0,48.71,g,136.0,,12.77,2.03,1.35,0.37,0.5,0.2,,,,,,,25.0,15.0,6.0,20.0,0.32,2.0,0.17,,,,,,,,,1,
MyFCD Current,R109010,"HEN EGG, OMEGA 3 (TELUR AYAM OMEGA 3)","Hen Egg, Omega 3",TELUR AYAM OMEGA 3,Eggs,"Institute for Medical Research, Malaysia",2024-12-03,https://myfcd.moh.gov.my/myfcdcurrent/index.php/site/detail_product/R109010/0/10/-1/0/0,2026-09-05T14:52:28.789607+00:00,per_100g,100.0,g,1 whole,1.0,55.445,g,56.0,,30.76,5.06,3.72,0.16,0.6,0.4,,,,,,,65.0,40.0,14.0,49.0,0.78,4.0,0.44,,,,,,,,,1,
MyFCD Current,R110064,"EEEL, SWAMP, RAW (BELUT)","Eeel, Swamp, Raw",BELUT,"Fish, shellfish and products","Institute for Medical Research, Malaysia",2019-04-16,https://myfcd.moh.gov.my/myfcdcurrent/index.php/site/detail_product/R110064/0/10/-1/0/0,2026-09-05T14:52:29.125769+00:00,per_100g,100.0,g,,,,,380.0,,81.01,90.63,2.5,,,5.9,,,,,,,183.0,1455.0,453.0,943.0,4.8,87.0,7.13,,,,,,,,,1,
MyFCD Current,R110126,"SAUCE, OYSTER FLAVOURED","Sauce, Oyster Flavoured",,"Fish, shellfish and products","Institute for Medical Research, Malaysia",2024-12-03,https://myfcd.moh.gov.my/myfcdcurrent/index.php/site/detail_product/R110126/0/10/-1/0/0,2026-09-05T14:52:29.407567+00:00,per_100g,100.0,g,1 tablespoon,1.0,11.37,g,,,,,,,,,8.87,8.02,0.85,0.0,0.0,0.0,,,,,,,,,,,,,,,,1,
MyFCD Current,R111001,BUTTER (MENTEGA KURANG MASIN),Butter,MENTEGA KURANG MASIN,Milk and milk products,"Institute for Medical Research, Malaysia",2024-12-03,https://myfcd.moh.gov.my/myfcdcurrent/index.php/site/detail_product/R111001/0/10/-1/0/0,2026-09-05T14:52:29.686644+00:00,per_100g,100.0,g,1 tablespoon,1.0,11.993,g,,,,,,,,,,,,,,,,,,20.0,,,,,,,,,,,,1,
MyFCD Current,R111004,CHEESE SPREAD (KEJU SAPUAN),Cheese Spread,KEJU SAPUAN,Milk and milk products,"Institute for Medical Research, Malaysia",2024-12-03,https://myfcd.moh.gov.my/myfcdcurrent/index.php/site/detail_product/R111004/0/10/-1/0/0,2026-09-05T14:52:30.018134+00:00,per_100g,100.0,g,1 cube,1.0,10.1055,g,515.45,,,,23.09,76.91,,,,,,,,,,,,698.0,,,,,,,,,,,,1,
MyFCD Current,R111005,"CHEESE, BLUE (KEJU, BIRU)","Cheese, Blue","KEJU, BIRU",Milk and milk products,"Institute for Medical Research, Malaysia",2024-12-03,https://myfcd.moh.gov.my/myfcdcurrent/index.php/site/detail_product/R111005/0/10/-1/0/0,2026-09-05T14:52:30.299382+00:00,per_100g,100.0,g,1 cubic inch,1.0,27.251333,g,372.0,,41.75,18.06,27.86,20.95,0.0,4.2,,0.0,1.8,0.0,0.27,0.0,1013.0,,450.0,389.0,0.0,17.0,2.22,,,,,,,,,1,
MyFCD Current,R111007,"CHEESE, BRIE (KEJU, BRIE)","Cheese, Brie","KEJU, BRIE",Milk and milk products,"Institute for Medical Research, Malaysia",2024-12-03,https://myfcd.moh.gov.my/myfcdcurrent/index.php/site/detail_product/R111007/0/10/-1/0/0,2026-09-05T14:52:30.579986+00:00,per_100g,100.0,g,1 cube,1.0,21.2015,g,,,,,,,,,,,,,,,,,,285.0,,,,,,,,,,,,1,
MyFCD Current,R111008,"CHEESE, CAMEMBERT (KEJU, CAMEMBERT)","Cheese, Camembert","KEJU, CAMEMBERT",Milk and milk products,"Institute for Medical Research, Malaysia",2024-12-03,https://myfcd.moh.gov.my/myfcdcurrent/index.php/site/detail_product/R111008/0/10/-1/0/0,2026-09-05T14:52:30.857578+00:00,per_100g,100.0,g,1 cube,1.0,18.429,g,,,,,,,,,,,,,,,,245.0,,342.0,,,,,,,,,,,,1,
MyFCD Current,R111010,"CHEESE, CHEDDAR, REDUCED FAT (KEJU CHEDDAR, KURANG LEMAK)","Cheese, Cheddar, Reduced Fat","KEJU CHEDDAR, KURANG LEMAK",Milk and milk products,"Institute for Medical Research, Malaysia",2024-12-03,https://myfcd.moh.gov.my/myfcdcurrent/index.php/site/detail_product/R111010/0/10/-1/0/0,2026-09-05T14:52:31.172052+00:00,per_100g,100.0,g,1 cup,1.0,68.9895,g,,,,,,,,,,,,,,,,98.0,,450.0,,,,,,,,,,,,1,
MyFCD Current,R111011,"CHEESE, CHESDALE SLICES, PROCESSED (KEPINGAN KEJU CHESDALE)","Cheese, Chesdale Slices, Processed",KEPINGAN KEJU CHESDALE,Milk and milk products,"Institute for Medical Research, Malaysia",2024-12-03,https://myfcd.moh.gov.my/myfcdcurrent/index.php/site/detail_product/R111011/0/10/-1/0/0,2026-09-05T14:52:31.451628+00:00,per_100g,100.0,g,1 slice,1.0,19.63641667,g,,,,,,,,,,,,,,,,,,542.0,,,,,,,,,,,,1,
MyFCD Current,R111013,"CHEESE, COLBY (KEJU, COLBY)","Cheese, Colby","KEJU, COLBY",Milk and milk products,"Institute for Medical Research, Malaysia",2024-12-03,https://myfcd.moh.gov.my/myfcdcurrent/index.php/site/detail_product/R111013/0/10/-1/0/0,2026-09-05T14:52:31.732587+00:00,per_100g,100.0,g,1 cube,1.0,23.197,g,,,,,,,,,,,,,,,,,,461.0,,,,,,,,,,,,1,
MyFCD Current,R111015,"CHEESE, MOZARELLA (KEJU MOZARELLA)","Cheese, Mozarella",KEJU MOZARELLA,Milk and milk products,"Institute for Medical Research, Malaysia",2024-12-03,https://myfcd.moh.gov.my/myfcdcurrent/index.php/site/detail_product/R111015/0/10/-1/0/0,2026-09-05T14:52:32.063162+00:00,per_100g,100.0,g,,,,,,,,,,,,,,,,,,,,,,479.0,,,,,,,,,,,,1,
MyFCD Current,R111016,"CHEESE, PARMESAN (KEJU PARMESAN)","Cheese, Parmesan",KEJU PARMESAN,Milk and milk products,"Institute for Medical Research, Malaysia",2024-12-03,https://myfcd.moh.gov.my/myfcdcurrent/index.php/site/detail_product/R111016/0/10/-1/0/0,2026-09-05T14:52:32.342406+00:00,per_100g,100.0,g,1 cube,1.0,17.7875,g,,,,,,,,,,,,,,,,183.0,,640.0,,,,,,,,,,,,1,
MyFCD Current,R111019,"CHEESE, RICOTTA (KEJU, RICOTTA)","Cheese, Ricotta","KEJU, RICOTTA",Milk and milk products,"Institute for Medical Research, Malaysia",2024-12-03,https://myfcd.moh.gov.my/myfcdcurrent/index.php/site/detail_product/R111019/0/10/-1/0/0,2026-09-05T14:52:32.684864+00:00,per_100g,100.0,g,1 tablespoon,1.0,19.29533333,g,,,,,,,,,,,,,,,,,,123.0,,,,,,,,,,,,1,
MyFCD Current,R111020,"CREAM, WHIPPED (KRIM PUTAR)","Cream, Whipped",KRIM PUTAR,Milk and milk products,"Institute for Medical Research, Malaysia",2024-12-03,https://myfcd.moh.gov.my/myfcdcurrent/index.php/site/detail_product/R111020/0/10/-1/0/0,2026-09-05T14:52:33.009949+00:00,per_100g,100.0,g,1 tablespoon,1.0,10.58283333,g,,,,,,,,,,,,,,,,95.0,,52.0,,,,,,,,,,,,1,
MyFCD Current,R111021,CREAM CHEESE (KRIM KEJU),Cream Cheese,KRIM KEJU,Milk and milk products,"Institute for Medical Research, Malaysia",2024-12-03,https://myfcd.moh.gov.my/myfcdcurrent/index.php/site/detail_product/R111021/0/10/-1/0/0,2026-09-05T14:52:33.290380+00:00,per_100g,100.0,g,1 tablespoon,1.0,25.98866667,g,,,,,,,,,,,,,,,,,,86.0,,,,,,,,,,,,1,
MyFCD Current,R111023,"CREAMER, POWDER (KRIMER SERBUK)","Creamer, Powder",KRIMER SERBUK,Milk and milk products,"Institute for Medical Research, Malaysia",2026-06-24,https://myfcd.moh.gov.my/myfcdcurrent/index.php/site/detail_product/R111023/0/10/-1/0/0,2026-09-05T14:52:33.572761+00:00,per_100g,100.0,g,1 tablespoon,1.0,9.77035,g,490.0,,2.06,1.66,33.14,46.1,14.3,2.6,3.08,0.0,1.26,0.0,0.0,1.76,,663.0,,355.0,,,,,,,,,,,,1,
MyFCD Current,R111026,"MILK, PASTEURISED, CHOCOLATE FLAVOUR","Milk, Pasteurised, Chocolate Flavour",,Milk and milk products,"Institute for Medical Research, Malaysia",2024-12-03,https://myfcd.moh.gov.my/myfcdcurrent/index.php/site/detail_product/R111026/0/10/-1/0/0,2026-09-05T14:52:33.849727+00:00,per_100ml,100.0,ml,1 cup,1.0,200.0,ml,,,,,,,,,5.7,1.77,0.0,0.23,3.7,0.0,,,,,,,,,,,,,,,,1,
MyFCD Current,R111028,"MILK, COW, FRESH","Milk, Cow, Fresh",,Milk and milk products,"Institute for Medical Research, Malaysia",2026-06-26,https://myfcd.moh.gov.my/myfcdcurrent/index.php/site/detail_product/R111028/0/10/-1/0/0,2026-09-05T14:52:34.178699+00:00,per_100ml,100.0,ml,1 cup,1.0,200.0,ml,250.0,,52.45,11.1,13.91,19.98,0.0,2.6,4.38,0.0,0.0,0.0,4.38,0.0,,,,,,,,,,,,,,,,1,
MyFCD Current,R111029,"MILK DRINK, CULTURED","Milk Drink, Cultured",,Milk and milk products,"Institute for Medical Research, Malaysia",2026-06-26,https://myfcd.moh.gov.my/myfcdcurrent/index.php/site/detail_product/R111029/0/10/-1/0/0,2026-09-05T14:52:34.457606+00:00,per_100ml,100.0,ml,1 cup,1.0,200.0,ml,57.0,,85.5,1.13,0.11,12.82,0.3,0.2,8.04,4.15,1.29,1.21,1.39,0.0,,,,,,,,,,,,,,,,1,
MyFCD Current,R111044,"MILK, SWEETENED, CONDENSED","Milk, Sweetened, Condensed",,Milk and milk products,"Institute for Medical Research, Malaysia",2024-12-03,https://myfcd.moh.gov.my/myfcdcurrent/index.php/site/detail_product/R111044/0/10/-1/0/0,2026-09-05T14:52:34.887628+00:00,per_100g,100.0,g,1 tablespoon,1.0,13.17,g,,,,,,,,,43.57,34.94,0.0,0.0,8.63,0.0,,,,,,,,,,,,,,,,1,
MyFCD Current,R111045,"MILK, UHT, CHOCOLATE FLAVOUR","Milk, Uht, Chocolate Flavour",,Milk and milk products,"Institute for Medical Research, Malaysia",2026-06-26,https://myfcd.moh.gov.my/myfcdcurrent/index.php/site/detail_product/R111045/0/10/-1/0/0,2026-09-05T14:52:35.213310+00:00,per_100ml,100.0,ml,1 cup,1.0,200.0,ml,51.0,,85.77,2.56,0.69,8.73,1.4,0.8,6.34,2.07,0.0,0.39,3.88,0.0,,,,,,,,,,,,,,,,1,
MyFCD Current,R111047,"MILK, UHT, FULL CREAM","Milk, Uht, Full Cream",,Milk and milk products,"Institute for Medical Research, Malaysia",2026-06-23,https://myfcd.moh.gov.my/myfcdcurrent/index.php/site/detail_product/R111047/0/10/-1/0/0,2026-09-05T14:52:35.494447+00:00,per_100ml,100.0,ml,1 cup,1.0,200.0,ml,62.0,,87.5,2.83,3.42,4.96,0.7,0.6,4.25,0.0,0.0,0.0,4.25,0.0,,,,,,,,,,,,,,,,1,
MyFCD Current,R111048,"MILK, UHT, LOW FAT","Milk, Uht, Low Fat",,Milk and milk products,"Institute for Medical Research, Malaysia",2026-06-26,https://myfcd.moh.gov.my/myfcdcurrent/index.php/site/detail_product/R111048/0/10/-1/0/0,2026-09-05T14:52:35.777983+00:00,per_100ml,100.0,ml,1 cup,1.0,200.0,ml,55.0,,86.05,2.96,1.09,8.47,0.6,0.9,4.48,0.0,0.0,0.0,4.48,0.0,,,,,,,,,,,,,,,,1,
MyFCD Current,R111054,"YOGURT, DRINKING, PASTEURISED, NATURAL FLAVOUR","Yogurt, Drinking, Pasteurised, Natural Flavour",,Milk and milk products,"Institute for Medical Research, Malaysia",2026-06-26,https://myfcd.moh.gov.my/myfcdcurrent/index.php/site/detail_product/R111054/0/10/-1/0/0,2026-09-05T14:52:36.101761+00:00,per_100g,100.0,g,1 Glass,1.0,250.0,g,55.0,,83.72,10.32,2.34,6.07,2.8,2.6,6.34,3.59,0.56,0.41,1.78,0.0,,,,,,,,,,,,,,,,1,
MyFCD Current,R111057,"YOGURT, LOW FAT, NATURAL","Yogurt, Low Fat, Natural",,Milk and milk products,"Institute for Medical Research, Malaysia",2024-11-19,https://myfcd.moh.gov.my/myfcdcurrent/index.php/site/detail_product/R111057/0/10/-1/0/0,2026-09-05T14:52:36.403220+00:00,per_100g,100.0,g,1 cup,1.0,140.0,g,,,,,,,,,7.94,4.24,0.71,0.0,2.99,0.0,,,,,,,,,,,,,,,,1,
MyFCD Current,R111059,"ICE-CREAM, VANILLA","Ice-Cream, Vanilla",,Milk and milk products,"Institute for Medical Research, Malaysia",2026-06-24,https://myfcd.moh.gov.my/myfcdcurrent/index.php/site/detail_product/R111059/0/10/-1/0/0,2026-09-05T14:52:36.723592+00:00,per_100g,100.0,g,,,,,261.0,,47.66,2.4,11.8,36.33,0.6,1.2,29.37,17.51,0.11,0.0,10.76,0.99,,,,,,,,,,,,,,,,1,
MyFCD Current,R111060,"YOGURT, DRINKING, PASTEURISED, MIX FRUIT FLAVOURS","Yogurt, Drinking, Pasteurised, Mix Fruit Flavours",,Milk and milk products,"Institute for Medical Research, Malaysia",2022-09-15,https://myfcd.moh.gov.my/myfcdcurrent/index.php/site/detail_product/R111060/0/10/-1/0/0,2026-09-05T14:52:37.140937+00:00,per_100g,100.0,g,1 cup,1.0,250.0,g,,,,,,,,,4.6,3.21,,,1.39,,,,,,,,,,,,,,,,,1,
MyFCD Current,R111061,"YOGURT, FLAVOURED (STRAWBERRY, ETC)","Yogurt, Flavoured","STRAWBERRY, ETC",Milk and milk products,"Institute for Medical Research, Malaysia",2026-06-26,https://myfcd.moh.gov.my/myfcdcurrent/index.php/site/detail_product/R111061/0/10/-1/0/0,2026-09-05T14:52:37.436336+00:00,per_100g,100.0,g,1 cup,1.0,120.0,g,160.0,,64.9,4.89,5.17,23.41,0.5,1.1,8.61,2.87,1.43,0.88,3.42,0.0,,,,,,,,,,,,,,,,1,
MyFCD Current,R111062,CONDENSED/EVAPORATED MILK WITH ROSE CORDIAL (SIRAP BANDUNG),Condensed/Evaporated Milk With Rose Cordial,SIRAP BANDUNG,Milk and milk products,"Institute for Medical Research, Malaysia",2026-06-24,https://myfcd.moh.gov.my/myfcdcurrent/index.php/site/detail_product/R111062/0/10/-1/0/0,2026-09-05T14:52:37.714038+00:00,per_100ml,100.0,ml,1 Glass,1.0,250.0,ml,77.0,,82.74,4.67,2.66,8.68,0.9,0.3,8.68,7.25,0.0,0.0,1.43,0.0,,,,,,,,,,,,,,,,1,
MyFCD Current,R112001,"FISH OIL, COD LIVER OIL (MINYAK IKAN KOD)","Fish Oil, Cod Liver Oil",MINYAK IKAN KOD,Oils and fats,"Institute for Medical Research, Malaysia",2024-12-03,https://myfcd.moh.gov.my/myfcdcurrent/index.php/site/detail_product/R112001/0/10/-1/0/0,2026-09-05T14:52:38.042842+00:00,per_100g,100.0,g,1 tablespoon,1.0,10.719,g,,,,,,,,,,,,,,,,,,155.0,,,,,,,,,,,,1,
MyFCD Current,R112003,"MARGARINE SPREAD, WITH SALT (SAPUAN MERJERIN BERGARAM)","Margarine Spread, With Salt",SAPUAN MERJERIN BERGARAM,Oils and fats,"Institute for Medical Research, Malaysia",2024-12-03,https://myfcd.moh.gov.my/myfcdcurrent/index.php/site/detail_product/R112003/0/10/-1/0/0,2026-09-05T14:52:38.321304+00:00,per_100g,100.0,g,1 tablespoon,1.0,13.79575,g,,,,,,,,,,,,,,,,,,4.0,,,,,,,,,,,,1,
MyFCD Current,R112004,"MARGARINE SPREAD, WITHOUT SALT (SAPUAN MERJERIN TANPA GARAM)","Margarine Spread, Without Salt",SAPUAN MERJERIN TANPA GARAM,Oils and fats,"Institute for Medical Research, Malaysia",2024-12-03,https://myfcd.moh.gov.my/myfcdcurrent/index.php/site/detail_product/R112004/0/10/-1/0/0,2026-09-05T14:52:38.602337+00:00,per_100g,100.0,g,1 tablespoon,1.0,16.488,g,,,,,,,,,,,,,,,,38.0,,7.0,,,,,,,,,,,,1,
MyFCD Current,R112005,MAYONNAISE (MAYONIS),Mayonnaise,MAYONIS,Oils and fats,"Institute for Medical Research, Malaysia",2024-12-03,https://myfcd.moh.gov.my/myfcdcurrent/index.php/site/detail_product/R112005/0/10/-1/0/0,2026-09-05T14:52:38.905051+00:00,per_100g,100.0,g,1 tablespoon,1.0,9.118366667,g,433.0,,28.71,1.09,30.77,37.88,0.0,1.6,8.59,6.58,1.71,1.4,0.0,0.37,581.0,,10.0,25.0,0.08,1.0,0.29,,,,,,,,,1,
MyFCD Current,R112009,"OIL, BLEND (MINYAK CAMPURAN)","Oil, Blend",MINYAK CAMPURAN,Oils and fats,"Institute for Medical Research, Malaysia",2024-12-03,https://myfcd.moh.gov.my/myfcdcurrent/index.php/site/detail_product/R112009/0/10/-1/0/0,2026-09-05T14:52:39.232348+00:00,per_100g,100.0,g,1 tablespoon,1.0,2.793666667,g,896.14,,0.17,0.0,99.37,0.46,,,0.0,0.0,0.0,0.0,0.0,0.0,,,,0.0,,,,,,,,,,,,1,
MyFCD Current,R112011,"OIL, CANOLA (MINYAK CANOLA)","Oil, Canola",MINYAK CANOLA,Oils and fats,"Institute for Medical Research, Malaysia",2024-12-03,https://myfcd.moh.gov.my/myfcdcurrent/index.php/site/detail_product/R112011/0/10/-1/0/0,2026-09-05T14:52:39.523377+00:00,per_100g,100.0,g,1 tablespoon,1.0,4.674833333,g,896.87,,0.12,0.0,99.47,0.41,,,0.0,0.0,0.0,0.0,0.0,0.0,,,,0.0,,,,,,,,,,,,1,
MyFCD Current,R112013,"OIL, COCONUT (MINYAK KELAPA)","Oil, Coconut",MINYAK KELAPA,Oils and fats,"Institute for Medical Research, Malaysia",2024-12-03,https://myfcd.moh.gov.my/myfcdcurrent/index.php/site/detail_product/R112013/0/10/-1/0/0,2026-09-05T14:52:39.814792+00:00,per_100g,100.0,g,1 tablespoon,1.0,3.8986,g,897.33,,0.2,0.08,99.63,0.09,,,0.0,0.0,0.0,0.0,0.0,0.0,,,,0.0,,,,,,,,,,,,1,
MyFCD Current,R112021,"OIL, SUNFLOWER (MINYAK BUNGA MATAHARI)","Oil, Sunflower",MINYAK BUNGA MATAHARI,Oils and fats,"Institute for Medical Research, Malaysia",2024-12-03,https://myfcd.moh.gov.my/myfcdcurrent/index.php/site/detail_product/R112021/0/10/-1/0/0,2026-09-05T14:52:40.138044+00:00,per_100g,100.0,g,1 tablespoon,1.0,3.2925,g,896.21,,0.1,0.0,99.32,0.58,,,0.0,0.0,0.0,0.0,0.0,0.0,,,,0.0,,,,,,,,,,,,1,
MyFCD Current,R112022,"OIL, VEGETABLE (MINYAK SAYURAN)","Oil, Vegetable",MINYAK SAYURAN,Oils and fats,"Institute for Medical Research, Malaysia",2024-12-03,https://myfcd.moh.gov.my/myfcdcurrent/index.php/site/detail_product/R112022/0/10/-1/0/0,2026-09-05T14:52:40.418411+00:00,per_100g,100.0,g,1 tablespoon,1.0,3.308,g,897.68,,0.21,0.0,99.71,0.08,,,0.0,0.0,0.0,0.0,0.0,0.0,,,,0.0,,,,,,,,,,,,1,
MyFCD Current,R112023,"SAUCE, THOUSAND ISLAND","Sauce, Thousand Island",,Oils and fats,"Institute for Medical Research, Malaysia",2024-12-03,https://myfcd.moh.gov.my/myfcdcurrent/index.php/site/detail_product/R112023/0/10/-1/0/0,2026-09-05T14:52:40.713303+00:00,per_100g,100.0,g,1 tablespoon,1.0,14.9834,g,,,,,,,,,,,,,,,,89.0,,26.0,,,,,,,,,,,,1,
MyFCD Current,R112024,SOFT MARGARINE (MARJERIN LEMBUT),Soft Margarine,MARJERIN LEMBUT,Oils and fats,"Institute for Medical Research, Malaysia",2024-12-03,https://myfcd.moh.gov.my/myfcdcurrent/index.php/site/detail_product/R112024/0/10/-1/0/0,2026-09-05T14:52:41.026089+00:00,per_100g,100.0,g,1 tablespoon,1.0,18.6059,g,,,,,,,,,,,,,,,,17.0,,7.0,,,,,,,,,,,,1,
MyFCD Current,R113007,"DESSERT, CHILLED COCONUT MILK- & PALM SUGAR-BASED, WITH PANDAN JELLY NOODLES AND RED BEAN (CENDOL)","Dessert, Chilled Coconut Milk- & Palm Sugar-Based, With Pandan Jelly Noodles And Red Bean",CENDOL,Beverages,"Institute for Medical Research, Malaysia",2024-12-03,https://myfcd.moh.gov.my/myfcdcurrent/index.php/site/detail_product/R113007/0/10/-1/0/0,2026-09-05T14:52:41.304116+00:00,per_100ml,100.0,ml,,,,,,,,,,,,,16.86,15.28,0.54,0.59,0.44,0.0,,,,,,,,,,,,,,,,1,
MyFCD Current,R113009,"HOT CHOCOLATE, INSTANT PREMIX (WITH SUGAR, COCOA POWDER, CREAMER)","Hot Chocolate, Instant Premix","WITH SUGAR, COCOA POWDER, CREAMER",Beverages,"Institute for Medical Research, Malaysia",2026-06-24,https://myfcd.moh.gov.my/myfcdcurrent/index.php/site/detail_product/R113009/0/10/-1/0/0,2026-09-05T14:52:41.776045+00:00,per_100g,100.0,g,1 sachet,1.0,40.0,g,425.0,,1.41,4.34,14.88,68.48,7.7,3.2,55.78,54.36,0.26,0.0,0.0,1.16,,,,,,,,,,,,,,,,1,
MyFCD Current,R113020,ENERGY DRINK,Energy Drink,,Beverages,"Institute for Medical Research, Malaysia",2026-06-24,https://myfcd.moh.gov.my/myfcdcurrent/index.php/site/detail_product/R113020/0/10/-1/0/0,2026-09-05T14:52:42.093033+00:00,per_100ml,100.0,ml,1 cup,1.0,200.0,ml,52.0,,87.02,0.49,0.0,12.49,0.0,0.0,7.4,1.07,3.33,3.0,0.0,0.0,,,,,,,,,,,,,,,,1,
MyFCD Current,R113024,ISOTONIC DRINK,Isotonic Drink,,Beverages,"Institute for Medical Research, Malaysia",2026-06-24,https://myfcd.moh.gov.my/myfcdcurrent/index.php/site/detail_product/R113024/0/10/-1/0/0,2026-09-05T14:52:42.371723+00:00,per_100ml,100.0,ml,1 cup,1.0,200.0,ml,41.0,,89.64,0.0,0.0,10.34,0.0,0.0,6.73,2.68,2.19,1.86,0.0,0.0,,,,,,,,,,,,,,,,1,
MyFCD Current,R113026,"DESSERT, SWEET LOTUS SEED SOUP (LIN-CHI-KANG)","Dessert, Sweet Lotus Seed Soup",LIN-CHI-KANG,Beverages,"Institute for Medical Research, Malaysia",2024-12-03,https://myfcd.moh.gov.my/myfcdcurrent/index.php/site/detail_product/R113026/0/10/-1/0/0,2026-09-05T14:52:42.650790+00:00,per_100ml,100.0,ml,1 bowl,1.0,250.0,ml,,,,,,,,,17.16,13.89,1.69,1.58,0.0,0.0,,,,,,,,,,,,,,,,1,
MyFCD Current,R113039,FRUIT JUICE ORANGE,Fruit Juice Orange,,Beverages,"Institute for Medical Research, Malaysia",2026-06-24,https://myfcd.moh.gov.my/myfcdcurrent/index.php/site/detail_product/R113039/0/10/-1/0/0,2026-09-05T14:52:42.938363+00:00,per_100ml,100.0,ml,,,,,31.0,,92.5,0.64,0.78,5.38,0.1,0.6,5.49,1.44,1.91,1.96,0.06,0.12,,,,,,,,,,,,,,,,1,
MyFCD Current,R113050,"TEA, CHRYSANTHEMUM, PACKET, WITH ADDED SUGAR","Tea, Chrysanthemum, Packet, With Added Sugar",,Beverages,"Institute for Medical Research, Malaysia",2026-06-26,https://myfcd.moh.gov.my/myfcdcurrent/index.php/site/detail_product/R113050/0/10/-1/0/0,2026-09-05T14:52:43.260027+00:00,per_100ml,100.0,ml,1 cup,1.0,200.0,ml,19.0,,94.72,0.0,0.0,4.85,0.4,0.0,7.96,6.9,0.0,1.06,0.0,0.0,,,,,,,,,,,,,,,,1,
MyFCD Current,R113051,"TEA, GREEN, WITH ADDED SUGAR","Tea, Green, With Added Sugar",,Beverages,"Institute for Medical Research, Malaysia",2026-06-26,https://myfcd.moh.gov.my/myfcdcurrent/index.php/site/detail_product/R113051/0/10/-1/0/0,2026-09-05T14:52:43.547929+00:00,per_100ml,100.0,ml,1 cup,1.0,200.0,ml,23.0,,93.69,0.03,0.0,5.85,0.4,0.0,4.63,3.05,0.77,0.81,0.0,0.0,,,,,,,,,,,,,,,,1,
MyFCD Current,R113052,"TEA, KUNDUR, PACKET, WITH ADDED SUGAR","Tea, Kundur, Packet, With Added Sugar",,Beverages,"Institute for Medical Research, Malaysia",2024-12-03,https://myfcd.moh.gov.my/myfcdcurrent/index.php/site/detail_product/R113052/0/10/-1/0/0,2026-09-05T14:52:43.839554+00:00,per_100ml,100.0,ml,1 cup,1.0,200.0,ml,,,,,,,,,2.5,2.35,0.0,0.15,0.0,0.0,,,,,,,,,,,,,,,,1,
MyFCD Current,R113055,"TEA, STEVIA (TEH STEVIA)","Tea, Stevia",TEH STEVIA,Beverages,"Institute for Medical Research, Malaysia",2019-04-16,https://myfcd.moh.gov.my/myfcdcurrent/index.php/site/detail_product/R113055/0/10/-1/0/0,2026-09-05T14:52:44.163770+00:00,per_100g,100.0,g,1 tea bag,1.0,2.1736666666667,g,,,,,,,,,,,,,,,,,,231.0,,,,,,,,,,,,1,
MyFCD Current,R113056,CANNED COFFEE,Canned Coffee,,Beverages,"Institute for Medical Research, Malaysia",2024-12-03,https://myfcd.moh.gov.my/myfcdcurrent/index.php/site/detail_product/R113056/0/10/-1/0/0,2026-09-05T14:52:44.591710+00:00,per_100ml,100.0,ml,1 cup,1.0,200.0,ml,,,,,,,,,4.5,4.5,0.0,0.0,0.0,0.0,,,,,,,,,,,,,,,,1,
MyFCD Current,R113057,"MILK, MALTED (CHOCOLATE FLAVOUR)","Milk, Malted",CHOCOLATE FLAVOUR,Beverages,"Institute for Medical Research, Malaysia",2026-06-26,https://myfcd.moh.gov.my/myfcdcurrent/index.php/site/detail_product/R113057/0/10/-1/0/0,2026-09-05T14:52:44.875810+00:00,per_100ml,100.0,ml,1 cup,1.0,200.0,ml,58.0,,85.5,1.17,1.68,9.67,1.6,0.4,5.26,3.33,0.09,0.0,1.43,0.4,,,,,,,,,,,,,,,,1,
MyFCD Current,R113058,"SOYA BEAN DRINK, PACKET, WITH REGULAR ADDED SUGAR","Soya Bean Drink, Packet, With Regular Added Sugar",,Beverages,"Institute for Medical Research, Malaysia",2026-06-26,https://myfcd.moh.gov.my/myfcdcurrent/index.php/site/detail_product/R113058/0/10/-1/0/0,2026-09-05T14:52:45.194725+00:00,per_100ml,100.0,ml,1 cup,1.0,200.0,ml,55.0,,87.74,1.58,1.31,9.23,0.0,0.1,5.06,5.06,0.0,0.0,0.0,0.0,,,,,,,,,,,,,,,,1,
MyFCD Current,R113059,"TEA MIX, INSTANT","Tea Mix, Instant",,Beverages,"Institute for Medical Research, Malaysia",2024-12-03,https://myfcd.moh.gov.my/myfcdcurrent/index.php/site/detail_product/R113059/0/10/-1/0/0,2026-09-05T14:52:45.475122+00:00,per_100g,100.0,g,1 SACHET,1.0,14.5,g,,,,,,,,,73.57,73.57,0.0,0.0,0.0,0.0,,,,,,,,,,,,,,,,1,
MyFCD Current,R113060,"TEA, ICE LEMON, PACKET, WITH ADDED SUGAR","Tea, Ice Lemon, Packet, With Added Sugar",,Beverages,"Institute for Medical Research, Malaysia",2026-06-26,https://myfcd.moh.gov.my/myfcdcurrent/index.php/site/detail_product/R113060/0/10/-1/0/0,2026-09-05T14:52:45.754760+00:00,per_100ml,100.0,ml,1 cup,1.0,200.0,ml,35.0,,91.29,0.0,0.0,8.71,0.0,0.0,7.92,2.49,2.52,2.69,0.0,0.21,,,,,,,,,,,,,,,,1,
MyFCD Current,R113061,"FLAVOURED DRINK, COLA TYPE","Flavoured Drink, Cola Type",,Beverages,"Institute for Medical Research, Malaysia",2024-12-03,https://myfcd.moh.gov.my/myfcdcurrent/index.php/site/detail_product/R113061/0/10/-1/0/0,2026-09-05T14:52:46.075729+00:00,per_100ml,100.0,ml,1 cup,1.0,200.0,ml,,,,,,,,,4.54,0.4,2.13,2.02,0.0,0.0,,,,,,,,,,,,,,,,1,
MyFCD Current,R113062,"FRUIT JUICE DRINK, ORANGE","Fruit Juice Drink, Orange",,Beverages,"Institute for Medical Research, Malaysia",2024-11-28,https://myfcd.moh.gov.my/myfcdcurrent/index.php/site/detail_product/R113062/0/10/-1/0/0,2026-09-05T14:52:46.354286+00:00,per_100ml,100.0,ml,,,,,,,,,,,,,5.83,3.96,1.06,0.75,0.06,0.0,,,,,,,,,,,,,,,,1,
MyFCD Current,R113063,"FRUIT DRINK, ORANGE","Fruit Drink, Orange",,Beverages,"Institute for Medical Research, Malaysia",2026-06-24,https://myfcd.moh.gov.my/myfcdcurrent/index.php/site/detail_product/R113063/0/10/-1/0/0,2026-09-05T14:52:46.654354+00:00,per_100ml,100.0,ml,1 Glass,1.0,250.0,ml,50.0,,90.1,0.06,2.49,6.84,0.5,0.0,5.62,3.01,1.11,1.5,0.0,0.0,,,,,,,,,,,,,,,,1,
MyFCD Current,R113064,"FRUIT JUICE, FRESH, ORANGE","Fruit Juice, Fresh, Orange",,Beverages,"Institute for Medical Research, Malaysia",2026-06-24,https://myfcd.moh.gov.my/myfcdcurrent/index.php/site/detail_product/R113064/0/10/-1/0/0,2026-09-05T14:52:46.935352+00:00,per_100ml,100.0,ml,,,,,51.0,,86.59,0.13,0.09,12.42,0.7,0.1,7.2,5.64,0.49,1.09,0.0,0.0,,,,,,,,,,,,,,,,1,
MyFCD Current,R114007,CHOCOLATE (COKLAT BERTIH),Chocolate,COKLAT BERTIH,Miscellaneous,"Institute for Medical Research, Malaysia",2024-11-28,https://myfcd.moh.gov.my/myfcdcurrent/index.php/site/detail_product/R114007/0/10/-1/0/0,2026-09-05T14:52:47.254476+00:00,per_100g,100.0,g,1 piece,1.0,11.0,g,,,,,,,,,,,,,,,,485.0,,162.0,,,,,,,,,,,,1,
MyFCD Current,R114012,"CHOCOLATE, BREAD SPREAD","Chocolate, Bread Spread",,Miscellaneous,"Institute for Medical Research, Malaysia",2024-11-28,https://myfcd.moh.gov.my/myfcdcurrent/index.php/site/detail_product/R114012/0/10/-1/0/0,2026-09-05T14:52:47.539032+00:00,per_100g,100.0,g,1 tablespoon,1.0,30.0,g,,,,,,,,,,,,,,,,,,109.0,,,,,,,,,,,,1,
MyFCD Current,R114013,"CHOCOLATE, CASHEW NUT (COKLAT KACANG GAJUS)","Chocolate, Cashew Nut",COKLAT KACANG GAJUS,Miscellaneous,"Institute for Medical Research, Malaysia",2024-11-28,https://myfcd.moh.gov.my/myfcdcurrent/index.php/site/detail_product/R114013/0/10/-1/0/0,2026-09-05T14:52:47.827718+00:00,per_100g,100.0,g,1 small bar,1.0,4.17,g,,,,,,,,,,,,,,,,,,250.0,,,,,,,,,,,,1,
MyFCD Current,R114015,"CHOCOLATE, HAZELNUT (COKLAT KACANG BADAM)","Chocolate, Hazelnut",COKLAT KACANG BADAM,Miscellaneous,"Institute for Medical Research, Malaysia",2024-11-28,https://myfcd.moh.gov.my/myfcdcurrent/index.php/site/detail_product/R114015/0/10/-1/0/0,2026-09-05T14:52:48.155951+00:00,per_100g,100.0,g,1 small bar,1.0,5.2405,g,544.49,,1.29,9.43,29.93,59.36,,,,,,,,,,,205.0,198.0,,82.0,,,,,,,,,,1,
MyFCD Current,R114016,"CHOCOLATE, MILK (COKLAT SUSU)","Chocolate, Milk",COKLAT SUSU,Miscellaneous,"Institute for Medical Research, Malaysia",2024-11-28,https://myfcd.moh.gov.my/myfcdcurrent/index.php/site/detail_product/R114016/0/10/-1/0/0,2026-09-05T14:52:48.435719+00:00,per_100g,100.0,g,1 small bar,1.0,4.2,g,,,,,,,,,13.83,10.26,0.0,0.0,3.58,0.0,,,,,,,,,,,,,,,,1,
MyFCD Current,R114017,"CHOCOLATE, RAISIN (COKLAT BERKISMIS)","Chocolate, Raisin",COKLAT BERKISMIS,Miscellaneous,"Institute for Medical Research, Malaysia",2026-06-24,https://myfcd.moh.gov.my/myfcdcurrent/index.php/site/detail_product/R114017/0/10/-1/0/0,2026-09-05T14:52:48.716445+00:00,per_100g,100.0,g,1 piece,1.0,2.81,g,528.0,,2.76,7.78,32.63,50.76,3.9,2.2,11.46,7.15,1.15,0.95,1.26,0.95,,,,,,,,,,,,,,,,1,
MyFCD Current,R114018,"CHOCOLATE, ROASTED ALMOND (COKLAT DENGAN KACANG BADAM)","Chocolate, Roasted Almond",COKLAT DENGAN KACANG BADAM,Miscellaneous,"Institute for Medical Research, Malaysia",2024-11-28,https://myfcd.moh.gov.my/myfcdcurrent/index.php/site/detail_product/R114018/0/10/-1/0/0,2026-09-05T14:52:49.048600+00:00,per_100g,100.0,g,1 small bar,1.0,5.43825,g,,,,,,,,,,,,,,,,524.0,,247.0,,,,,,,,,,,,1,
MyFCD Current,R114019,"CHOCOLATE, WHITE (COKLAT PUTIH)","Chocolate, White",COKLAT PUTIH,Miscellaneous,"Institute for Medical Research, Malaysia",2024-11-28,https://myfcd.moh.gov.my/myfcdcurrent/index.php/site/detail_product/R114019/0/10/-1/0/0,2026-09-05T14:52:49.330221+00:00,per_100g,100.0,g,1 small bar,1.0,5.81094,g,,,,,,,,,,,,,,,,344.0,,169.0,,,,,,,,,,,,1,
MyFCD Current,R114025,"CHOCOLATE, MIXED NUTS (COKLAT KACANG CAMPURAN)","Chocolate, Mixed Nuts",COKLAT KACANG CAMPURAN,Miscellaneous,"Institute for Medical Research, Malaysia",2024-11-28,https://myfcd.moh.gov.my/myfcdcurrent/index.php/site/detail_product/R114025/0/10/-1/0/0,2026-09-05T14:52:49.790456+00:00,per_100g,100.0,g,1 small bar,1.0,4.2022,g,,,,,,,,,,,,,,,,390.0,,221.0,,,,,,,,,,,,1,
MyFCD Current,R114047,PLUM SAUCE (SOS PLUM),Plum Sauce,SOS PLUM,Miscellaneous,"Institute for Medical Research, Malaysia",2024-11-28,https://myfcd.moh.gov.my/myfcdcurrent/index.php/site/detail_product/R114047/0/10/-1/0/0,2026-09-05T14:52:50.113171+00:00,per_100g,100.0,g,1 piece,1.0,9.566683333,g,,,,,,,,,,,,,,,,,,14.0,,,,,,,,,,,,1,
MyFCD Current,R114053,VANILLA WAFER (WAFER VANILLA),Vanilla Wafer,WAFER VANILLA,Miscellaneous,"Institute for Medical Research, Malaysia",2024-11-28,https://myfcd.moh.gov.my/myfcdcurrent/index.php/site/detail_product/R114053/0/10/-1/0/0,2026-09-05T14:52:50.641105+00:00,per_100g,100.0,g,1 piece,1.0,9.6641,g,,,,,,,,,,,,,,,202.0,240.0,140.0,97.0,,,,,,,,,,,,1,
MyFCD Current,R114056,"WAFER, ORANGE FLAVOR (WAFER BERPERISA OREN)","Wafer, Orange Flavor",WAFER BERPERISA OREN,Miscellaneous,"Institute for Medical Research, Malaysia",2024-11-28,https://myfcd.moh.gov.my/myfcdcurrent/index.php/site/detail_product/R114056/0/10/-1/0/0,2026-09-05T14:52:50.921268+00:00,per_100g,100.0,g,1 piece,1.0,4.12725,g,,,,,,,,,,,,,,,226.0,237.0,91.0,111.0,,,,,,,,,,,,1,
MyFCD Current,R114057,"WAFER, STRAWBERRY FLAVOR (WAFER BERPERISA STRAWBERI)","Wafer, Strawberry Flavor",WAFER BERPERISA STRAWBERI,Miscellaneous,"Institute for Medical Research, Malaysia",2024-11-28,https://myfcd.moh.gov.my/myfcdcurrent/index.php/site/detail_product/R114057/0/10/-1/0/0,2026-09-05T14:52:51.250050+00:00,per_100g,100.0,g,1 piece,1.0,2.98084,g,,,,,,,,,,,,,,,,137.0,,103.0,,,,,,,,,,,,1,
MyFCD Current,R114062,CHOCOLATE SPREAD,Chocolate Spread,,Miscellaneous,"Institute for Medical Research, Malaysia",2024-11-28,https://myfcd.moh.gov.my/myfcdcurrent/index.php/site/detail_product/R114062/0/10/-1/0/0,2026-09-05T14:52:51.539254+00:00,per_100g,100.0,g,1 tablespoon,1.0,25.48,g,,,,,,,,,19.79,14.97,10.64,0.0,0.0,1.27,,,,,,,,,,,,,,,,1,
MyFCD Current,R211005,"TRADITIONAL MALAYSIAN KUIH, STEAMED GLUTINOUS RICE BALLS COATED WITH SESAME/PEANUT SUGAR CRUMBS (MOCHI@CHEE-PAH)","Traditional Malaysian Kuih, Steamed Glutinous Rice Balls Coated With Sesame/Peanut Sugar Crumbs",MOCHI@CHEE-PAH,Rice and rice flour based,"Institute for Medical Research, Malaysia",2026-06-26,https://myfcd.moh.gov.my/myfcdcurrent/index.php/site/detail_product/R211005/0/10/-1/0/0,2026-09-05T14:52:51.821746+00:00,per_100g,100.0,g,1 piece,1.0,13.32,g,380.0,,17.95,9.05,14.02,54.47,3.7,0.8,4.75,4.75,0.0,0.0,0.0,0.0,,,,,,,,,,,,,,,,1,
MyFCD Current,R211018,"TRADITIONAL MALAYSIAN KUIH, STEAMED RICE FLOUR WITH COCONUT MILK AND SUGAR IN SMALL MOULD, SERVED WITH GRATED COCONUT (KUIH LOMPANG)","Traditional Malaysian Kuih, Steamed Rice Flour With Coconut Milk And Sugar In Small Mould, Served With Grated Coconut",KUIH LOMPANG,Rice and rice flour based,"Institute for Medical Research, Malaysia",2024-11-28,https://myfcd.moh.gov.my/myfcdcurrent/index.php/site/detail_product/R211018/0/10/-1/0/0,2026-09-05T14:52:52.135511+00:00,per_100g,100.0,g,,,,,253.0,,35.57,2.88,1.65,56.77,2.1,1.0,16.52,16.29,0.0,0.23,0.0,0.0,,,,,,,,,,,,,,,,1,
MyFCD Current,R211030,"TRADITIONAL MALAYSIAN KUIH, STEAMED RICE CAKE WITH COCONUT AND PALM SUGAR,  CYLINDRICAL-SHAPED AND GREEN-COLORED (PUTU BAMBU)","Traditional Malaysian Kuih, Steamed Rice Cake With Coconut And Palm Sugar,  Cylindrical-Shaped And Green-Colored",PUTU BAMBU,Rice and rice flour based,"Institute for Medical Research, Malaysia",2026-06-26,https://myfcd.moh.gov.my/myfcdcurrent/index.php/site/detail_product/R211030/0/10/-1/0/0,2026-09-05T14:52:52.418745+00:00,per_100g,100.0,g,1 piece,1.0,47.18,g,247.0,,36.24,3.58,2.22,53.22,3.8,1.0,10.19,8.56,0.37,1.25,,,,,,,,,,,,,,,,,,1,
MyFCD Current,R211037,"TRADITIONAL MALAYSIAN KUIH, TWO LAYERED STEAMED CAKE, TARO AND COCONUT MILK (KUIH TALAM KELADI)","Traditional Malaysian Kuih, Two Layered Steamed Cake, Taro And Coconut Milk",KUIH TALAM KELADI,Rice and rice flour based,"Institute for Medical Research, Malaysia",2024-11-28,https://myfcd.moh.gov.my/myfcdcurrent/index.php/site/detail_product/R211037/0/10/-1/0/0,2026-09-05T14:52:52.698957+00:00,per_100g,100.0,g,1 slice,1.0,38.47,g,,,,,,,,,10.99,10.99,0.0,0.0,0.0,0.0,,,,,,,,,,,,,,,,1,
MyFCD Current,R211039,KUIH TALAM LABU,Kuih Talam Labu,,Rice and rice flour based,"Institute for Medical Research, Malaysia",2024-11-28,https://myfcd.moh.gov.my/myfcdcurrent/index.php/site/detail_product/R211039/0/10/-1/0/0,2026-09-05T14:52:53.024443+00:00,per_100g,100.0,g,1 piece,1.0,51.5,g,,,,,,,,,9.49,9.37,0.08,0.04,0.0,0.0,,,,,,,,,,,,,,,,1,
MyFCD Current,R211044,"TRADITIONAL MALAYSIAN KUIH, SWEET GLUTINOUS RICE CAKE (WAJIK)","Traditional Malaysian Kuih, Sweet Glutinous Rice Cake",WAJIK,Rice and rice flour based,"Institute for Medical Research, Malaysia",2024-11-28,https://myfcd.moh.gov.my/myfcdcurrent/index.php/site/detail_product/R211044/0/10/-1/0/0,2026-09-05T14:52:53.380918+00:00,per_100g,100.0,g,1 slice,1.0,20.0,g,,,,,,,,,10.8,9.84,0.62,0.34,0.0,0.0,,,,,,,,,,,,,,,,1,
MyFCD Current,R211045,"DESSERT, RED TORTOISE CAKE (KUIH ANG KOO)","Dessert, Red Tortoise Cake",KUIH ANG KOO,Rice and rice flour based,"Institute for Medical Research, Malaysia",2024-11-25,https://myfcd.moh.gov.my/myfcdcurrent/index.php/site/detail_product/R211045/0/10/-1/0/0,2026-09-05T14:52:53.658876+00:00,per_100g,100.0,g,1 piece,1.0,60.63,g,,,,,,,,,6.26,6.26,0.0,0.0,0.0,0.0,,,,,,,,,,,,,,,,1,
MyFCD Current,R212003,BAHULU KEMBOJA,Bahulu Kemboja,,Wheat flour based,"Institute for Medical Research, Malaysia",2019-04-16,https://myfcd.moh.gov.my/myfcdcurrent/index.php/site/detail_product/R212003/0/10/-1/0/0,2026-09-05T14:52:53.973080+00:00,per_100g,100.0,g,1 piece,1.0,236.5,g,209.53,,49.6,6.5,8.65,26.43,8.3,0.5,,,,,,,35.0,112.0,2.0,70.0,,18.0,0.51,,,,,,,,,1,
MyFCD Current,R212005,KEK PISANG,Kek Pisang,,Wheat flour based,"Institute for Medical Research, Malaysia",2024-11-25,https://myfcd.moh.gov.my/myfcdcurrent/index.php/site/detail_product/R212005/0/10/-1/0/0,2026-09-05T14:52:54.293511+00:00,per_100g,100.0,g,1 piece,1.0,15.0,g,316.58,,32.3,5.67,13.91,42.19,4.8,1.1,25.25,22.49,1.4,1.37,0.0,0.0,120.0,206.0,1.0,83.0,0.91,19.0,0.43,,,,,,,,,1,
MyFCD Current,R212007,"DESSERT, FRUIT CAKE (KEK BUAH)","Dessert, Fruit Cake",KEK BUAH,Wheat flour based,"Institute for Medical Research, Malaysia",2024-11-25,https://myfcd.moh.gov.my/myfcdcurrent/index.php/site/detail_product/R212007/0/10/-1/0/0,2026-09-05T14:52:54.571929+00:00,per_100g,100.0,g,1 slice,1.0,25.3,g,,,,,,,,,14.78,7.31,3.34,3.71,0.0,0.42,,,,,,,,,,,,,,,,1,
MyFCD Current,R212009,"CAKE, SPONGE (KEK SPAN)","Cake, Sponge",KEK SPAN,Wheat flour based,"Institute for Medical Research, Malaysia",2026-06-23,https://myfcd.moh.gov.my/myfcdcurrent/index.php/site/detail_product/R212009/0/10/-1/0/0,2026-09-05T14:52:54.855215+00:00,per_100g,100.0,g,1 slice,1.0,18.78,g,402.0,,17.38,7.12,18.78,51.03,4.5,1.2,9.09,9.09,0.0,0.0,0.0,0.0,,,,,,,,,,,,,,,,1,
MyFCD Current,R212010,"CAKE, SWISS ROLL (KEK SWISS ROLL)","Cake, Swiss Roll",KEK SWISS ROLL,Wheat flour based,"Institute for Medical Research, Malaysia",2024-11-25,https://myfcd.moh.gov.my/myfcdcurrent/index.php/site/detail_product/R212010/0/10/-1/0/0,2026-09-05T14:52:55.174042+00:00,per_100g,100.0,g,1 slice,1.0,28.63,g,,,,,,,,,14.68,13.74,0.45,0.49,0.0,0.0,,,,,,,,,,,,,,,,1,
MyFCD Current,R212011,"CAKE, SWISS ROLL, CHOCOLATE FLAVOUR (KEK SWISS ROLL PERASA COKLAT)","Cake, Swiss Roll, Chocolate Flavour",KEK SWISS ROLL PERASA COKLAT,Wheat flour based,"Institute for Medical Research, Malaysia",2026-06-23,https://myfcd.moh.gov.my/myfcdcurrent/index.php/site/detail_product/R212011/0/10/-1/0/0,2026-09-05T14:52:55.457128+00:00,per_100g,100.0,g,1 slice,1.0,52.15,g,381.0,,30.16,10.91,28.18,21.01,8.2,1.5,12.48,11.36,0.76,0.35,0.0,0.0,,,,,,,,,,,,,,,,1,
MyFCD Current,R212017,CUCUR BAWANG,Cucur Bawang,,Wheat flour based,"Institute for Medical Research, Malaysia",2024-11-25,https://myfcd.moh.gov.my/myfcdcurrent/index.php/site/detail_product/R212017/0/10/-1/0/0,2026-09-05T14:52:55.739292+00:00,per_100g,100.0,g,1 piece,1.0,27.0,g,241.41,,43.5,6.64,6.42,39.26,2.6,1.6,6.7,4.82,0.0,0.77,0.0,1.12,444.0,77.0,3.0,65.0,2.04,21.0,0.54,,,,,,,,,1,
MyFCD Current,R212026,"CAKE, CUP, WITH FROSTING/GLAZE (KEK CAWAN)","Cake, Cup, With Frosting/Glaze",KEK CAWAN,Wheat flour based,"Institute for Medical Research, Malaysia",2024-11-25,https://myfcd.moh.gov.my/myfcdcurrent/index.php/site/detail_product/R212026/0/10/-1/0/0,2026-09-05T14:52:56.065802+00:00,per_100g,100.0,g,1 piece,1.0,48.36,g,,,,,,,,,13.66,12.98,0.0,0.0,0.69,0.0,,,,,,,,,,,,,,,,1,
MyFCD Current,R212032,KARIPAP SARDIN,Karipap Sardin,,Wheat flour based,"Institute for Medical Research, Malaysia",2024-11-25,https://myfcd.moh.gov.my/myfcdcurrent/index.php/site/detail_product/R212032/0/10/-1/0/0,2026-09-05T14:52:56.443368+00:00,per_100g,100.0,g,1 piece,1.0,26.0,g,388.02,,22.7,8.2,21.8,39.76,6.4,1.2,7.08,5.22,0.37,0.74,0.0,0.72,,113.0,4.0,82.0,0.77,16.0,0.46,,,,,,,,,1,
MyFCD Current,R212056,"TRADITIONAL MALAYSIAN KUIH, CINNAMON ROLLS  (KUIH CEMPIANG)","Traditional Malaysian Kuih, Cinnamon Rolls",KUIH CEMPIANG,Wheat flour based,"Institute for Medical Research, Malaysia",2024-11-25,https://myfcd.moh.gov.my/myfcdcurrent/index.php/site/detail_product/R212056/0/10/-1/0/0,2026-09-05T14:52:56.721977+00:00,per_100g,100.0,g,1 piece,1.0,72.31,g,,,,,,,,,5.05,2.47,0.91,1.19,0.13,0.35,,,,,,,,,,,,,,,,1,
MyFCD Current,R212057,CARA BERLAUK,Cara Berlauk,,Wheat flour based,"Institute for Medical Research, Malaysia",2024-11-25,https://myfcd.moh.gov.my/myfcdcurrent/index.php/site/detail_product/R212057/0/10/-1/0/0,2026-09-05T14:52:57.039556+00:00,per_100g,100.0,g,1 piece,1.0,13.5,g,141.76,,62.9,5.68,1.75,25.83,3.1,0.8,2.78,0.0,0.0,0.99,0.0,1.79,118.0,82.0,2.0,51.0,0.7,19.0,0.43,,,,,,,,,1,
MyFCD Current,R212058,CARA MANIS,Cara Manis,,Wheat flour based,"Institute for Medical Research, Malaysia",2024-11-25,https://myfcd.moh.gov.my/myfcdcurrent/index.php/site/detail_product/R212058/0/10/-1/0/0,2026-09-05T14:52:57.326437+00:00,per_100g,100.0,g,1 piece,1.0,27.0,g,169.61,,56.8,4.71,2.85,31.27,3.7,0.7,6.33,0.0,0.37,2.36,0.0,3.61,,73.0,1.0,50.0,0.73,18.0,0.39,,,,,,,,,1,
MyFCD Current,R212071,LEPAT LABU,Lepat Labu,,Wheat flour based,"Institute for Medical Research, Malaysia",2024-11-25,https://myfcd.moh.gov.my/myfcdcurrent/index.php/site/detail_product/R212071/0/10/-1/0/0,2026-09-05T14:52:57.609299+00:00,per_100g,100.0,g,1 piece,1.0,65.0,g,169.23,,57.35,3.0,2.98,32.6,4.1,,5.98,0.0,0.0,5.98,0.0,0.0,,,,48.0,,,,,,,,,,,,1,
MyFCD Current,R212074,"DESSERT, MOON CAKES RED BEAN","Dessert, Moon Cakes Red Bean",,Wheat flour based,"Institute for Medical Research, Malaysia",2024-11-25,https://myfcd.moh.gov.my/myfcdcurrent/index.php/site/detail_product/R212074/0/10/-1/0/0,2026-09-05T14:52:57.887048+00:00,per_100g,100.0,g,1 piece,1.0,180.0,g,,,,,,,,,11.0,8.7,1.06,0.99,0.0,0.24,,,,,,,,,,,,,,,,1,
MyFCD Current,R212078,ROTI JALA,Roti Jala,,Wheat flour based,"Institute for Medical Research, Malaysia",2024-11-25,https://myfcd.moh.gov.my/myfcdcurrent/index.php/site/detail_product/R212078/0/10/-1/0/0,2026-09-05T14:52:58.203464+00:00,per_100g,100.0,g,1 piece,1.0,23.0,g,184.12,,53.7,5.2,3.37,33.25,3.5,1.0,,,,,,,241.0,69.0,3.0,58.0,0.89,16.0,0.47,,,,,,,,,1,
MyFCD Current,R212084,"CAKE, CHEESE (KEK KEJU)","Cake, Cheese",KEK KEJU,Wheat flour based,"Institute for Medical Research, Malaysia",2024-11-25,https://myfcd.moh.gov.my/myfcdcurrent/index.php/site/detail_product/R212084/0/10/-1/0/0,2026-09-05T14:52:58.484368+00:00,per_100g,100.0,g,1 slice,1.0,129.63,g,,,,,,,,,17.29,11.7,1.18,1.1,3.32,0.0,,,,,,,,,,,,,,,,1,
MyFCD Current,R212085,"CAKE, CHOCOLATE (KEK COKLAT)","Cake, Chocolate",KEK COKLAT,Wheat flour based,"Institute for Medical Research, Malaysia",2024-11-25,https://myfcd.moh.gov.my/myfcdcurrent/index.php/site/detail_product/R212085/0/10/-1/0/0,2026-09-05T14:52:58.762078+00:00,per_100g,100.0,g,1 slice,1.0,74.74,g,,,,,,,,,9.21,8.43,0.41,0.37,0.0,0.0,,,,,,,,,,,,,,,,1,
MyFCD Current,R212086,"DESSERT, HONEYCOMB CAKE (KEK GULA HANGUS)","Dessert, Honeycomb Cake",KEK GULA HANGUS,Wheat flour based,"Institute for Medical Research, Malaysia",2024-11-25,https://myfcd.moh.gov.my/myfcdcurrent/index.php/site/detail_product/R212086/0/10/-1/0/0,2026-09-05T14:52:59.085183+00:00,per_100g,100.0,g,1 piece,1.0,88.16,g,,,,,,,,,10.27,5.01,3.09,1.67,0.31,0.19,,,,,,,,,,,,,,,,1,
MyFCD Current,R212087,"DESSERT, LAYER CAKE (KEK LAPIS SARAWAK)","Dessert, Layer Cake",KEK LAPIS SARAWAK,Wheat flour based,"Institute for Medical Research, Malaysia",2026-06-26,https://myfcd.moh.gov.my/myfcdcurrent/index.php/site/detail_product/R212087/0/10/-1/0/0,2026-09-05T14:52:59.688472+00:00,per_100g,100.0,g,1 slice,1.0,29.6,g,429.0,,19.51,8.28,25.57,41.44,4.1,1.1,3.99,3.99,0.0,0.0,0.0,0.0,,,,,,,,,,,,,,,,1,
MyFCD Current,R212088,"PASTRY, DANISH","Pastry, Danish",,Wheat flour based,"Institute for Medical Research, Malaysia",2024-11-25,https://myfcd.moh.gov.my/myfcdcurrent/index.php/site/detail_product/R212088/0/10/-1/0/0,2026-09-05T14:53:00.164534+00:00,per_100g,100.0,g,1 piece,1.0,77.26,g,,,,,,,,,5.89,2.61,1.68,1.6,0.0,0.0,,,,,,,,,,,,,,,,1,
MyFCD Current,R212089,"PASTRY, PUFF, APPLE FILLING","Pastry, Puff, Apple Filling",,Wheat flour based,"Institute for Medical Research, Malaysia",2024-11-25,https://myfcd.moh.gov.my/myfcdcurrent/index.php/site/detail_product/R212089/0/10/-1/0/0,2026-09-05T14:53:00.444224+00:00,per_100g,100.0,g,1 piece,1.0,84.34,g,392.0,,20.45,5.46,17.99,52.15,3.0,1.0,7.7,3.22,1.73,2.32,0.0,0.43,,,,,,,,,,,,,,,,1,
MyFCD Current,R212090,"PASTRY, PUFF, CHOCOLATE FILLING","Pastry, Puff, Chocolate Filling",,Wheat flour based,"Institute for Medical Research, Malaysia",2024-11-25,https://myfcd.moh.gov.my/myfcdcurrent/index.php/site/detail_product/R212090/0/10/-1/0/0,2026-09-05T14:53:00.724464+00:00,per_100g,100.0,g,1 piece,1.0,31.08,g,,,,,,,,,10.48,5.47,0.72,1.35,2.13,0.8,,,,,,,,,,,,,,,,1,
MyFCD Current,R212091,"TRADITIONAL MALAYSIAN KUIH, MINI EGG SPONGE CAKE (BAHULU CERMAI)","Traditional Malaysian Kuih, Mini Egg Sponge Cake",BAHULU CERMAI,Wheat flour based,"Institute for Medical Research, Malaysia",2026-06-26,https://myfcd.moh.gov.my/myfcdcurrent/index.php/site/detail_product/R212091/0/10/-1/0/0,2026-09-05T14:53:01.196496+00:00,per_100g,100.0,g,1 piece,1.0,7.47,g,359.0,,14.44,8.89,5.68,68.11,2.0,0.9,22.75,21.11,0.78,0.86,0.0,0.0,,,,,,,,,,,,,,,,1,
MyFCD Current,R212092,"DESSERT, MOON CAKES PURE LOTUS","Dessert, Moon Cakes Pure Lotus",,Wheat flour based,"Institute for Medical Research, Malaysia",2024-11-25,https://myfcd.moh.gov.my/myfcdcurrent/index.php/site/detail_product/R212092/0/10/-1/0/0,2026-09-05T14:53:01.475151+00:00,per_100g,100.0,g,1 piece,1.0,180.0,g,,,,,,,,,10.25,8.13,1.07,1.05,0.0,0.0,,,,,,,,,,,,,,,,1,
MyFCD Current,R213004,KOLEH KACANG,Koleh Kacang,,Legume based,"Institute for Medical Research, Malaysia",2019-04-16,https://myfcd.moh.gov.my/myfcdcurrent/index.php/site/detail_product/R213004/0/10/-1/0/0,2026-09-05T14:53:01.760282+00:00,per_100g,100.0,g,1 piece,1.0,49.0,g,175.52,,53.9,4.65,6.65,24.27,10.5,,4.35,,,4.34,,,,,,85.0,,,,,,,,,,,,1,
MyFCD Current,R213007,"TRADITIONAL MALAYSIAN KUIH, FLOUR AND GHEE SUGAR BASED, SPHERE-SHAPED SWEETS (LADDU)","Traditional Malaysian Kuih, Flour And Ghee Sugar Based, Sphere-Shaped Sweets",LADDU,Legume based,"Institute for Medical Research, Malaysia",2024-11-25,https://myfcd.moh.gov.my/myfcdcurrent/index.php/site/detail_product/R213007/0/10/-1/0/0,2026-09-05T14:53:02.096746+00:00,per_100g,100.0,g,1 piece,1.0,63.05,g,,,,,,,,,19.95,19.95,0.0,0.0,0.0,0.0,,,,,,,,,,,,,,,,1,
MyFCD Current,R214002,"TRADITIONAL MALAYSIAN KUIH, GLUTINOUS RICE BALLS IN COCONUT MILK (BADAK BERENDAM)","Traditional Malaysian Kuih, Glutinous Rice Balls In Coconut Milk",BADAK BERENDAM,Glutinous rice based,"Institute for Medical Research, Malaysia",2024-11-25,https://myfcd.moh.gov.my/myfcdcurrent/index.php/site/detail_product/R214002/0/10/-1/0/0,2026-09-05T14:53:02.374776+00:00,per_100g,100.0,g,1 piece,1.0,38.72,g,,,,,,,,,6.55,6.55,0.0,0.0,0.0,0.0,,,,,,,,,,,,,,,,1,
MyFCD Current,R214006,"TRADITIONAL MALAYSIAN KUIH, GLUTINOUS RICE FLOUR AND COCONUT MILK BASED, BOILED PALM SUGAR TOFFEE-LIKE SWEET (DODOL)","Traditional Malaysian Kuih, Glutinous Rice Flour And Coconut Milk Based, Boiled Palm Sugar Toffee-Like Sweet",DODOL,Glutinous rice based,"Institute for Medical Research, Malaysia",2024-11-25,https://myfcd.moh.gov.my/myfcdcurrent/index.php/site/detail_product/R214006/0/10/-1/0/0,2026-09-05T14:53:02.651850+00:00,per_100g,100.0,g,1 piece,1.0,15.68,g,,,,,,,,,11.69,10.42,0.51,0.37,0.12,0.27,,,,,,,,,,,,,,,,1,
MyFCD Current,R214010,"TRADITIONAL MALAYSIAN KUIH, SESAME BALLS (KUIH BOM)","Traditional Malaysian Kuih, Sesame Balls",KUIH BOM,Glutinous rice based,"Institute for Medical Research, Malaysia",2026-06-26,https://myfcd.moh.gov.my/myfcdcurrent/index.php/site/detail_product/R214010/0/10/-1/0/0,2026-09-05T14:53:02.932967+00:00,per_100g,100.0,g,1 piece,1.0,33.48,g,335.0,,22.02,6.54,11.59,51.21,7.4,1.3,8.93,7.9,1.03,0.0,0.0,0.0,,,,,,,,,,,,,,,,1,
MyFCD Current,R214016,"TRADITIONAL MALAYSIAN KUIH, SWEET BLACK GLUTINOUS RICE DUMPLING STUFFED WITH GRATED COCONUT FILLING (KUIH KOCI PULUT HITAM)","Traditional Malaysian Kuih, Sweet Black Glutinous Rice Dumpling Stuffed With Grated Coconut Filling",KUIH KOCI PULUT HITAM,Glutinous rice based,"Institute for Medical Research, Malaysia",2024-11-25,https://myfcd.moh.gov.my/myfcdcurrent/index.php/site/detail_product/R214016/0/10/-1/0/0,2026-09-05T14:53:03.250530+00:00,per_100g,100.0,g,1 piece,1.0,35.81,g,,,,,,,,,8.21,8.21,0.0,0.0,0.0,0.0,,,,,,,,,,,,,,,,1,
MyFCD Current,R214032,"TRADITIONAL MALAYSIAN KUIH, SWEET FERMENTED GLUTINOUS RICE (TAPAI PULUT)","Traditional Malaysian Kuih, Sweet Fermented Glutinous Rice",TAPAI PULUT,Glutinous rice based,"Institute for Medical Research, Malaysia",2024-11-25,https://myfcd.moh.gov.my/myfcdcurrent/index.php/site/detail_product/R214032/0/10/-1/0/0,2026-09-05T14:53:03.529010+00:00,per_100g,100.0,g,1 piece,1.0,26.76,g,,,,,,,,,2.55,0.2,2.15,0.11,0.0,0.09,,,,,,,,,,,,,,,,1,
MyFCD Current,R214034,"TRADITIONAL MALAYSIAN KUIH, GLUTINUOS RICE FLOUR BASED STUFFED WITH GRATED COCONUT COATED WITH MUNG BEAN POWDER (KUIH TEPUNG GOMAK)","Traditional Malaysian Kuih, Glutinuos Rice Flour Based Stuffed With Grated Coconut Coated With Mung Bean Powder",KUIH TEPUNG GOMAK,Glutinous rice based,"Institute for Medical Research, Malaysia",2024-11-25,https://myfcd.moh.gov.my/myfcdcurrent/index.php/site/detail_product/R214034/0/10/-1/0/0,2026-09-05T14:53:03.811944+00:00,per_100g,100.0,g,1 piece,1.0,48.82,g,,,,,,,,,5.73,5.04,0.39,0.3,0.0,0.0,,,,,,,,,,,,,,,,1,
MyFCD Current,R215003,CAKAR AYAM,Cakar Ayam,,Tuber based,"Institute for Medical Research, Malaysia",2019-04-16,https://myfcd.moh.gov.my/myfcdcurrent/index.php/site/detail_product/R215003/0/10/-1/0/0,2026-09-05T14:53:04.192218+00:00,per_100g,100.0,g,1 piece,1.0,37.5,g,423.03,,6.41,1.0,17.05,66.4,9.1,,4.4,,,4.35,,,,,,67.0,,,,,,,,,,,,1,
MyFCD Current,R215004,KELEDEK GORENG,Keledek Goreng,,Tuber based,"Institute for Medical Research, Malaysia",2019-04-16,https://myfcd.moh.gov.my/myfcdcurrent/index.php/site/detail_product/R215004/0/10/-1/0/0,2026-09-05T14:53:04.478531+00:00,per_100g,100.0,g,1 piece,1.0,8.0,g,234.71,,47.85,1.9,10.45,33.26,6.5,,,,,,,,,,,47.0,,,,,,,,,,,,1,
MyFCD Current,R216012,SAMOSA,Samosa,,Vegetables and fruits based,"Institute for Medical Research, Malaysia",2019-04-16,https://myfcd.moh.gov.my/myfcdcurrent/index.php/site/detail_product/R216012/0/10/-1/0/0,2026-09-05T14:53:04.775758+00:00,per_100g,100.0,g,1 piece,1.0,29.5,g,218.04,,36.05,5.4,17.5,9.74,31.3,,,,,,,,,,,70.0,,,,,,,,,,,,1,
MyFCD Current,R217005,"DESSERT, COCONUT MILK BASED, SWEET POTATOES AND TARO IN COCONUT MILK (BUBUR CHA CHA)","Dessert, Coconut Milk Based, Sweet Potatoes And Taro In Coconut Milk",BUBUR CHA CHA,Porridge and pengat,"Institute for Medical Research, Malaysia",2026-06-24,https://myfcd.moh.gov.my/myfcdcurrent/index.php/site/detail_product/R217005/0/10/-1/0/0,2026-09-05T14:53:05.093568+00:00,per_100g,100.0,g,1 BOWL,1.0,334.33,g,309.0,,33.8,2.54,5.61,65.89,2.6,0.9,11.76,10.04,0.22,0.1,0.44,0.97,,,,,,,,,,,,,,,,1,
MyFCD Current,R217007,"DESSERT, CORN IN SWEETENED COCONUT MILK (BUBUR JAGUNG)","Dessert, Corn In Sweetened Coconut Milk",BUBUR JAGUNG,Porridge and pengat,"Institute for Medical Research, Malaysia",2024-11-25,https://myfcd.moh.gov.my/myfcdcurrent/index.php/site/detail_product/R217007/0/10/-1/0/0,2026-09-05T14:53:05.371819+00:00,per_100g,100.0,g,1 BOWL,1.0,342.21,g,213.0,,47.45,2.62,4.24,41.16,3.3,1.2,7.05,6.77,0.13,0.1,0.0,0.05,,,,,,,,,,,,,,,,1,
MyFCD Current,R217021,"DESSERT, BLACK GLUTINOUS RICE PORRIDGE (BUBUR PULUT HITAM)","Dessert, Black Glutinous Rice Porridge",BUBUR PULUT HITAM,Porridge and pengat,"Institute for Medical Research, Malaysia",2026-06-24,https://myfcd.moh.gov.my/myfcdcurrent/index.php/site/detail_product/R217021/0/10/-1/0/0,2026-09-05T14:53:05.651073+00:00,per_100g,100.0,g,1 BOWL,1.0,396.96,g,272.0,,44.84,2.58,4.17,58.96,2.4,0.8,2.75,2.46,0.18,0.1,0.0,0.0,,,,,,,,,,,,,,,,1,
MyFCD Current,R217022,"DESSERT, SAGO PORRIDGE (BUBUR SAGU)","Dessert, Sago Porridge",BUBUR SAGU,Porridge and pengat,"Institute for Medical Research, Malaysia",2024-11-25,https://myfcd.moh.gov.my/myfcdcurrent/index.php/site/detail_product/R217022/0/10/-1/0/0,2026-09-05T14:53:05.931245+00:00,per_100g,100.0,g,1 BOWL,1.0,371.07,g,240.0,,44.01,2.85,4.47,47.18,0.9,0.6,12.58,9.42,0.19,0.0,2.96,0.0,,,,,,,,,,,,,,,,1,
MyFCD Current,R218004,"DESEERT, COCONUT MILK JELLY (AGAR-AGAR SANTAN)","Deseert, Coconut Milk Jelly",AGAR-AGAR SANTAN,Miscellaneous,"Institute for Medical Research, Malaysia",2024-11-25,https://myfcd.moh.gov.my/myfcdcurrent/index.php/site/detail_product/R218004/0/10/-1/0/0,2026-09-05T14:53:06.251270+00:00,per_100g,100.0,g,1 slice,1.0,38.09,g,,,,,,,,,14.52,14.52,0.0,0.0,0.0,0.0,,,,,,,,,,,,,,,,1,
MyFCD Current,R218007,"DESSERT , CARAMEL PUDDING","Dessert , Caramel Pudding",,Miscellaneous,"Institute for Medical Research, Malaysia",2024-11-25,https://myfcd.moh.gov.my/myfcdcurrent/index.php/site/detail_product/R218007/0/10/-1/0/0,2026-09-05T14:53:06.539713+00:00,per_100g,100.0,g,1 slice,1.0,36.89,g,,,,,,,,,12.41,7.79,0.61,0.12,3.9,0.0,,,,,,,,,,,,,,,,1,
MyFCD Current,R218011,"CREAM ROLL, VANILLA FLAVOUR","Cream Roll, Vanilla Flavour",,Miscellaneous,"Institute for Medical Research, Malaysia",2026-06-24,https://myfcd.moh.gov.my/myfcdcurrent/index.php/site/detail_product/R218011/0/10/-1/0/0,2026-09-05T14:53:06.819794+00:00,per_100g,100.0,g,1 piece,1.0,40.13,g,377.0,,28.25,6.86,20.71,54.22,4.2,1.1,4.3,1.04,0.8,1.99,0.0,0.47,,,,,,,,,,,,,,,,1,
MyFCD Current,R218019,"TRADITIONAL MALAYSIAN KUIH, COCONUT CREAM COOKIES (KUIH BANGKIT)","Traditional Malaysian Kuih, Coconut Cream Cookies",KUIH BANGKIT,Miscellaneous,"Institute for Medical Research, Malaysia",2026-06-26,https://myfcd.moh.gov.my/myfcdcurrent/index.php/site/detail_product/R218019/0/10/-1/0/0,2026-09-05T14:53:07.137538+00:00,per_100g,100.0,g,1 piece,1.0,2.61,g,412.0,,5.8,1.54,7.95,83.58,0.9,0.2,15.25,15.25,0.0,0.0,0.0,0.0,,,,,,,,,,,,,,,,1,
MyFCD Current,R218023,"TRADITIONAL MALAYSIAN KUIH, FLOUR BASED, WITH RED PALM SUGAR  (KUIH CINCIN)","Traditional Malaysian Kuih, Flour Based, With Red Palm Sugar",KUIH CINCIN,Miscellaneous,"Institute for Medical Research, Malaysia",2026-06-26,https://myfcd.moh.gov.my/myfcdcurrent/index.php/site/detail_product/R218023/0/10/-1/0/0,2026-09-05T14:53:07.423548+00:00,per_100g,100.0,g,,,,,517.0,,1.92,5.49,27.31,62.2,2.6,0.5,5.78,5.54,0.0,0.0,0.14,0.09,,,,,,,,,,,,,,,,1,
MyFCD Current,R218036,"DESSERT, BREAD PUDDING","Dessert, Bread Pudding",,Miscellaneous,"Institute for Medical Research, Malaysia",2024-11-25,https://myfcd.moh.gov.my/myfcdcurrent/index.php/site/detail_product/R218036/0/10/-1/0/0,2026-09-05T14:53:07.703733+00:00,per_100g,100.0,g,1 SLICE,1.0,132.68,g,,,,,,,,,15.49,5.2,2.42,2.64,4.71,0.52,,,,,,,,,,,,,,,,1,
MyFCD Current,R218037,"DESSERT, PUDDING, MILK (PUDING SUSU)","Dessert, Pudding, Milk",PUDING SUSU,Miscellaneous,"Institute for Medical Research, Malaysia",2024-11-25,https://myfcd.moh.gov.my/myfcdcurrent/index.php/site/detail_product/R218037/0/10/-1/0/0,2026-09-05T14:53:08.021470+00:00,per_100g,100.0,g,1 piece,1.0,39.06,g,223.0,,44.45,2.02,2.94,46.99,3.0,0.6,18.79,12.87,2.62,2.31,1.47,0.0,,,,,,,,,,,,,,,,1,
MyFCD Current,R218048,"DESSERT, BROWNIES, CHOCOLATE","Dessert, Brownies, Chocolate",,Miscellaneous,"Institute for Medical Research, Malaysia",2024-11-25,https://myfcd.moh.gov.my/myfcdcurrent/index.php/site/detail_product/R218048/0/10/-1/0/0,2026-09-05T14:53:08.303420+00:00,per_100g,100.0,g,1 piece,1.0,20.68,g,,,,,,,,,12.54,12.54,0.0,0.0,0.0,0.0,,,,,,,,,,,,,,,,1,
MyFCD Current,R218049,"DESSERT, CHEESE TART","Dessert, Cheese Tart",,Miscellaneous,"Institute for Medical Research, Malaysia",2024-11-25,https://myfcd.moh.gov.my/myfcdcurrent/index.php/site/detail_product/R218049/0/10/-1/0/0,2026-09-05T14:53:08.690461+00:00,per_100g,100.0,g,1 piece,1.0,14.92,g,,,,,,,,,9.36,7.81,0.0,0.0,1.55,0.0,,,,,,,,,,,,,,,,1,
MyFCD Current,R218050,"DESSERT, SHAVED ICE, ABC (AIR BATU CAMPUR/AIS KACANG)","Dessert, Shaved Ice, Abc",AIR BATU CAMPUR/AIS KACANG,Miscellaneous,"Institute for Medical Research, Malaysia",2024-11-25,https://myfcd.moh.gov.my/myfcdcurrent/index.php/site/detail_product/R218050/0/10/-1/0/0,2026-09-05T14:53:09.176701+00:00,per_100g,100.0,g,1 BOWL,1.0,250.0,g,,,,,,,,,17.32,14.78,0.49,0.6,1.66,0.0,,,,,,,,,,,,,,,,1,
MyFCD Current,R218051,"DOUGHNUT, WITH FROSTING/GLAZE (DONUT)","Doughnut, With Frosting/Glaze",DONUT,Miscellaneous,"Institute for Medical Research, Malaysia",2024-11-25,https://myfcd.moh.gov.my/myfcdcurrent/index.php/site/detail_product/R218051/0/10/-1/0/0,2026-09-05T14:53:09.569884+00:00,per_100g,100.0,g,,,,,,,,,,,,,8.17,5.27,0.96,0.83,0.29,0.82,,,,,,,,,,,,,,,,1,
MyFCD Current,R218052,"DESSERT, SOY MILK CUSTARD (TAUFU-FAH)","Dessert, Soy Milk Custard",TAUFU-FAH,Miscellaneous,"Institute for Medical Research, Malaysia",2022-09-15,https://myfcd.moh.gov.my/myfcdcurrent/index.php/site/detail_product/R218052/0/10/-1/0/0,2026-09-05T14:53:09.855016+00:00,per_100g,100.0,g,1 BOWL,1.0,297.37,g,135.0,,65.89,3.34,0.93,28.43,0.4,1.0,10.0,9.72,0.07,0.25,,,,,,,,,,,,,,,,,,1,
MyFCD Current,R221079,"RICE, ""DAGANG"" (NASI DAGANG)(COMPLETE SET)","Rice, ""Dagang""",NASI DAGANG,Cereal based,"Institute for Medical Research, Malaysia",2021-08-12,https://myfcd.moh.gov.my/myfcdcurrent/index.php/site/detail_product/R221079/0/10/-1/0/0,2026-09-05T14:53:10.181768+00:00,per_100g,100.0,g,1 set,1.0,214.0,g,196.0,,55.14,6.66,6.33,28.19,1.7,1.9,3.03,0.01,1.21,1.72,0.08,0.01,,,,,,,,,,,,,,,,1,
MyFCD Current,R221081,"RICE, ARAB (NASI ARAB)","Rice, Arab",NASI ARAB,Cereal based,"Institute for Medical Research, Malaysia",2021-08-12,https://myfcd.moh.gov.my/myfcdcurrent/index.php/site/detail_product/R221081/0/10/-1/0/0,2026-09-05T14:53:10.462226+00:00,per_100g,100.0,g,1 cup,1.0,117.46,g,222.0,,46.48,5.2,4.27,40.78,1.8,1.5,1.15,0.33,0.51,0.3,0.01,0.01,,,,,,,,,,,,,,,,1,
MyFCD Current,R221083,"RICE, BRIYANI (RICE ONLY) (BASMATHI RICE)","Rice, Briyani",RICE ONLY,Cereal based,"Institute for Medical Research, Malaysia",2021-08-12,https://myfcd.moh.gov.my/myfcdcurrent/index.php/site/detail_product/R221083/0/10/-1/0/0,2026-09-05T14:53:10.747641+00:00,per_100g,100.0,g,1 cup,1.0,116.11,g,190.0,,57.13,2.59,5.96,31.61,1.3,1.4,0.71,0.16,0.26,0.29,0.0,0.0,,,,,,,,,,,,,,,,1,
MyFCD Current,R221088,"RICE, KERABU (NASI KERABU)(COMPLETE SET)","Rice, Kerabu",NASI KERABU,Cereal based,"Institute for Medical Research, Malaysia",2021-08-12,https://myfcd.moh.gov.my/myfcdcurrent/index.php/site/detail_product/R221088/0/10/-1/0/0,2026-09-05T14:53:11.063889+00:00,per_100g,100.0,g,1 set,1.0,168.47,g,209.0,,47.09,4.0,2.99,41.52,2.8,1.6,1.52,0.01,0.72,0.56,0.0,0.22,,,,,,,,,,,,,,,,1,
MyFCD Current,R221107,"RICE, BRIYANI (AYAM)","Rice, Briyani",AYAM,Cereal based,"Institute for Medical Research, Malaysia",2021-08-12,https://myfcd.moh.gov.my/myfcdcurrent/index.php/site/detail_product/R221107/0/10/-1/0/0,2026-09-05T14:53:11.353169+00:00,per_100g,100.0,g,1 set,1.0,404.76,g,159.0,,64.31,3.24,5.36,24.36,1.3,1.5,1.64,0.01,0.73,0.78,0.13,0.0,,,,,,,,,,,,,,,,1,
MyFCD Current,R221108,"RICE, BRIYANI (DAGING)","Rice, Briyani",DAGING,Cereal based,"Institute for Medical Research, Malaysia",2021-08-12,https://myfcd.moh.gov.my/myfcdcurrent/index.php/site/detail_product/R221108/0/10/-1/0/0,2026-09-05T14:53:11.637141+00:00,per_100g,100.0,g,1 set,1.0,271.62,g,195.0,,57.61,7.85,8.07,37.07,1.8,2.1,1.49,0.48,0.57,0.45,0.0,0.0,,,,,,,,,,,,,,,,1,
MyFCD Current,R221109,NASI ARAB SET KHABSYAH (KAMBING),Nasi Arab Set Khabsyah,KAMBING,Cereal based,"Institute for Medical Research, Malaysia",2021-08-12,https://myfcd.moh.gov.my/myfcdcurrent/index.php/site/detail_product/R221109/0/10/-1/0/0,2026-09-05T14:53:11.919682+00:00,per_100g,100.0,g,1 set,1.0,319.63,g,206.0,,56.26,3.59,7.93,29.96,0.8,1.5,1.32,0.0,0.45,0.37,0.0,0.49,,,,,,,,,,,,,,,,1,
MyFCD Current,R221110,NASI ARAB SET MANDY (AYAM),Nasi Arab Set Mandy,AYAM,Cereal based,"Institute for Medical Research, Malaysia",2021-08-12,https://myfcd.moh.gov.my/myfcdcurrent/index.php/site/detail_product/R221110/0/10/-1/0/0,2026-09-05T14:53:12.242101+00:00,per_100g,100.0,g,1 set,1.0,468.26,g,148.0,,64.98,3.74,3.84,24.53,1.1,1.8,1.45,0.33,0.51,0.6,0.0,0.01,,,,,,,,,,,,,,,,1,
MyFCD Current,R221113,"RICE, ""DAGANG"" (NASI DAGANG)(RICE ONLY)","Rice, ""Dagang""",NASI DAGANG,Cereal based,"Institute for Medical Research, Malaysia",2021-08-12,https://myfcd.moh.gov.my/myfcdcurrent/index.php/site/detail_product/R221113/0/10/-1/0/0,2026-09-05T14:53:12.527475+00:00,per_100g,100.0,g,1 cup,1.0,115.1,g,183.0,,54.64,3.27,1.89,38.29,0.8,1.1,2.15,0.48,0.82,0.73,0.01,0.1,,,,,,,,,,,,,,,,1,
MyFCD Current,R222004,BEEF RENDANG (RENDANG DAGING LEMBU),Beef Rendang,RENDANG DAGING LEMBU,Meat dishes,"Institute for Medical Research, Malaysia",2024-11-25,https://myfcd.moh.gov.my/myfcdcurrent/index.php/site/detail_product/R222004/0/10/-1/0/0,2026-09-05T14:53:12.814916+00:00,per_100g,100.0,g,1 bowl,1.0,293.15,g,360.0,,35.52,18.76,23.46,18.48,2.9,0.8,8.0,14.63,0.77,0.86,0.0,0.0,,,,,,,,,,,,,,,,1,
MyFCD Current,R222008,"BEEF, FLOSS (SERUNDING DAGING)","Beef, Floss",SERUNDING DAGING,Meat dishes,"Institute for Medical Research, Malaysia",2021-08-12,https://myfcd.moh.gov.my/myfcdcurrent/index.php/site/detail_product/R222008/0/10/-1/0/0,2026-09-05T14:53:13.133238+00:00,per_100g,100.0,g,1 bowl,1.0,35.4,g,435.0,,6.82,23.08,20.25,40.07,8.0,1.8,28.52,14.63,1.08,1.66,,,,,,,,,,,,,,,,,,1,
MyFCD Current,R222022,CHICKEN CHOP (BELAHAN AYAM TANPA TULANG),Chicken Chop,BELAHAN AYAM TANPA TULANG,Meat dishes,"Institute for Medical Research, Malaysia",2024-11-25,https://myfcd.moh.gov.my/myfcdcurrent/index.php/site/detail_product/R222022/0/10/-1/0/0,2026-09-05T14:53:13.415107+00:00,per_100g,100.0,g,1 piece,1.0,172.8,g,264.0,,47.42,16.9,15.5,14.15,5.6,0.5,3.01,0.68,0.71,1.07,0.0,0.55,,,,,,,,,,,,,,,,1,
MyFCD Current,R222029,CHICKEN SATAY (SATAY AYAM),Chicken Satay,SATAY AYAM,Meat dishes,"Institute for Medical Research, Malaysia",2024-11-25,https://myfcd.moh.gov.my/myfcdcurrent/index.php/site/detail_product/R222029/0/10/-1/0/0,2026-09-05T14:53:13.695432+00:00,per_100g,100.0,g,1 stick,1.0,16.99,g,187.0,,32.88,28.32,11.77,5.28,34.0,1.0,15.33,11.73,2.53,0.84,0.0,0.22,,,,,,,,,,,,,,,,1,
MyFCD Current,R223003,"ANCHOVY, DRIED, FRIED IN CHILLI (IKAN BILIS SAMBAL)","Anchovy, Dried, Fried In Chilli",IKAN BILIS SAMBAL,Fish and sea-food dishes,"Institute for Medical Research, Malaysia",2024-11-25,https://myfcd.moh.gov.my/myfcdcurrent/index.php/site/detail_product/R223003/0/10/-1/0/0,2026-09-05T14:53:14.015906+00:00,per_100g,100.0,g,1/2 cup,1.0,40.0,g,365.0,,22.03,16.21,21.38,26.87,12.1,1.4,17.72,14.63,1.62,1.46,0.0,0.0,,,,,,,,,,,,,,,,1,
MyFCD Current,R223015,"CATFISH, FRIED IN CHILLI (IKAN KELI GORENG BERLADA)","Catfish, Fried In Chilli",IKAN KELI GORENG BERLADA,Fish and sea-food dishes,"Institute for Medical Research, Malaysia",2024-11-25,https://myfcd.moh.gov.my/myfcdcurrent/index.php/site/detail_product/R223015/0/10/-1/0/0,2026-09-05T14:53:14.298217+00:00,per_100g,100.0,g,1 whole,1.0,174.64,g,425.0,,29.24,16.27,31.96,18.07,3.4,1.1,6.0,4.73,0.58,0.62,0.0,0.0,,,,,,,,,,,,,,,,1,
MyFCD Current,R223019,"COCKLES, BOILED (KERANG REBUS)","Cockles, Boiled",KERANG REBUS,Fish and sea-food dishes,"Institute for Medical Research, Malaysia",2024-11-25,https://myfcd.moh.gov.my/myfcdcurrent/index.php/site/detail_product/R223019/0/10/-1/0/0,2026-09-05T14:53:14.581030+00:00,per_100g,100.0,g,,,,,136.0,,68.02,14.74,2.18,14.3,0.7,0.1,0.58,0.28,0.17,0.12,0.0,0.0,,,,,,,,,,,,,,,,1,
MyFCD Current,R223027,"CRAB, IN COCONUT MILK (KETAM MASAK LEMAK CILI API)","Crab, In Coconut Milk",KETAM MASAK LEMAK CILI API,Fish and sea-food dishes,"Institute for Medical Research, Malaysia",2024-11-25,https://myfcd.moh.gov.my/myfcdcurrent/index.php/site/detail_product/R223027/0/10/-1/0/0,2026-09-05T14:53:14.863395+00:00,per_100g,100.0,g,1 whole,1.0,121.7,g,117.0,,76.91,9.69,5.91,6.17,1.3,0.0,0.91,0.58,0.2,0.13,0.0,0.0,,,,,,,,,,,,,,,,1,
MyFCD Current,R223030,"CUTTLEFISH, DRIED, FRIED IN CHILLI (SAMBAL SOTONG KERING)","Cuttlefish, Dried, Fried In Chilli",SAMBAL SOTONG KERING,Fish and sea-food dishes,"Institute for Medical Research, Malaysia",2024-11-25,https://myfcd.moh.gov.my/myfcdcurrent/index.php/site/detail_product/R223030/0/10/-1/0/0,2026-09-05T14:53:15.190702+00:00,per_100g,100.0,g,1 bowl,1.0,290.5,g,283.0,,39.97,15.45,16.29,18.75,8.8,0.7,13.67,11.17,1.2,1.3,0.0,0.0,,,,,,,,,,,,,,,,1,
MyFCD Current,R223080,"STINGRAY, COOKED IN TAMARIND (IKAN PARI MASAK ASAM PEDAS)","Stingray, Cooked In Tamarind",IKAN PARI MASAK ASAM PEDAS,Fish and sea-food dishes,"Institute for Medical Research, Malaysia",2024-11-19,https://myfcd.moh.gov.my/myfcdcurrent/index.php/site/detail_product/R223080/0/10/-1/0/0,2026-09-05T14:53:15.477476+00:00,per_100g,100.0,g,1 piece,1.0,108.98,g,115.0,,69.02,21.68,2.58,2.57,4.1,1.4,0.57,0.23,0.15,0.2,0.0,0.0,,,,,,,,,,,,,,,,1,
MyFCD Current,R224014,"CABBAGE, FRIED (KOBIS GORENG)","Cabbage, Fried",KOBIS GORENG,Vegetable dishes,"Institute for Medical Research, Malaysia",2024-11-19,https://myfcd.moh.gov.my/myfcdcurrent/index.php/site/detail_product/R224014/0/10/-1/0/0,2026-09-05T14:53:15.762778+00:00,per_100g,100.0,g,1 cup,1.0,145.62,g,159.0,,73.44,2.51,11.68,10.98,1.4,0.0,4.59,1.69,1.6,1.3,0.0,0.0,,,,,,,,,,,,,,,,1,
MyFCD Current,R224026,KALE WITH SALTED FISH (KAILAN IKAN MASIN),Kale With Salted Fish,KAILAN IKAN MASIN,Vegetable dishes,"Institute for Medical Research, Malaysia",2024-11-19,https://myfcd.moh.gov.my/myfcdcurrent/index.php/site/detail_product/R224026/0/10/-1/0/0,2026-09-05T14:53:16.087800+00:00,per_100g,100.0,g,1 cup,1.0,121.67,g,288.0,,48.99,8.23,20.58,17.35,4.8,0.1,3.96,2.52,0.71,0.73,0.0,0.0,,,,,,,,,,,,,,,,1,
MyFCD Current,R224034,"MIX VEGETABLES, STIR FRIED (SAYUR CAMPUR GORENG)","Mix Vegetables, Stir Fried",SAYUR CAMPUR GORENG,Vegetable dishes,"Institute for Medical Research, Malaysia",2024-11-19,https://myfcd.moh.gov.my/myfcdcurrent/index.php/site/detail_product/R224034/0/10/-1/0/0,2026-09-05T14:53:16.375255+00:00,per_100g,100.0,g,1 cup,1.0,164.3,g,147.0,,66.47,4.4,6.39,17.86,4.9,0.0,7.71,3.68,2.3,1.67,0.06,0.0,,,,,,,,,,,,,,,,1,
MyFCD Current,R224046,"SPINACH, (BAYAM MASAK AIR)",Spinach,BAYAM MASAK AIR,Vegetable dishes,"Institute for Medical Research, Malaysia",2024-11-19,https://myfcd.moh.gov.my/myfcdcurrent/index.php/site/detail_product/R224046/0/10/-1/0/0,2026-09-05T14:53:16.658270+00:00,per_100g,100.0,g,,,,,91.0,,78.99,3.46,2.41,13.92,0.9,0.4,0.77,0.23,0.19,0.35,0.0,0.0,,,,,,,,,,,,,,,,1,
MyFCD Current,R224048,"SWAMP CABBAGE, FRIED WITH BELACAN (KANGKUNG GORENG BELACAN)","Swamp Cabbage, Fried With Belacan",KANGKUNG GORENG BELACAN,Vegetable dishes,"Institute for Medical Research, Malaysia",2024-11-19,https://myfcd.moh.gov.my/myfcdcurrent/index.php/site/detail_product/R224048/0/10/-1/0/0,2026-09-05T14:53:16.943935+00:00,per_100g,100.0,g,1 cup,1.0,142.7,g,132.0,,74.88,3.59,7.93,11.63,1.4,0.6,3.82,2.56,0.74,0.52,0.0,0.0,,,,,,,,,,,,,,,,1,
MyFCD Current,R224049,"TRADITIONAL MALAYSIAN KUIH, SWEET FERMENTED TAPIOCA (TAPAI UBI KAYU)","Traditional Malaysian Kuih, Sweet Fermented Tapioca",TAPAI UBI KAYU,Vegetable dishes,"Institute for Medical Research, Malaysia",2024-11-19,https://myfcd.moh.gov.my/myfcdcurrent/index.php/site/detail_product/R224049/0/10/-1/0/0,2026-09-05T14:53:17.267314+00:00,per_100g,100.0,g,1 bowl,1.0,272.26,g,249.0,,32.44,0.85,0.2,60.82,3.9,1.8,16.42,0.26,16.2,0.0,0.0,0.0,,,,,,,,,,,,,,,,1,
MyFCD Current,R225015,ROJAK PASTE,Rojak Paste,,Miscellaneous,"Institute for Medical Research, Malaysia",2024-11-19,https://myfcd.moh.gov.my/myfcdcurrent/index.php/site/detail_product/R225015/0/10/-1/0/0,2026-09-05T14:53:17.551421+00:00,per_100g,100.0,g,1 tablespoon,1.0,23.13,g,,,,,,,,,31.58,25.68,3.14,2.75,0.0,0.0,,,,,,,,,,,,,,,,1,
MyFCD Current,R225024,"COFFEE, WITH MILK AND SUGAR, FROM MAMAK STALLS","Coffee, With Milk And Sugar, From Mamak Stalls",,Miscellaneous,"Institute for Medical Research, Malaysia",2024-11-19,https://myfcd.moh.gov.my/myfcdcurrent/index.php/site/detail_product/R225024/0/10/-1/0/0,2026-09-05T14:53:17.954836+00:00,per_100ml,100.0,ml,1 cup,1.0,250.0,ml,207.0,,48.12,0.17,0.02,51.54,,0.1,10.34,7.42,0.22,0.0,2.7,0.0,,,,,,,,,,,,,,,,1,
MyFCD Current,R237013,"PEARL MILK TEA (WITH BREWED TEA, MILK, SUGAR SYRUP, TAPIOCA PEARLS), NORMAL SUGAR",Pearl Milk Tea,"WITH BREWED TEA, MILK, SUGAR SYRUP, TAPIOCA PEARLS",Miscellaneous,"Institute for Medical Research, Malaysia",2024-11-19,https://myfcd.moh.gov.my/myfcdcurrent/index.php/site/detail_product/R237013/0/10/-1/0/0,2026-09-05T14:53:18.527521+00:00,per_100ml,100.0,ml,1 cup,1.0,250.0,ml,,,,,,,,,9.55,5.1,2.45,3.34,0.32,0.58,,,,,,,,,,,,,,,,1,
MyFCD Current,R237014,"ICE CHOCOLATE BLENDED, WITH WHIPPING CREAM","Ice Chocolate Blended, With Whipping Cream",,Miscellaneous,"Institute for Medical Research, Malaysia",2026-06-24,https://myfcd.moh.gov.my/myfcdcurrent/index.php/site/detail_product/R237014/0/10/-1/0/0,2026-09-05T14:53:18.809445+00:00,per_100ml,100.0,ml,,,,,201.0,,82.55,0.68,0.11,49.72,0.2,0.3,8.62,7.17,0.58,0.21,0.66,0.0,,,,,,,,,,,,,,,,1,
MyFCD 1997,101002,MAIZE (JAGUNG) ZEA MAYS,Jagung,JAGUNG,Cereals and cereal products,"Tee ES, Mohd Ismail N, Mohd Nasir A, Khatijah I (1997). Nutrient Composition of Malaysian Foods, 4th Edition. Institute for Medical Research (IMR), Kuala Lumpur.",1997-01-01,https://myfcd.moh.gov.my/myfcd97/index.php/site/detail_product/101002/0/10/-1/0/0,2026-09-05T23:02:12.422521,per_100g,100.0,g,1 tablespoon,1.0,13.7,g,355.0,,13.5,9.2,4.6,69.3,2.0,1.4,,,,,,,11.0,76.0,45.0,224.0,2.9,,,,,8.8,0.22,0.12,1.7,43.0,256.0,1,
MyFCD 1997,101005,"CORN SNACK, CHICKEN FLAVOURED (SNEK JAGUNG BERPERISA AYAM)",Snek Jagung Berperisa Ayam,SNEK JAGUNG BERPERISA AYAM,Cereals and cereal products,"Tee ES, Mohd Ismail N, Mohd Nasir A, Khatijah I (1997). Nutrient Composition of Malaysian Foods, 4th Edition. Institute for Medical Research (IMR), Kuala Lumpur.",1997-01-01,https://myfcd.moh.gov.my/myfcd97/index.php/site/detail_product/101005/0/10/-1/0/0,2026-09-05T23:02:12.423464,per_100g,100.0,g,1 small packet,1.0,18.0,g,504.0,,3.7,6.2,25.6,62.1,0.0,2.4,,,,,,,703.0,46.0,14.0,51.0,2.6,,,,,1.7,0.0,0.0,0.5,57.0,50.0,1,
MyFCD 1997,101006,"CORN/RICE SNACK, CHICKEN FLAVOURED (SNEK JAGUNG/BERAS, BERPERISA AYAM)","Snek Jagung/Beras, Berperisa Ayam","SNEK JAGUNG/BERAS, BERPERISA AYAM",Cereals and cereal products,"Tee ES, Mohd Ismail N, Mohd Nasir A, Khatijah I (1997). Nutrient Composition of Malaysian Foods, 4th Edition. Institute for Medical Research (IMR), Kuala Lumpur.",1997-01-01,https://myfcd.moh.gov.my/myfcd97/index.php/site/detail_product/101006/0/10/-1/0/0,2026-09-05T23:02:12.426363,per_100g,100.0,g,1 small packet,1.0,8.0,g,457.0,,6.3,6.4,18.2,66.9,0.0,2.2,,,,,,,506.0,34.0,7.0,63.0,0.8,,,,,1.6,0.0,0.07,1.4,71.0,38.0,1,
MyFCD 1997,101001,"BARLEY, PEARL (BERAS BELANDA) HORDEUM VULGARE",Beras Belanda,BERAS BELANDA,Cereals and cereal products,"Tee ES, Mohd Ismail N, Mohd Nasir A, Khatijah I (1997). Nutrient Composition of Malaysian Foods, 4th Edition. Institute for Medical Research (IMR), Kuala Lumpur.",1997-01-01,https://myfcd.moh.gov.my/myfcd97/index.php/site/detail_product/101001/0/10/-1/0/0,2026-09-05T23:02:12.453320,per_100g,100.0,g,1 tablespoon,1.0,12.8,g,335.0,,12.0,9.2,1.3,71.7,3.4,2.4,,,,,,,2.0,73.0,23.0,225.0,2.6,,,,,1.7,0.14,0.03,3.4,0.0,0.0,1,
MyFCD 1997,101003,CORN FLOUR; MAIZE FLOUR (TEPUNG JAGUNG) ZEA MAYS,Tepung Jagung,TEPUNG JAGUNG,Cereals and cereal products,"Tee ES, Mohd Ismail N, Mohd Nasir A, Khatijah I (1997). Nutrient Composition of Malaysian Foods, 4th Edition. Institute for Medical Research (IMR), Kuala Lumpur.",1997-01-01,https://myfcd.moh.gov.my/myfcd97/index.php/site/detail_product/101003/0/10/-1/0/0,2026-09-05T23:02:12.458834,per_100g,100.0,g,1 tablespoon,1.0,8.1,g,355.0,,12.0,0.5,1.4,85.0,0.0,1.1,,,,,,,11.0,24.0,15.0,155.0,1.4,,,,,2.4,0.06,0.02,0.2,0.0,0.0,1,
MyFCD 1997,101004,"CORN SNACK, CHEESE FLAVOURED (SNEK JAGUNG BERPERISA KEJU)",Snek Jagung Berperisa Keju,SNEK JAGUNG BERPERISA KEJU,Cereals and cereal products,"Tee ES, Mohd Ismail N, Mohd Nasir A, Khatijah I (1997). Nutrient Composition of Malaysian Foods, 4th Edition. Institute for Medical Research (IMR), Kuala Lumpur.",1997-01-01,https://myfcd.moh.gov.my/myfcd97/index.php/site/detail_product/101004/0/10/-1/0/0,2026-09-05T23:02:12.473593,per_100g,100.0,g,1 small packet,1.0,10.0,g,499.0,,3.1,9.3,24.0,61.4,0.0,2.2,,,,,,,483.0,55.0,111.0,114.0,3.3,,,,,3.9,0.06,0.25,0.0,94.0,117.0,1,
MyFCD 1997,101009,CUSTARD POWDER (TEPUNG KASTAD),Tepung Kastad,TEPUNG KASTAD,Cereals and cereal products,"Tee ES, Mohd Ismail N, Mohd Nasir A, Khatijah I (1997). Nutrient Composition of Malaysian Foods, 4th Edition. Institute for Medical Research (IMR), Kuala Lumpur.",1997-01-01,https://myfcd.moh.gov.my/myfcd97/index.php/site/detail_product/101009/0/10/-1/0/0,2026-09-05T23:02:28.570103,per_100g,100.0,g,1 tablespoon,1.0,8.6,g,380.0,,5.5,0.4,1.0,92.3,0.0,0.8,,,,,,,117.0,29.0,13.0,11.0,0.4,,,,,0.0,0.0,0.16,4.7,7.0,0.0,1,
MyFCD 1997,101011,"OATS, PROCESSED, TINNED (OAT DALAM TIN) AVENA SATIVA","Oats, Processed, Tinned Avena Sativa",OAT DALAM TIN,Cereals and cereal products,"Tee ES, Mohd Ismail N, Mohd Nasir A, Khatijah I (1997). Nutrient Composition of Malaysian Foods, 4th Edition. Institute for Medical Research (IMR), Kuala Lumpur.",1997-01-01,https://myfcd.moh.gov.my/myfcd97/index.php/site/detail_product/101011/0/10/-1/0/0,2026-09-05T23:02:28.576556,per_100g,100.0,g,1 tablespoon,1.0,5.7,g,369.0,,10.0,11.8,4.0,71.4,1.5,1.3,,,,,,,8.0,242.0,48.0,282.0,4.2,,,,,0.0,0.46,0.09,0.8,5.0,32.0,1,
MyFCD 1997,101010,MILLET (SEKOI) ELEUSINE CORACANA,Sekoi,SEKOI,Cereals and cereal products,"Tee ES, Mohd Ismail N, Mohd Nasir A, Khatijah I (1997). Nutrient Composition of Malaysian Foods, 4th Edition. Institute for Medical Research (IMR), Kuala Lumpur.",1997-01-01,https://myfcd.moh.gov.my/myfcd97/index.php/site/detail_product/101010/0/10/-1/0/0,2026-09-05T23:02:28.603441,per_100g,100.0,g,1 tablespoon,1.0,8.5,g,342.0,,11.4,8.8,1.3,73.7,1.7,3.1,,,,,,,53.0,398.0,440.0,156.0,7.5,,,,,0.0,0.3,0.05,0.7,6.0,33.0,1,
MyFCD 1997,101008,"POP CORN, DURIAN FLAVOURED","Pop Corn, Durian Flavoured",,Cereals and cereal products,"Tee ES, Mohd Ismail N, Mohd Nasir A, Khatijah I (1997). Nutrient Composition of Malaysian Foods, 4th Edition. Institute for Medical Research (IMR), Kuala Lumpur.",1997-01-01,https://myfcd.moh.gov.my/myfcd97/index.php/site/detail_product/101008/0/10/-1/0/0,2026-09-05T23:02:28.608869,per_100g,100.0,g,1 small packet,1.0,30.0,g,380.0,,4.8,6.9,0.8,86.4,0.0,1.1,,,,,,,282.0,85.0,18.0,71.0,1.5,,,,,2.9,0.05,0.17,0.7,54.0,146.0,1,
MyFCD 1997,101007,"CORN STICK, CHOCOLATE FLAVOURED (SNEK JAGUNG BERPERISA COKLAT)",Snek Jagung Berperisa Coklat,SNEK JAGUNG BERPERISA COKLAT,Cereals and cereal products,"Tee ES, Mohd Ismail N, Mohd Nasir A, Khatijah I (1997). Nutrient Composition of Malaysian Foods, 4th Edition. Institute for Medical Research (IMR), Kuala Lumpur.",1997-01-01,https://myfcd.moh.gov.my/myfcd97/index.php/site/detail_product/101007/0/10/-1/0/0,2026-09-05T23:02:28.609497,per_100g,100.0,g,1 small packet,1.0,15.0,g,526.0,,3.9,5.2,28.8,61.5,0.0,0.6,,,,,,,18.0,83.0,29.0,71.0,1.4,,,,,3.5,0.01,0.1,1.4,59.0,32.0,1,
MyFCD 1997,101012,"OATS, ROLLED (OAT, DIGELEK)","Oat, Digelek","OAT, DIGELEK",Cereals and cereal products,"Tee ES, Mohd Ismail N, Mohd Nasir A, Khatijah I (1997). Nutrient Composition of Malaysian Foods, 4th Edition. Institute for Medical Research (IMR), Kuala Lumpur.",1997-01-01,https://myfcd.moh.gov.my/myfcd97/index.php/site/detail_product/101012/0/10/-1/0/0,2026-09-05T23:02:28.610710,per_100g,100.0,g,1 tablespoon,1.0,6.1,g,372.0,,9.6,10.1,3.8,74.4,0.7,1.4,,,,,,,3.0,249.0,39.0,280.0,3.5,,,,,0.0,0.46,0.08,1.8,0.0,0.0,1,
MyFCD 1997,101014,"RICE, COOKED (NASI)",Nasi,NASI,Cereals and cereal products,"Tee ES, Mohd Ismail N, Mohd Nasir A, Khatijah I (1997). Nutrient Composition of Malaysian Foods, 4th Edition. Institute for Medical Research (IMR), Kuala Lumpur.",1997-01-01,https://myfcd.moh.gov.my/myfcd97/index.php/site/detail_product/101014/0/10/-1/0/0,2026-09-05T23:02:28.694894,per_100g,100.0,g,1 tablespoon,1.0,14.0,g,130.0,,67.4,2.3,0.1,30.0,0.0,0.2,,,,,,,6.0,6.0,3.0,26.0,0.2,,,,,0.0,0.02,0.01,0.0,0.0,0.0,1,
MyFCD 1997,101013,"RICE, BROKEN (BERAS HANCUR) ORYZA SATIVA",Beras Hancur,BERAS HANCUR,Cereals and cereal products,"Tee ES, Mohd Ismail N, Mohd Nasir A, Khatijah I (1997). Nutrient Composition of Malaysian Foods, 4th Edition. Institute for Medical Research (IMR), Kuala Lumpur.",1997-01-01,https://myfcd.moh.gov.my/myfcd97/index.php/site/detail_product/101013/0/10/-1/0/0,2026-09-05T23:02:28.718038,per_100g,100.0,g,1 cup,1.0,200.0,g,350.0,,12.6,7.9,0.7,78.1,0.2,0.5,,,,,,,10.0,87.0,7.0,147.0,1.6,,,,,0.0,0.14,0.07,1.9,2.0,13.0,1,
MyFCD 1997,101017,"RICE, POLISHED (BERAS KILANG)",Beras Kilang,BERAS KILANG,Cereals and cereal products,"Tee ES, Mohd Ismail N, Mohd Nasir A, Khatijah I (1997). Nutrient Composition of Malaysian Foods, 4th Edition. Institute for Medical Research (IMR), Kuala Lumpur.",1997-01-01,https://myfcd.moh.gov.my/myfcd97/index.php/site/detail_product/101017/0/10/-1/0/0,2026-09-05T23:02:28.735526,per_100g,100.0,g,1 cup,1.0,183.3,g,349.0,,12.5,7.1,0.5,79.0,0.4,0.5,,,,,,,22.0,31.0,11.0,118.0,1.4,,,,,0.2,0.11,0.06,3.3,0.0,0.0,1,
MyFCD 1997,101016,"RICE, PARBOILED (BERAS, ""PARBOILED"")","Beras, ""Parboiled""","BERAS, ""PARBOILED""",Cereals and cereal products,"Tee ES, Mohd Ismail N, Mohd Nasir A, Khatijah I (1997). Nutrient Composition of Malaysian Foods, 4th Edition. Institute for Medical Research (IMR), Kuala Lumpur.",1997-01-01,https://myfcd.moh.gov.my/myfcd97/index.php/site/detail_product/101016/0/10/-1/0/0,2026-09-05T23:02:28.736391,per_100g,100.0,g,1 cup,1.0,200.0,g,355.0,,11.8,6.9,1.2,79.1,0.5,0.5,,,,,,,9.0,45.0,9.0,150.0,1.6,,,,,0.0,0.22,0.11,3.3,0.0,0.0,1,
MyFCD 1997,101018,"RICE BRAN, COARSE (DEDAK KASAR)",Dedak Kasar,DEDAK KASAR,Cereals and cereal products,"Tee ES, Mohd Ismail N, Mohd Nasir A, Khatijah I (1997). Nutrient Composition of Malaysian Foods, 4th Edition. Institute for Medical Research (IMR), Kuala Lumpur.",1997-01-01,https://myfcd.moh.gov.my/myfcd97/index.php/site/detail_product/101018/0/10/-1/0/0,2026-09-05T23:02:28.737245,per_100g,100.0,g,1 tablespoon,1.0,10.0,g,173.0,,10.7,3.9,2.2,34.3,33.9,15.0,,,,,,,7.0,212.0,51.0,232.0,12.4,,,,,0.0,0.29,0.13,7.8,4.0,26.0,1,
MyFCD 1997,101015,"RICE, HUSKED, UNPOLISHED (BERAS, TIDAK DIKILANG)","Beras, Tidak Dikilang","BERAS, TIDAK DIKILANG",Cereals and cereal products,"Tee ES, Mohd Ismail N, Mohd Nasir A, Khatijah I (1997). Nutrient Composition of Malaysian Foods, 4th Edition. Institute for Medical Research (IMR), Kuala Lumpur.",1997-01-01,https://myfcd.moh.gov.my/myfcd97/index.php/site/detail_product/101015/0/10/-1/0/0,2026-09-05T23:02:28.738534,per_100g,100.0,g,1 cup,1.0,185.7,g,352.0,,12.7,8.0,1.8,76.0,0.5,1.0,,,,,,,54.0,59.0,53.0,195.0,4.4,,,,,0.0,0.38,0.14,5.5,0.0,0.0,1,
MyFCD 1997,101019,"RICE BRAN, FINE (DEDAK HALUS)",Dedak Halus,DEDAK HALUS,Cereals and cereal products,"Tee ES, Mohd Ismail N, Mohd Nasir A, Khatijah I (1997). Nutrient Composition of Malaysian Foods, 4th Edition. Institute for Medical Research (IMR), Kuala Lumpur.",1997-01-01,https://myfcd.moh.gov.my/myfcd97/index.php/site/detail_product/101019/0/10/-1/0/0,2026-09-05T23:02:28.824117,per_100g,100.0,g,1 tablespoon,1.0,8.0,g,376.0,,12.6,12.8,15.7,45.8,5.8,7.3,,,,,,,23.0,1111.0,51.0,1691.0,4.9,,,,,0.0,2.9,0.2,31.6,0.0,0.0,1,
MyFCD 1997,101021,"RICE PORRIDGE, FISH, INSTANT (BUBUR IKAN, SEGERA)","Bubur Ikan, Segera","BUBUR IKAN, SEGERA",Cereals and cereal products,"Tee ES, Mohd Ismail N, Mohd Nasir A, Khatijah I (1997). Nutrient Composition of Malaysian Foods, 4th Edition. Institute for Medical Research (IMR), Kuala Lumpur.",1997-01-01,https://myfcd.moh.gov.my/myfcd97/index.php/site/detail_product/101021/0/10/-1/0/0,2026-09-05T23:02:28.843412,per_100g,100.0,g,1 packet,1.0,63.0,g,348.0,,6.6,9.9,0.3,76.4,0.3,6.5,,,,,,,467.0,30.0,21.0,127.0,0.9,,,,,1.3,0.04,0.2,1.0,34.0,17.0,1,
MyFCD 1997,101020,RICE FLOUR (TEPUNG BERAS),Tepung Beras,TEPUNG BERAS,Cereals and cereal products,"Tee ES, Mohd Ismail N, Mohd Nasir A, Khatijah I (1997). Nutrient Composition of Malaysian Foods, 4th Edition. Institute for Medical Research (IMR), Kuala Lumpur.",1997-01-01,https://myfcd.moh.gov.my/myfcd97/index.php/site/detail_product/101020/0/10/-1/0/0,2026-09-05T23:02:28.861075,per_100g,100.0,g,1 tablespoon,1.0,7.1,g,372.0,,7.9,6.0,1.0,84.7,0.0,0.4,,,,,,,3.0,34.0,36.0,13.0,10.0,,,,,0.0,0.08,0.09,1.3,0.0,0.0,1,
MyFCD 1997,101024,"RICE FLOUR, GLUTINOUS (TEPUNG PULUT)",Tepung Pulut,TEPUNG PULUT,Cereals and cereal products,"Tee ES, Mohd Ismail N, Mohd Nasir A, Khatijah I (1997). Nutrient Composition of Malaysian Foods, 4th Edition. Institute for Medical Research (IMR), Kuala Lumpur.",1997-01-01,https://myfcd.moh.gov.my/myfcd97/index.php/site/detail_product/101024/0/10/-1/0/0,2026-09-05T23:02:28.871846,per_100g,100.0,g,1 tablespoon,1.0,10.0,g,357.0,,11.8,6.9,1.0,80.1,0.0,0.2,,,,,,,16.0,32.0,17.0,59.0,1.1,,,,,0.0,0.04,0.08,2.5,22.0,0.0,1,
MyFCD 1997,101023,"RICE, GLUTINOUS, WHITE (PULUT PUTIH) ORYZA GLUTINOSA",Pulut Putih,PULUT PUTIH,Cereals and cereal products,"Tee ES, Mohd Ismail N, Mohd Nasir A, Khatijah I (1997). Nutrient Composition of Malaysian Foods, 4th Edition. Institute for Medical Research (IMR), Kuala Lumpur.",1997-01-01,https://myfcd.moh.gov.my/myfcd97/index.php/site/detail_product/101023/0/10/-1/0/0,2026-09-05T23:02:28.872330,per_100g,100.0,g,1 cup,1.0,189.9,g,354.0,,13.1,7.7,2.3,75.5,0.9,0.5,,,,,,,6.0,35.0,13.0,84.0,1.9,,,,,0.0,0.17,0.0,0.5,0.0,0.0,1,
MyFCD 1997,101022,"RICE, GLUTINOUS, BLACK (PULUT HITAM) ORYZA GLUTINOSA",Pulut Hitam,PULUT HITAM,Cereals and cereal products,"Tee ES, Mohd Ismail N, Mohd Nasir A, Khatijah I (1997). Nutrient Composition of Malaysian Foods, 4th Edition. Institute for Medical Research (IMR), Kuala Lumpur.",1997-01-01,https://myfcd.moh.gov.my/myfcd97/index.php/site/detail_product/101022/0/10/-1/0/0,2026-09-05T23:02:28.872910,per_100g,100.0,g,1 cup,1.0,187.5,g,352.0,,13.0,9.4,2.3,73.3,0.5,1.5,,,,,,,2.0,82.0,20.0,241.0,4.1,,,,,0.0,0.3,0.0,3.4,9.0,55.0,1,
MyFCD 1997,101026,"NOODLE, RICE (KUIH-TEOW)",Kuih-Teow,KUIH-TEOW,Cereals and cereal products,"Tee ES, Mohd Ismail N, Mohd Nasir A, Khatijah I (1997). Nutrient Composition of Malaysian Foods, 4th Edition. Institute for Medical Research (IMR), Kuala Lumpur.",1997-01-01,https://myfcd.moh.gov.my/myfcd97/index.php/site/detail_product/101026/0/10/-1/0/0,2026-09-05T23:02:28.942964,per_100g,100.0,g,1 cup,1.0,107.6,g,140.0,,65.0,3.0,0.0,31.9,0.0,0.1,,,,,,,6.0,14.0,3.0,27.0,3.4,,,,,0.0,0.03,0.05,1.0,0.0,0.0,1,
MyFCD 1997,101025,MILK CEREAL (RICE) FOR INFANTS (BIJIRIN BERSUSU UNTUK BAYI),Rice,RICE,Cereals and cereal products,"Tee ES, Mohd Ismail N, Mohd Nasir A, Khatijah I (1997). Nutrient Composition of Malaysian Foods, 4th Edition. Institute for Medical Research (IMR), Kuala Lumpur.",1997-01-01,https://myfcd.moh.gov.my/myfcd97/index.php/site/detail_product/101025/0/10/-1/0/0,2026-09-05T23:02:28.943925,per_100g,100.0,g,2 tablespoon,1.0,11.4,g,398.0,,5.2,15.8,6.1,70.0,0.0,2.9,,,,,,,144.0,394.0,501.0,408.0,7.3,,,,,55.8,1.09,0.73,7.1,506.0,0.0,1,
MyFCD 1997,101027,"NOODLE, RICE (LO-SEE-FUN)",Lo-See-Fun,LO-SEE-FUN,Cereals and cereal products,"Tee ES, Mohd Ismail N, Mohd Nasir A, Khatijah I (1997). Nutrient Composition of Malaysian Foods, 4th Edition. Institute for Medical Research (IMR), Kuala Lumpur.",1997-01-01,https://myfcd.moh.gov.my/myfcd97/index.php/site/detail_product/101027/0/10/-1/0/0,2026-09-05T23:02:28.983091,per_100g,100.0,g,1 cup,1.0,140.6,g,126.0,,68.8,0.6,0.3,30.2,0.0,0.1,,,,,,,5.0,4.0,4.0,7.0,0.4,,,,,0.0,0.02,0.0,0.2,0.0,0.0,1,
MyFCD 1997,101028,"NOODLE, RICE (MEE-HOON)",Mee-Hoon,MEE-HOON,Cereals and cereal products,"Tee ES, Mohd Ismail N, Mohd Nasir A, Khatijah I (1997). Nutrient Composition of Malaysian Foods, 4th Edition. Institute for Medical Research (IMR), Kuala Lumpur.",1997-01-01,https://myfcd.moh.gov.my/myfcd97/index.php/site/detail_product/101028/0/10/-1/0/0,2026-09-05T23:02:28.996833,per_100g,100.0,g,"½ piece (LxWxT, 21x7.5x3 cm) (1 1/2 cup)",1.0,83.7,g,351.0,,12.0,11.3,0.0,76.5,0.0,0.2,,,,,,,7.0,16.0,6.0,62.0,0.4,,,,,0.0,0.02,0.0,0.0,0.0,0.0,1,
MyFCD 1997,101030,"NOODLE LAKSA, THICK, WET (MEE LAKSA, BASAH)","Mee Laksa, Basah","MEE LAKSA, BASAH",Cereals and cereal products,"Tee ES, Mohd Ismail N, Mohd Nasir A, Khatijah I (1997). Nutrient Composition of Malaysian Foods, 4th Edition. Institute for Medical Research (IMR), Kuala Lumpur.",1997-01-01,https://myfcd.moh.gov.my/myfcd97/index.php/site/detail_product/101030/0/10/-1/0/0,2026-09-05T23:02:28.997259,per_100g,100.0,g,1 cup,1.0,118.4,g,155.0,,61.3,0.2,0.1,38.2,0.0,0.2,,,,,,,19.0,17.0,4.0,5.0,0.3,,,,,0.0,0.0,0.04,0.4,0.0,0.0,1,
MyFCD 1997,101031,"NOODLE LAKSA, THICK, DRY (MEE LAKSA, KERING)","Mee Laksa, Kering","MEE LAKSA, KERING",Cereals and cereal products,"Tee ES, Mohd Ismail N, Mohd Nasir A, Khatijah I (1997). Nutrient Composition of Malaysian Foods, 4th Edition. Institute for Medical Research (IMR), Kuala Lumpur.",1997-01-01,https://myfcd.moh.gov.my/myfcd97/index.php/site/detail_product/101031/0/10/-1/0/0,2026-09-05T23:02:30.490772,per_100g,100.0,g,"1 flat piece (LxWxT, 19.5x10x2 cm) (1 1/4 cup)",1.0,128.0,g,347.0,,13.4,8.0,0.2,78.2,0.0,0.2,,,,,,,1.0,10.0,9.0,35.0,2.4,,,,,0.0,0.01,0.04,0.7,0.0,0.0,1,
MyFCD 1997,101032,"WHEAT, WHOLE GRAIN (GANDUM, BIJI) TRITICUM VULGARE","Gandum, Biji","GANDUM, BIJI",Cereals and cereal products,"Tee ES, Mohd Ismail N, Mohd Nasir A, Khatijah I (1997). Nutrient Composition of Malaysian Foods, 4th Edition. Institute for Medical Research (IMR), Kuala Lumpur.",1997-01-01,https://myfcd.moh.gov.my/myfcd97/index.php/site/detail_product/101032/0/10/-1/0/0,2026-09-05T23:02:30.493134,per_100g,100.0,g,1 tablespoon,1.0,12.5,g,348.0,,12.0,12.4,2.1,69.8,1.8,1.9,,,,,,,9.0,75.0,38.0,385.0,3.8,,,,,0.0,0.45,0.13,4.6,0.0,0.0,1,
MyFCD 1997,101035,"WHEAT FLOUR, WHOLEMEAL (TEPUNG GANDUM, MIL PENUH)","Tepung Gandum, Mil Penuh","TEPUNG GANDUM, MIL PENUH",Cereals and cereal products,"Tee ES, Mohd Ismail N, Mohd Nasir A, Khatijah I (1997). Nutrient Composition of Malaysian Foods, 4th Edition. Institute for Medical Research (IMR), Kuala Lumpur.",1997-01-01,https://myfcd.moh.gov.my/myfcd97/index.php/site/detail_product/101035/0/10/-1/0/0,2026-09-05T23:02:30.501140,per_100g,100.0,g,1 tablespoon,1.0,7.7,g,347.0,,12.0,12.2,1.8,70.6,1.8,1.6,,,,,,,6.0,339.0,37.0,295.0,5.8,,,,,0.0,0.75,0.26,10.2,8.0,48.0,1,
MyFCD 1997,101037,ATTA FOR MAKING CAPATTI (TEPUNG ATTA UNTUK MEMBUAT CAPATI),Tepung Atta Untuk Membuat Capati,TEPUNG ATTA UNTUK MEMBUAT CAPATI,Cereals and cereal products,"Tee ES, Mohd Ismail N, Mohd Nasir A, Khatijah I (1997). Nutrient Composition of Malaysian Foods, 4th Edition. Institute for Medical Research (IMR), Kuala Lumpur.",1997-01-01,https://myfcd.moh.gov.my/myfcd97/index.php/site/detail_product/101037/0/10/-1/0/0,2026-09-05T23:02:30.804773,per_100g,100.0,g,1 tablespoon,1.0,8.7,g,358.0,,10.9,10.6,1.6,75.4,0.5,1.0,,,,,,,31.0,112.0,31.0,209.0,4.7,,,,,0.0,0.5,0.1,3.9,0.0,0.0,1,
MyFCD 1997,101038,"BISCUIT, ALPHABET (BISKUT BENTUK ABJAD/BISKUT ABC)",Biskut Bentuk Abjad/Biskut Abc,BISKUT BENTUK ABJAD/BISKUT ABC,Cereals and cereal products,"Tee ES, Mohd Ismail N, Mohd Nasir A, Khatijah I (1997). Nutrient Composition of Malaysian Foods, 4th Edition. Institute for Medical Research (IMR), Kuala Lumpur.",1997-01-01,https://myfcd.moh.gov.my/myfcd97/index.php/site/detail_product/101038/0/10/-1/0/0,2026-09-05T23:02:30.810906,per_100g,100.0,g,"10 pieces (DxT, 2.4 x 0.4 cm)",1.0,7.5,g,431.0,,2.3,6.5,9.3,80.4,0.5,1.0,,,,,,,170.0,51.0,6.0,67.0,1.2,,,,,0.0,0.08,0.06,0.8,77.0,24.0,1,
MyFCD 1997,101036,WHEAT GERM (GERMA GANDUM),Germa Gandum,GERMA GANDUM,Cereals and cereal products,"Tee ES, Mohd Ismail N, Mohd Nasir A, Khatijah I (1997). Nutrient Composition of Malaysian Foods, 4th Edition. Institute for Medical Research (IMR), Kuala Lumpur.",1997-01-01,https://myfcd.moh.gov.my/myfcd97/index.php/site/detail_product/101036/0/10/-1/0/0,2026-09-05T23:02:31.074899,per_100g,100.0,g,1 tablespoon,1.0,8.0,g,368.0,,6.9,10.9,3.6,73.1,1.8,3.7,,,,,,,6.0,671.0,54.0,611.0,7.0,,,,,0.0,1.86,0.03,4.5,29.0,175.0,1,
MyFCD 1997,101040,"BISCUIT, CREAM CRACKERS (BISKUT KRIM KRAKER)",Biskut Krim Kraker,BISKUT KRIM KRAKER,Cereals and cereal products,"Tee ES, Mohd Ismail N, Mohd Nasir A, Khatijah I (1997). Nutrient Composition of Malaysian Foods, 4th Edition. Institute for Medical Research (IMR), Kuala Lumpur.",1997-01-01,https://myfcd.moh.gov.my/myfcd97/index.php/site/detail_product/101040/0/10/-1/0/0,2026-09-05T23:02:31.427649,per_100g,100.0,g,"1 square piece (LxWxT, 6.5x6.5x0.5 cm)",1.0,9.4,g,429.0,,4.0,8.9,12.9,72.5,0.4,1.3,,,,,,,110.0,50.0,7.0,95.0,0.8,,,,,0.0,0.09,0.12,0.9,54.0,0.0,1,
MyFCD 1997,101039,"BISCUIT, COCONUT (BISKUT KELAPA)",Biskut Kelapa,BISKUT KELAPA,Cereals and cereal products,"Tee ES, Mohd Ismail N, Mohd Nasir A, Khatijah I (1997). Nutrient Composition of Malaysian Foods, 4th Edition. Institute for Medical Research (IMR), Kuala Lumpur.",1997-01-01,https://myfcd.moh.gov.my/myfcd97/index.php/site/detail_product/101039/0/10/-1/0/0,2026-09-05T23:02:31.451387,per_100g,100.0,g,"3 round pieces (DxT, 6x1.2 cm)",1.0,93.8,g,563.0,,3.9,21.5,38.0,33.7,0.0,2.9,,,,,,,30.0,25.0,25.0,46.0,1.7,,,,,0.0,1.4,1.1,15.0,23.0,138.0,0,R101061
MyFCD 1997,101041,"BISCUIT, FINGER CREAM (BISKUT JEJARI BERKRIM)",Biskut Jejari Berkrim,BISKUT JEJARI BERKRIM,Cereals and cereal products,"Tee ES, Mohd Ismail N, Mohd Nasir A, Khatijah I (1997). Nutrient Composition of Malaysian Foods, 4th Edition. Institute for Medical Research (IMR), Kuala Lumpur.",1997-01-01,https://myfcd.moh.gov.my/myfcd97/index.php/site/detail_product/101041/0/10/-1/0/0,2026-09-05T23:02:31.464326,per_100g,100.0,g,"5 pieces (LxWxT,7.5x3x1 cm)",1.0,55.5,g,467.0,,1.8,4.9,15.9,76.1,0.6,0.7,,,,,,,179.0,56.0,21.0,63.0,1.5,,,,,0.0,0.06,0.18,0.5,44.0,0.0,1,
MyFCD 1997,101034,"WHEAT FLOUR, HIGH PROTEIN (TEPUNG GANDUM, PROTEIN TINGGI)","Wheat Flour, High Protein","TEPUNG GANDUM, PROTEIN TINGGI",Cereals and cereal products,"Tee ES, Mohd Ismail N, Mohd Nasir A, Khatijah I (1997). Nutrient Composition of Malaysian Foods, 4th Edition. Institute for Medical Research (IMR), Kuala Lumpur.",1997-01-01,https://myfcd.moh.gov.my/myfcd97/index.php/site/detail_product/101034/0/10/-1/0/0,2026-09-05T23:02:32.671475,per_100g,100.0,g,1 tablespoon,1.0,8.5,g,352.0,,12.7,12.6,1.0,73.2,0.0,0.5,,,,,,,12.0,99.0,25.0,93.0,5.1,,,,,0.0,0.94,0.47,8.4,2.0,14.0,1,
MyFCD 1997,101033,WHEAT FLOUR (TEPUNG GANDUM),Tepung Gandum,TEPUNG GANDUM,Cereals and cereal products,"Tee ES, Mohd Ismail N, Mohd Nasir A, Khatijah I (1997). Nutrient Composition of Malaysian Foods, 4th Edition. Institute for Medical Research (IMR), Kuala Lumpur.",1997-01-01,https://myfcd.moh.gov.my/myfcd97/index.php/site/detail_product/101033/0/10/-1/0/0,2026-09-05T23:02:32.694329,per_100g,100.0,g,1 tablespoon,1.0,8.5,g,345.0,,12.5,13.1,1.6,69.6,2.0,1.2,,,,,,,6.0,45.0,92.0,245.0,2.1,,,,,0.0,0.24,0.05,1.9,0.0,0.0,1,
MyFCD 1997,101046,"BISCUIT, SODA/PLAIN (BISKUT SODA/TAWAR)",Biskut Soda/Tawar,BISKUT SODA/TAWAR,Cereals and cereal products,"Tee ES, Mohd Ismail N, Mohd Nasir A, Khatijah I (1997). Nutrient Composition of Malaysian Foods, 4th Edition. Institute for Medical Research (IMR), Kuala Lumpur.",1997-01-01,https://myfcd.moh.gov.my/myfcd97/index.php/site/detail_product/101046/0/10/-1/0/0,2026-09-05T23:02:32.814661,per_100g,100.0,g,"5 square pieces (LxWxT, 6.5x6.5x0.5 cm)",1.0,47.1,g,408.0,,6.5,8.8,9.0,73.3,0.1,2.3,,,,,,,438.0,116.0,22.0,98.0,2.4,,,,,0.0,0.47,0.35,0.6,9.0,0.0,1,
MyFCD 1997,101047,"BISCUIT, SAVOURY (BISKUT ""SAVOURY"")","Biskut ""Savoury""","BISKUT ""SAVOURY""",Cereals and cereal products,"Tee ES, Mohd Ismail N, Mohd Nasir A, Khatijah I (1997). Nutrient Composition of Malaysian Foods, 4th Edition. Institute for Medical Research (IMR), Kuala Lumpur.",1997-01-01,https://myfcd.moh.gov.my/myfcd97/index.php/site/detail_product/101047/0/10/-1/0/0,2026-09-05T23:02:32.936072,per_100g,100.0,g,"1 round piece (DxT, 4.5x0.5 cm)",1.0,2.7,g,479.0,,3.6,5.7,21.5,65.7,0.2,3.3,,,,,,,260.0,140.0,35.0,78.0,0.3,,,,,0.0,0.16,0.17,1.6,10.0,0.0,1,
MyFCD 1997,101048,"BISCUIT, SULTANA (BISKUT SULTANA)",Biskut Sultana,BISKUT SULTANA,Cereals and cereal products,"Tee ES, Mohd Ismail N, Mohd Nasir A, Khatijah I (1997). Nutrient Composition of Malaysian Foods, 4th Edition. Institute for Medical Research (IMR), Kuala Lumpur.",1997-01-01,https://myfcd.moh.gov.my/myfcd97/index.php/site/detail_product/101048/0/10/-1/0/0,2026-09-05T23:02:33.056539,per_100g,100.0,g,"5 pieces (LxWxT, 6.5x4x0.5 cm)",1.0,34.0,g,420.0,,3.2,6.3,8.3,80.1,0.7,1.4,,,,,,,190.0,30.0,37.0,68.0,1.4,,,,,3.0,0.0,0.8,0.7,3.0,1.0,1,
MyFCD 1997,101049,"BREAD, COCONUT (ROTI KELAPA)",Roti Kelapa,ROTI KELAPA,Cereals and cereal products,"Tee ES, Mohd Ismail N, Mohd Nasir A, Khatijah I (1997). Nutrient Composition of Malaysian Foods, 4th Edition. Institute for Medical Research (IMR), Kuala Lumpur.",1997-01-01,https://myfcd.moh.gov.my/myfcd97/index.php/site/detail_product/101049/0/10/-1/0/0,2026-09-05T23:02:33.172111,per_100g,100.0,g,1 round bun,1.0,44.6,g,518.0,,4.0,13.7,30.0,48.4,2.4,1.5,,,,,,,76.0,119.0,28.0,103.0,1.4,,,,,2.4,1.4,1.0,7.9,29.0,0.0,1,
MyFCD 1997,101029,"NOODLE, RICE (MEE-SUA)",Mee-Sua,MEE-SUA,Cereals and cereal products,"Tee ES, Mohd Ismail N, Mohd Nasir A, Khatijah I (1997). Nutrient Composition of Malaysian Foods, 4th Edition. Institute for Medical Research (IMR), Kuala Lumpur.",1997-01-01,https://myfcd.moh.gov.my/myfcd97/index.php/site/detail_product/101029/0/10/-1/0/0,2026-09-05T23:02:36.163184,per_100g,100.0,g,"1 flat piece (LxW, 13x11 cm) (1/2 cup)",1.0,31.0,g,320.0,,14.0,9.1,0.2,70.4,0.0,6.3,,,,,,,444.0,42.0,47.0,85.0,1.6,,,,,0.0,0.13,0.06,0.6,0.0,0.0,1,
MyFCD 1997,101051,"BREAD, WHITE (ROTI PUTIH)",Roti Putih,ROTI PUTIH,Cereals and cereal products,"Tee ES, Mohd Ismail N, Mohd Nasir A, Khatijah I (1997). Nutrient Composition of Malaysian Foods, 4th Edition. Institute for Medical Research (IMR), Kuala Lumpur.",1997-01-01,https://myfcd.moh.gov.my/myfcd97/index.php/site/detail_product/101051/0/10/-1/0/0,2026-09-05T23:02:36.297585,per_100g,100.0,g,"1 slice (LxWxT, 10.5x9.3x1.1 cm)",1.0,18.9,g,256.0,,36.0,9.7,1.0,52.0,0.2,1.1,,,,,,,340.0,59.0,40.0,77.0,3.0,,,,,1.9,0.42,0.31,2.6,25.0,0.0,1,
MyFCD 1997,101042,"BISCUIT, GREEN GRAM (BISKUT KACANG HIJAU)",Biskut Kacang Hijau,BISKUT KACANG HIJAU,Cereals and cereal products,"Tee ES, Mohd Ismail N, Mohd Nasir A, Khatijah I (1997). Nutrient Composition of Malaysian Foods, 4th Edition. Institute for Medical Research (IMR), Kuala Lumpur.",1997-01-01,https://myfcd.moh.gov.my/myfcd97/index.php/site/detail_product/101042/0/10/-1/0/0,2026-09-05T23:02:47.584003,per_100g,100.0,g,"1 round piece (DxT, 6x0.5 cm)",1.0,21.6,g,367.0,,7.5,2.2,0.2,89.1,0.6,0.4,,,,,,,11.0,41.0,17.0,47.0,1.5,,,,,3.1,0.01,0.14,1.3,32.0,0.0,1,
MyFCD 1997,101044,"BISCUIT, MARIE (BISKUT MARIE/BISKUT MANIS)",Biskut Marie/Biskut Manis,BISKUT MARIE/BISKUT MANIS,Cereals and cereal products,"Tee ES, Mohd Ismail N, Mohd Nasir A, Khatijah I (1997). Nutrient Composition of Malaysian Foods, 4th Edition. Institute for Medical Research (IMR), Kuala Lumpur.",1997-01-01,https://myfcd.moh.gov.my/myfcd97/index.php/site/detail_product/101044/0/10/-1/0/0,2026-09-05T23:02:47.593293,per_100g,100.0,g,"1 round piece (DxT, 6x0.5 cm )",1.0,7.3,g,441.0,,2.5,7.1,11.2,78.0,0.3,0.9,,,,,,,240.0,20.0,6.0,75.0,2.5,,,,,0.0,0.11,0.15,1.1,5.0,3.0,0,R101070
MyFCD 1997,101043,"BISCUIT, LEMON PUFF","Biscuit, Lemon Puff",,Cereals and cereal products,"Tee ES, Mohd Ismail N, Mohd Nasir A, Khatijah I (1997). Nutrient Composition of Malaysian Foods, 4th Edition. Institute for Medical Research (IMR), Kuala Lumpur.",1997-01-01,https://myfcd.moh.gov.my/myfcd97/index.php/site/detail_product/101043/0/10/-1/0/0,2026-09-05T23:02:47.595546,per_100g,100.0,g,"5 pieces (LxWxT, 5.5x3.5x1 cm)",1.0,59.9,g,456.0,,5.3,4.2,17.2,71.1,0.2,2.0,,,,,,,140.0,51.0,14.0,70.0,0.1,,,,,0.0,0.08,0.15,0.7,49.0,0.0,0,R101069
MyFCD 1997,101053,"COOKIES, CASHEWNUT (BISKUT GAJUS)",Biskut Gajus,BISKUT GAJUS,Cereals and cereal products,"Tee ES, Mohd Ismail N, Mohd Nasir A, Khatijah I (1997). Nutrient Composition of Malaysian Foods, 4th Edition. Institute for Medical Research (IMR), Kuala Lumpur.",1997-01-01,https://myfcd.moh.gov.my/myfcd97/index.php/site/detail_product/101053/0/10/-1/0/0,2026-09-05T23:02:47.691214,per_100g,100.0,g,"1 round piece (DxT, 4.0x1cm)",1.0,7.0,g,521.0,,4.5,7.4,29.2,57.2,0.6,1.1,,,,,,,290.0,170.0,26.0,77.0,3.1,,,,,0.0,0.37,0.9,1.8,77.0,52.0,1,
MyFCD 1997,101055,"COOKIES, OATS (BISKUT OAT)",Biskut Oat,BISKUT OAT,Cereals and cereal products,"Tee ES, Mohd Ismail N, Mohd Nasir A, Khatijah I (1997). Nutrient Composition of Malaysian Foods, 4th Edition. Institute for Medical Research (IMR), Kuala Lumpur.",1997-01-01,https://myfcd.moh.gov.my/myfcd97/index.php/site/detail_product/101055/0/10/-1/0/0,2026-09-05T23:02:47.692519,per_100g,100.0,g,"1 round piece (DxT, 6x1 cm)",1.0,13.2,g,505.0,,3.2,7.3,25.7,61.1,1.1,1.6,,,,,,,330.0,90.0,26.0,68.0,3.6,,,,,0.0,0.36,0.78,3.0,43.0,36.0,1,
MyFCD 1997,101057,"COOKIES, SESAME SEED (BISKUT BIJAN)",Biskut Bijan,BISKUT BIJAN,Cereals and cereal products,"Tee ES, Mohd Ismail N, Mohd Nasir A, Khatijah I (1997). Nutrient Composition of Malaysian Foods, 4th Edition. Institute for Medical Research (IMR), Kuala Lumpur.",1997-01-01,https://myfcd.moh.gov.my/myfcd97/index.php/site/detail_product/101057/0/10/-1/0/0,2026-09-05T23:02:47.801157,per_100g,100.0,g,"1 piece (LxWxT, 6x5.5x0.5 cm)",1.0,5.1,g,423.0,,3.7,8.5,8.5,78.2,0.4,0.7,,,,,,,25.0,158.0,33.0,162.0,3.5,,,,,0.0,0.05,0.29,1.5,15.0,11.0,1,
MyFCD 1997,101056,"COOKIES, PEANUT (BISKUT KACANG)",Biskut Kacang,BISKUT KACANG,Cereals and cereal products,"Tee ES, Mohd Ismail N, Mohd Nasir A, Khatijah I (1997). Nutrient Composition of Malaysian Foods, 4th Edition. Institute for Medical Research (IMR), Kuala Lumpur.",1997-01-01,https://myfcd.moh.gov.my/myfcd97/index.php/site/detail_product/101056/0/10/-1/0/0,2026-09-05T23:02:47.814331,per_100g,100.0,g,"1 dome-shaped piece (LxH, 2.7x2.1 cm)",1.0,9.6,g,509.0,,3.2,6.2,25.0,64.7,0.2,0.7,,,,,,,6.0,117.0,11.0,117.0,0.8,,,,,0.0,0.12,0.09,2.5,20.0,45.0,0,R101109
MyFCD 1997,101058,MACARONI (MAKARONI),Makaroni,MAKARONI,Cereals and cereal products,"Tee ES, Mohd Ismail N, Mohd Nasir A, Khatijah I (1997). Nutrient Composition of Malaysian Foods, 4th Edition. Institute for Medical Research (IMR), Kuala Lumpur.",1997-01-01,https://myfcd.moh.gov.my/myfcd97/index.php/site/detail_product/101058/0/10/-1/0/0,2026-09-05T23:02:47.936404,per_100g,100.0,g,⅓ cup,1.0,30.6,g,352.0,,12.3,9.9,0.6,76.8,0.1,0.3,,,,,,,5.0,41.0,22.0,137.0,1.2,,,,,0.0,0.01,0.0,0.0,44.0,0.0,1,
MyFCD 1997,101059,MILK CEREAL (WHEAT) FOR INFANTS (BIJIRIN BERSUSU UNTUK BAYI),Wheat,WHEAT,Cereals and cereal products,"Tee ES, Mohd Ismail N, Mohd Nasir A, Khatijah I (1997). Nutrient Composition of Malaysian Foods, 4th Edition. Institute for Medical Research (IMR), Kuala Lumpur.",1997-01-01,https://myfcd.moh.gov.my/myfcd97/index.php/site/detail_product/101059/0/10/-1/0/0,2026-09-05T23:02:47.953274,per_100g,100.0,g,2 tablespoon,1.0,11.0,g,433.0,,2.9,18.9,10.9,64.8,0.0,2.5,,,,,,,101.0,347.0,424.0,338.0,6.6,,,,,71.9,1.57,1.37,5.6,637.0,0.0,1,
MyFCD 1997,101060,"NOODLE, DRY (MEE KERING)",Mee Kering,MEE KERING,Cereals and cereal products,"Tee ES, Mohd Ismail N, Mohd Nasir A, Khatijah I (1997). Nutrient Composition of Malaysian Foods, 4th Edition. Institute for Medical Research (IMR), Kuala Lumpur.",1997-01-01,https://myfcd.moh.gov.my/myfcd97/index.php/site/detail_product/101060/0/10/-1/0/0,2026-09-05T23:02:48.049622,per_100g,100.0,g,"1 rectangular piece (LxWxT, 11x9x1 cm) (1/2 cup)",1.0,36.8,g,333.0,,13.5,10.8,1.1,70.0,0.5,4.1,,,,,,,614.0,32.0,52.0,54.0,1.9,,,,,0.0,0.06,0.08,2.1,0.0,0.0,1,
MyFCD 1997,101061,"NOODLE, DRY, INSTANT (MEE KERING, SEGERA)","Mee Kering, Segera","MEE KERING, SEGERA",Cereals and cereal products,"Tee ES, Mohd Ismail N, Mohd Nasir A, Khatijah I (1997). Nutrient Composition of Malaysian Foods, 4th Edition. Institute for Medical Research (IMR), Kuala Lumpur.",1997-01-01,https://myfcd.moh.gov.my/myfcd97/index.php/site/detail_product/101061/0/10/-1/0/0,2026-09-05T23:02:48.071758,per_100g,100.0,g,1 cup (broken pieces),1.0,68.1,g,424.0,,9.6,9.8,14.2,64.2,0.0,2.2,,,,,,,103.0,46.0,38.0,105.0,1.4,,,,,2.2,0.27,0.05,0.8,69.0,0.0,1,
MyFCD 1997,101062,"NOODLE, WET (MEE BASAH)",Mee Basah,MEE BASAH,Cereals and cereal products,"Tee ES, Mohd Ismail N, Mohd Nasir A, Khatijah I (1997). Nutrient Composition of Malaysian Foods, 4th Edition. Institute for Medical Research (IMR), Kuala Lumpur.",1997-01-01,https://myfcd.moh.gov.my/myfcd97/index.php/site/detail_product/101062/0/10/-1/0/0,2026-09-05T23:02:48.160371,per_100g,100.0,g,1 cup,1.0,108.5,g,207.0,,48.1,4.5,0.8,45.5,0.0,1.1,,,,,,,163.0,35.0,17.0,2.0,1.3,,,,,0.0,0.0,0.0,0.0,0.0,0.0,1,
MyFCD 1997,101063,"NOODLE SNACK, CHICKEN FLAVOURED (SNEK MEE BERPERISA AYAM)",Snek Mee Berperisa Ayam,SNEK MEE BERPERISA AYAM,Cereals and cereal products,"Tee ES, Mohd Ismail N, Mohd Nasir A, Khatijah I (1997). Nutrient Composition of Malaysian Foods, 4th Edition. Institute for Medical Research (IMR), Kuala Lumpur.",1997-01-01,https://myfcd.moh.gov.my/myfcd97/index.php/site/detail_product/101063/0/10/-1/0/0,2026-09-05T23:02:48.199613,per_100g,100.0,g,1 medium packet,1.0,30.0,g,456.0,,3.5,11.0,15.6,67.9,0.0,2.0,,,,,,,613.0,88.0,20.0,135.0,1.1,,,,,16.8,0.07,0.05,0.8,67.0,4.0,1,
MyFCD 1997,102001,"BREADFRUIT (SUKUN), ARTOCARPUS COMMUNIS",Sukun,SUKUN,"Starchy roots, tubers and products","Tee ES, Mohd Ismail N, Mohd Nasir A, Khatijah I (1997). Nutrient Composition of Malaysian Foods, 4th Edition. Institute for Medical Research (IMR), Kuala Lumpur.",1997-01-01,https://myfcd.moh.gov.my/myfcd97/index.php/site/detail_product/102001/0/10/-1/0/0,2026-09-05T23:02:48.293702,per_100g,100.0,g,"1 slice (LxWxT, 13.5x5x2.5 cm)",1.0,50.0,g,90.0,,76.0,1.3,0.5,20.0,1.3,0.9,,,,,,,19.0,325.0,10.0,3.0,0.6,,,,,21.3,0.06,0.13,2.9,4.0,22.0,1,
MyFCD 1997,102002,"COLEUS TUBERS (UBI KEMBILI), COLEUS TUBEROSUS",Ubi Kembili,UBI KEMBILI,"Starchy roots, tubers and products","Tee ES, Mohd Ismail N, Mohd Nasir A, Khatijah I (1997). Nutrient Composition of Malaysian Foods, 4th Edition. Institute for Medical Research (IMR), Kuala Lumpur.",1997-01-01,https://myfcd.moh.gov.my/myfcd97/index.php/site/detail_product/102002/0/10/-1/0/0,2026-09-05T23:02:48.326223,per_100g,100.0,g,"1 whole, small, oval (LxD, 3x2 cm)",1.0,10.1,g,94.0,,75.0,1.6,0.1,21.7,0.7,0.9,,,,,,,7.0,338.0,51.0,27.0,1.1,,,,,8.1,0.16,0.07,2.0,0.0,0.0,1,
MyFCD 1997,102003,"POTATO (UBI KENTANG), SOLANUM TUBEROSUM",Ubi Kentang,UBI KENTANG,"Starchy roots, tubers and products","Tee ES, Mohd Ismail N, Mohd Nasir A, Khatijah I (1997). Nutrient Composition of Malaysian Foods, 4th Edition. Institute for Medical Research (IMR), Kuala Lumpur.",1997-01-01,https://myfcd.moh.gov.my/myfcd97/index.php/site/detail_product/102003/0/10/-1/0/0,2026-09-05T23:02:48.631668,per_100g,100.0,g,"1 whole, small, oval (LxD, 3x2.5 cm)",1.0,13.0,g,86.0,,76.3,1.7,0.0,19.8,0.8,1.4,,,,,,,33.0,203.0,20.0,74.0,1.4,,,,,18.1,0.12,0.11,0.7,0.0,0.0,1,
MyFCD 1997,102004,POTATO CHIPS (KEROPOK UBI KENTANG),Keropok Ubi Kentang,KEROPOK UBI KENTANG,"Starchy roots, tubers and products","Tee ES, Mohd Ismail N, Mohd Nasir A, Khatijah I (1997). Nutrient Composition of Malaysian Foods, 4th Edition. Institute for Medical Research (IMR), Kuala Lumpur.",1997-01-01,https://myfcd.moh.gov.my/myfcd97/index.php/site/detail_product/102004/0/10/-1/0/0,2026-09-05T23:02:48.652270,per_100g,100.0,g,1 small packet,1.0,18.0,g,527.0,,4.1,5.2,32.2,54.1,0.9,3.5,,,,,,,712.0,406.0,26.0,130.0,1.2,,,,,11.9,0.0,0.13,3.6,104.0,0.0,1,
MyFCD 1997,101054,"COOKIES, CORNFLAKES (BISKUT KONFLEK)",Biskut Konflek,BISKUT KONFLEK,Cereals and cereal products,"Tee ES, Mohd Ismail N, Mohd Nasir A, Khatijah I (1997). Nutrient Composition of Malaysian Foods, 4th Edition. Institute for Medical Research (IMR), Kuala Lumpur.",1997-01-01,https://myfcd.moh.gov.my/myfcd97/index.php/site/detail_product/101054/0/10/-1/0/0,2026-09-05T23:02:48.709788,per_100g,100.0,g,"1 round piece (DxT, 4.0x1 cm)",1.0,7.3,g,533.0,,3.6,6.6,31.7,55.3,1.4,1.4,,,,,,,270.0,120.0,27.0,87.0,4.4,,,,,0.0,0.38,1.03,1.3,60.0,67.0,1,
MyFCD 1997,102005,"SAGO, PEARL (SAGU, BIJI-BIJIAN), METROXYLON SPP.","Sagu, Biji-Bijian","SAGU, BIJI-BIJIAN","Starchy roots, tubers and products","Tee ES, Mohd Ismail N, Mohd Nasir A, Khatijah I (1997). Nutrient Composition of Malaysian Foods, 4th Edition. Institute for Medical Research (IMR), Kuala Lumpur.",1997-01-01,https://myfcd.moh.gov.my/myfcd97/index.php/site/detail_product/102005/0/10/-1/0/0,2026-09-05T23:02:48.742736,per_100g,100.0,g,1 tablespoon,1.0,10.6,g,352.0,,12.0,0.2,0.1,87.5,0.1,0.1,,,,,,,12.0,8.0,11.0,12.0,1.4,,,,,0.0,0.0,0.0,0.1,0.0,0.0,1,
MyFCD 1997,102006,SAGO NOODLES (TANG-HOON),Tang-Hoon,TANG-HOON,"Starchy roots, tubers and products","Tee ES, Mohd Ismail N, Mohd Nasir A, Khatijah I (1997). Nutrient Composition of Malaysian Foods, 4th Edition. Institute for Medical Research (IMR), Kuala Lumpur.",1997-01-01,https://myfcd.moh.gov.my/myfcd97/index.php/site/detail_product/102006/0/10/-1/0/0,2026-09-05T23:02:48.747346,per_100g,100.0,g,1 cup (cut pieces),1.0,31.0,g,332.0,,17.0,0.0,0.0,82.9,0.0,0.1,,,,,,,13.0,4.0,27.0,17.0,0.4,,,,,0.0,0.0,0.0,1.8,0.0,0.0,1,
MyFCD 1997,102007,"SWEET POTATO (UBI KELEDEK), IPOMOEA BATATAS",Ubi Keledek,UBI KELEDEK,"Starchy roots, tubers and products","Tee ES, Mohd Ismail N, Mohd Nasir A, Khatijah I (1997). Nutrient Composition of Malaysian Foods, 4th Edition. Institute for Medical Research (IMR), Kuala Lumpur.",1997-01-01,https://myfcd.moh.gov.my/myfcd97/index.php/site/detail_product/102007/0/10/-1/0/0,2026-09-05T23:02:48.867973,per_100g,100.0,g,"1 round slice (DxT, 8x1 cm)",1.0,65.0,g,138.0,,64.3,2.0,0.5,31.3,0.5,1.4,,,,,,,36.0,210.0,16.0,32.0,0.6,,,,,23.8,0.1,0.09,0.5,0.0,0.0,1,
MyFCD 1997,102009,"TAPIOCA, FRESH TUBER (UBI KAYU), MANIHOT UTILISSIMA",Ubi Kayu,UBI KAYU,"Starchy roots, tubers and products","Tee ES, Mohd Ismail N, Mohd Nasir A, Khatijah I (1997). Nutrient Composition of Malaysian Foods, 4th Edition. Institute for Medical Research (IMR), Kuala Lumpur.",1997-01-01,https://myfcd.moh.gov.my/myfcd97/index.php/site/detail_product/102009/0/10/-1/0/0,2026-09-05T23:02:48.872556,per_100g,100.0,g,"1 round thin slice (DxT, 7.5x1 cm)",1.0,63.3,g,162.0,,59.7,0.8,0.2,38.2,0.5,0.6,,,,,,,2.0,209.0,39.0,65.0,1.0,,,,,35.9,0.06,0.2,0.2,0.0,0.0,1,
MyFCD 1997,102008,"SWEET POTATO, DRIED (UBI KELEDEK, KERING)","Ubi Keledek, Kering","UBI KELEDEK, KERING","Starchy roots, tubers and products","Tee ES, Mohd Ismail N, Mohd Nasir A, Khatijah I (1997). Nutrient Composition of Malaysian Foods, 4th Edition. Institute for Medical Research (IMR), Kuala Lumpur.",1997-01-01,https://myfcd.moh.gov.my/myfcd97/index.php/site/detail_product/102008/0/10/-1/0/0,2026-09-05T23:02:48.894560,per_100g,100.0,g,"5 round pieces (DxT, 4.3x0.1 cm)",1.0,6.3,g,359.0,,7.0,5.1,0.3,84.0,2.2,1.4,,,,,,,26.0,426.0,48.0,103.0,1.4,,,,,12.0,0.18,0.14,1.9,43.0,260.0,1,
MyFCD 1997,102010,TAPIOCA FLOUR (TEPUNG UBI KAYU),Tepung Ubi Kayu,TEPUNG UBI KAYU,"Starchy roots, tubers and products","Tee ES, Mohd Ismail N, Mohd Nasir A, Khatijah I (1997). Nutrient Composition of Malaysian Foods, 4th Edition. Institute for Medical Research (IMR), Kuala Lumpur.",1997-01-01,https://myfcd.moh.gov.my/myfcd97/index.php/site/detail_product/102010/0/10/-1/0/0,2026-09-05T23:02:48.974317,per_100g,100.0,g,1 teaspoon,1.0,7.6,g,351.0,,12.2,1.0,0.1,86.5,0.0,0.2,,,,,,,1.0,7.0,24.0,37.0,1.2,,,,,0.0,0.01,0.02,0.4,0.0,0.0,1,
MyFCD 1997,102011,"TANNIA (KELADI TELUR), XANTHOSOMA SAGITTIFOLIUM",Keladi Telur,KELADI TELUR,"Starchy roots, tubers and products","Tee ES, Mohd Ismail N, Mohd Nasir A, Khatijah I (1997). Nutrient Composition of Malaysian Foods, 4th Edition. Institute for Medical Research (IMR), Kuala Lumpur.",1997-01-01,https://myfcd.moh.gov.my/myfcd97/index.php/site/detail_product/102011/0/10/-1/0/0,2026-09-05T23:02:48.976451,per_100g,100.0,g,"1 whole, small, oval (LxD, 3x2 cm)",1.0,11.8,g,109.0,,71.3,1.1,0.2,25.8,0.5,1.1,,,,,,,5.0,417.0,19.0,19.0,2.2,,,,,7.6,0.11,0.06,1.8,0.0,0.0,1,
MyFCD 1997,102012,"TARO (UBI KELADI CINA), COLOCASIA ESCULENTUM",Ubi Keladi Cina,UBI KELADI CINA,"Starchy roots, tubers and products","Tee ES, Mohd Ismail N, Mohd Nasir A, Khatijah I (1997). Nutrient Composition of Malaysian Foods, 4th Edition. Institute for Medical Research (IMR), Kuala Lumpur.",1997-01-01,https://myfcd.moh.gov.my/myfcd97/index.php/site/detail_product/102012/0/10/-1/0/0,2026-09-05T23:02:49.025786,per_100g,100.0,g,"1 small slice (DxT, 7.5x0.5 cm)",1.0,22.0,g,124.0,,68.4,1.5,0.2,29.0,0.2,0.7,,,,,,,11.0,252.0,20.0,32.0,1.4,,,,,6.0,0.1,0.05,1.3,0.0,0.0,1,
MyFCD 1997,103002,"DHAL, AUSTRALIAN (YELLOW) (DAL AUSTRALIA, KUNING) ; CAJANUS INDICUS/C. CAJAN",Yellow,YELLOW,Legumes and legume products,"Tee ES, Mohd Ismail N, Mohd Nasir A, Khatijah I (1997). Nutrient Composition of Malaysian Foods, 4th Edition. Institute for Medical Research (IMR), Kuala Lumpur.",1997-01-01,https://myfcd.moh.gov.my/myfcd97/index.php/site/detail_product/103002/0/10/-1/0/0,2026-09-05T23:02:49.078087,per_100g,100.0,g,1 cup,1.0,197.9,g,351.0,,10.7,20.2,1.3,64.6,0.8,2.4,,,,,,,19.0,571.0,33.0,320.0,3.6,,,,,1.1,1.4,0.17,1.7,0.0,0.0,1,
MyFCD 1997,103001,CHICKPEA / COMMON GRAM (KACANG KUDA) ; CICER ARIETINUM,Kacang Kuda,KACANG KUDA,Legumes and legume products,"Tee ES, Mohd Ismail N, Mohd Nasir A, Khatijah I (1997). Nutrient Composition of Malaysian Foods, 4th Edition. Institute for Medical Research (IMR), Kuala Lumpur.",1997-01-01,https://myfcd.moh.gov.my/myfcd97/index.php/site/detail_product/103001/0/10/-1/0/0,2026-09-05T23:02:49.085463,per_100g,100.0,g,1 cup,1.0,185.8,g,365.0,,9.8,20.4,5.1,59.4,2.6,2.7,,,,,,,7.0,835.0,144.0,315.0,6.9,,,,,1.0,0.45,0.16,1.4,31.0,185.0,1,
MyFCD 1997,103003,"DHAL, MYSORE (ORANGE) (DAL, MYSOR) ; CAJANUS INDICUS/C. CAJAN",Orange,ORANGE,Legumes and legume products,"Tee ES, Mohd Ismail N, Mohd Nasir A, Khatijah I (1997). Nutrient Composition of Malaysian Foods, 4th Edition. Institute for Medical Research (IMR), Kuala Lumpur.",1997-01-01,https://myfcd.moh.gov.my/myfcd97/index.php/site/detail_product/103003/0/10/-1/0/0,2026-09-05T23:02:49.145727,per_100g,100.0,g,1 cup,1.0,195.7,g,354.0,,10.6,26.7,1.3,59.0,0.4,2.0,,,,,,,19.0,721.0,25.0,344.0,5.8,,,,,0.0,0.42,0.23,2.4,4.0,27.0,1,
MyFCD 1997,103005,"DHAL, YELLOW (DAL KUNING) ; CAJANUS INDICUS/C. CAJAN",Dal Kuning,DAL KUNING,Legumes and legume products,"Tee ES, Mohd Ismail N, Mohd Nasir A, Khatijah I (1997). Nutrient Composition of Malaysian Foods, 4th Edition. Institute for Medical Research (IMR), Kuala Lumpur.",1997-01-01,https://myfcd.moh.gov.my/myfcd97/index.php/site/detail_product/103005/0/10/-1/0/0,2026-09-05T23:02:49.196494,per_100g,100.0,g,1 cup,1.0,190.5,g,335.0,,11.2,19.2,0.5,63.4,1.5,4.2,,,,,,,34.0,315.0,171.0,249.0,4.3,,,,,0.0,0.48,0.52,1.4,31.0,186.0,1,
MyFCD 1997,103004,"DHAL, RED (DAL MERAH)",Dal Merah,DAL MERAH,Legumes and legume products,"Tee ES, Mohd Ismail N, Mohd Nasir A, Khatijah I (1997). Nutrient Composition of Malaysian Foods, 4th Edition. Institute for Medical Research (IMR), Kuala Lumpur.",1997-01-01,https://myfcd.moh.gov.my/myfcd97/index.php/site/detail_product/103004/0/10/-1/0/0,2026-09-05T23:02:49.197387,per_100g,100.0,g,,,,,340.0,,12.1,21.9,0.1,62.8,0.7,2.4,,,,,,,48.0,265.0,64.0,105.0,2.0,,,,,0.0,0.65,0.18,2.8,18.0,110.0,1,
MyFCD 1997,103006,EGYPTION KIDNEY BEAN/HYACITH BEAN (KACANG SEPAT) ; DOLICHOS LABLAB,Kacang Sepat,KACANG SEPAT,Legumes and legume products,"Tee ES, Mohd Ismail N, Mohd Nasir A, Khatijah I (1997). Nutrient Composition of Malaysian Foods, 4th Edition. Institute for Medical Research (IMR), Kuala Lumpur.",1997-01-01,https://myfcd.moh.gov.my/myfcd97/index.php/site/detail_product/103006/0/10/-1/0/0,2026-09-05T23:02:49.267044,per_100g,100.0,g,,,,,318.0,,12.2,20.3,0.8,57.3,5.8,3.6,,,,,,,43.0,402.0,98.0,345.0,4.6,,,,,0.0,0.4,0.12,1.8,33.0,200.0,1,
MyFCD 1997,101050,"BREAD, RYEMEAL (ROTI MIL RAI)",Roti Mil Rai,ROTI MIL RAI,Cereals and cereal products,"Tee ES, Mohd Ismail N, Mohd Nasir A, Khatijah I (1997). Nutrient Composition of Malaysian Foods, 4th Edition. Institute for Medical Research (IMR), Kuala Lumpur.",1997-01-01,https://myfcd.moh.gov.my/myfcd97/index.php/site/detail_product/101050/0/10/-1/0/0,2026-09-05T23:02:49.281316,per_100g,100.0,g,"1 square slice (LxWxT, 10x10x1 cm))",1.0,30.4,g,258.0,,35.4,10.5,1.6,50.4,0.4,1.7,,,,,,,397.0,97.0,52.0,143.0,3.4,,,,,2.8,0.37,0.3,2.2,33.0,0.0,1,
MyFCD 1997,103008,"GRAM, GREEN/MUNG BEAN (KACANG HIJAU) ; PHASEOLUS AUREUS",Kacang Hijau,KACANG HIJAU,Legumes and legume products,"Tee ES, Mohd Ismail N, Mohd Nasir A, Khatijah I (1997). Nutrient Composition of Malaysian Foods, 4th Edition. Institute for Medical Research (IMR), Kuala Lumpur.",1997-01-01,https://myfcd.moh.gov.my/myfcd97/index.php/site/detail_product/103008/0/10/-1/0/0,2026-09-05T23:02:49.314050,per_100g,100.0,g,1 cup,1.0,196.9,g,328.0,,11.5,16.1,0.8,64.2,3.7,3.7,,,,,,,25.0,654.0,108.0,327.0,5.5,,,,,3.0,0.72,0.45,1.8,42.0,250.0,1,
MyFCD 1997,103007,"GRAM, BLACK (KACANG HITAM) ; PHASEOLUS MUNGO",Kacang Hitam,KACANG HITAM,Legumes and legume products,"Tee ES, Mohd Ismail N, Mohd Nasir A, Khatijah I (1997). Nutrient Composition of Malaysian Foods, 4th Edition. Institute for Medical Research (IMR), Kuala Lumpur.",1997-01-01,https://myfcd.moh.gov.my/myfcd97/index.php/site/detail_product/103007/0/10/-1/0/0,2026-09-05T23:02:49.317892,per_100g,100.0,g,1 cup,1.0,177.2,g,327.0,,10.9,14.3,0.9,65.6,4.5,3.8,,,,,,,64.0,807.0,167.0,148.0,5.5,,,,,2.0,0.42,0.2,2.1,5.0,28.0,1,
MyFCD 1997,103009,"GRAM, RED (KACANG MERAH) ; PHASEOLUS ANGULARIS",Kacang Merah,KACANG MERAH,Legumes and legume products,"Tee ES, Mohd Ismail N, Mohd Nasir A, Khatijah I (1997). Nutrient Composition of Malaysian Foods, 4th Edition. Institute for Medical Research (IMR), Kuala Lumpur.",1997-01-01,https://myfcd.moh.gov.my/myfcd97/index.php/site/detail_product/103009/0/10/-1/0/0,2026-09-05T23:02:49.360977,per_100g,100.0,g,1 cup,1.0,193.4,g,326.0,,12.3,15.1,0.7,64.9,3.9,3.1,,,,,,,15.0,739.0,85.0,296.0,4.2,,,,,0.0,0.45,0.34,2.3,0.0,0.0,1,
MyFCD 1997,103012,"SOYA BEAN, BLACK (KACANG SOYA HITAM)",Kacang Soya Hitam,KACANG SOYA HITAM,Legumes and legume products,"Tee ES, Mohd Ismail N, Mohd Nasir A, Khatijah I (1997). Nutrient Composition of Malaysian Foods, 4th Edition. Institute for Medical Research (IMR), Kuala Lumpur.",1997-01-01,https://myfcd.moh.gov.my/myfcd97/index.php/site/detail_product/103012/0/10/-1/0/0,2026-09-05T23:02:49.430397,per_100g,100.0,g,,,,,373.0,,12.3,32.2,13.3,31.0,6.2,5.0,,,,,,,36.0,386.0,110.0,112.0,5.4,,,,,15.5,0.74,0.24,3.4,19.0,116.0,1,
MyFCD 1997,103011,LIMA BEANS (KACANG CINA); PHASEOLUS LUNATUS,Kacang Cina,KACANG CINA,Legumes and legume products,"Tee ES, Mohd Ismail N, Mohd Nasir A, Khatijah I (1997). Nutrient Composition of Malaysian Foods, 4th Edition. Institute for Medical Research (IMR), Kuala Lumpur.",1997-01-01,https://myfcd.moh.gov.my/myfcd97/index.php/site/detail_product/103011/0/10/-1/0/0,2026-09-05T23:02:49.430914,per_100g,100.0,g,,,,,306.0,,12.8,24.2,1.0,50.1,8.4,3.5,,,,,,,18.0,295.0,90.0,240.0,4.1,,,,,0.0,0.46,0.21,1.4,0.0,0.0,1,
MyFCD 1997,103010,LENTIL (LENTIL); LENS ESCULENTA,Lentil,LENTIL,Legumes and legume products,"Tee ES, Mohd Ismail N, Mohd Nasir A, Khatijah I (1997). Nutrient Composition of Malaysian Foods, 4th Edition. Institute for Medical Research (IMR), Kuala Lumpur.",1997-01-01,https://myfcd.moh.gov.my/myfcd97/index.php/site/detail_product/103010/0/10/-1/0/0,2026-09-05T23:02:49.431462,per_100g,100.0,g,,,,,317.0,,11.4,19.3,0.2,59.4,5.8,3.9,,,,,,,30.0,415.0,115.0,230.0,8.0,,,,,3.0,0.63,0.7,0.8,64.0,383.0,1,
MyFCD 1997,103013,"SOYA BEAN, WHITE (KACANG SOYA PUTIH) ; GLYCINE MAX/G. SOJA/G. HISPIDA",Kacang Soya Putih,KACANG SOYA PUTIH,Legumes and legume products,"Tee ES, Mohd Ismail N, Mohd Nasir A, Khatijah I (1997). Nutrient Composition of Malaysian Foods, 4th Edition. Institute for Medical Research (IMR), Kuala Lumpur.",1997-01-01,https://myfcd.moh.gov.my/myfcd97/index.php/site/detail_product/103013/0/10/-1/0/0,2026-09-05T23:02:49.474591,per_100g,100.0,g,1 cup,1.0,176.3,g,407.0,,11.5,33.8,18.9,25.5,5.5,4.8,,,,,,,46.0,397.0,198.0,440.0,6.0,,,,,7.5,0.87,0.34,1.0,18.0,109.0,1,
MyFCD 1997,103016,SOYA BEAN CURD (TAU-KUA),Tau-Kua,TAU-KUA,Legumes and legume products,"Tee ES, Mohd Ismail N, Mohd Nasir A, Khatijah I (1997). Nutrient Composition of Malaysian Foods, 4th Edition. Institute for Medical Research (IMR), Kuala Lumpur.",1997-01-01,https://myfcd.moh.gov.my/myfcd97/index.php/site/detail_product/103016/0/10/-1/0/0,2026-09-05T23:02:49.543757,per_100g,100.0,g,"1 piece (LxWxT, 5.5x6x2.5 cm)",1.0,106.9,g,102.0,,79.6,10.9,4.7,4.0,0.0,0.8,,,,,,,2.0,58.0,164.0,142.0,2.6,,,,,0.0,0.14,0.09,0.1,23.0,135.0,1,
MyFCD 1997,103015,"SOYA BEAN CAKE, FERMENTED (TEMPEH)",Tempeh,TEMPEH,Legumes and legume products,"Tee ES, Mohd Ismail N, Mohd Nasir A, Khatijah I (1997). Nutrient Composition of Malaysian Foods, 4th Edition. Institute for Medical Research (IMR), Kuala Lumpur.",1997-01-01,https://myfcd.moh.gov.my/myfcd97/index.php/site/detail_product/103015/0/10/-1/0/0,2026-09-05T23:02:49.546640,per_100g,100.0,g,"1/2 cup (diced, 0.5 cm cube)",1.0,54.0,g,158.0,,66.0,15.9,7.5,6.8,2.9,0.9,,,,,,,7.0,178.0,69.0,183.0,1.8,,,,,1.5,0.08,0.45,3.7,0.0,0.0,1,
MyFCD 1997,103014,"SOYA BEAN PASTE, FERMENTED (TAU-CEO)",Tau-Ceo,TAU-CEO,Legumes and legume products,"Tee ES, Mohd Ismail N, Mohd Nasir A, Khatijah I (1997). Nutrient Composition of Malaysian Foods, 4th Edition. Institute for Medical Research (IMR), Kuala Lumpur.",1997-01-01,https://myfcd.moh.gov.my/myfcd97/index.php/site/detail_product/103014/0/10/-1/0/0,2026-09-05T23:02:49.547874,per_100g,100.0,g,1 tablespoon,1.0,19.3,g,146.0,,54.0,9.7,5.4,14.7,3.7,12.5,,,,,,,1766.0,233.0,139.0,119.0,5.9,,,,,0.0,0.2,0.2,0.8,0.0,0.0,1,
MyFCD 1997,103017,"SOYA BEAN CURD, FRIED (TAU-KUA GORENG)",Tau-Kua Goreng,TAU-KUA GORENG,Legumes and legume products,"Tee ES, Mohd Ismail N, Mohd Nasir A, Khatijah I (1997). Nutrient Composition of Malaysian Foods, 4th Edition. Institute for Medical Research (IMR), Kuala Lumpur.",1997-01-01,https://myfcd.moh.gov.my/myfcd97/index.php/site/detail_product/103017/0/10/-1/0/0,2026-09-05T23:02:49.593509,per_100g,100.0,g,"1 piece (LxWxT, 6x6x3 cm)",1.0,91.9,g,220.0,,62.7,17.0,15.2,3.7,0.0,1.4,,,,,,,12.0,112.0,256.0,287.0,7.3,,,,,0.0,0.06,0.4,0.0,0.0,0.0,1,
MyFCD 1997,103018,"SOYA BEAN CURD, SPICED (NGOR-HIONG TAU-KUA)",Ngor-Hiong Tau-Kua,NGOR-HIONG TAU-KUA,Legumes and legume products,"Tee ES, Mohd Ismail N, Mohd Nasir A, Khatijah I (1997). Nutrient Composition of Malaysian Foods, 4th Edition. Institute for Medical Research (IMR), Kuala Lumpur.",1997-01-01,https://myfcd.moh.gov.my/myfcd97/index.php/site/detail_product/103018/0/10/-1/0/0,2026-09-05T23:02:49.657204,per_100g,100.0,g,,,,,129.0,,74.5,14.7,6.9,2.1,0.0,1.8,,,,,,,193.0,60.0,245.0,186.0,4.6,,,,,0.0,0.03,0.07,0.3,0.0,0.0,1,
MyFCD 1997,103019,SOYA BEAN CURD (TAU-HOO),Tau-Hoo,TAU-HOO,Legumes and legume products,"Tee ES, Mohd Ismail N, Mohd Nasir A, Khatijah I (1997). Nutrient Composition of Malaysian Foods, 4th Edition. Institute for Medical Research (IMR), Kuala Lumpur.",1997-01-01,https://myfcd.moh.gov.my/myfcd97/index.php/site/detail_product/103019/0/10/-1/0/0,2026-09-05T23:02:49.659403,per_100g,100.0,g,"1 piece (LxWxT, 6x7.5x3.5 cm)",1.0,152.4,g,67.0,,86.7,7.2,3.4,2.0,0.0,0.7,,,,,,,28.0,120.0,135.0,97.0,2.2,,,,,2.0,0.13,0.08,0.2,0.0,0.0,1,
MyFCD 1997,103020,"SOYA BEAN CURD, SHEET/FILM (FUCOK)",Fucok,FUCOK,Legumes and legume products,"Tee ES, Mohd Ismail N, Mohd Nasir A, Khatijah I (1997). Nutrient Composition of Malaysian Foods, 4th Edition. Institute for Medical Research (IMR), Kuala Lumpur.",1997-01-01,https://myfcd.moh.gov.my/myfcd97/index.php/site/detail_product/103020/0/10/-1/0/0,2026-09-05T23:02:49.660234,per_100g,100.0,g,"1 cup (cut pieces, 2 cm square)",1.0,20.7,g,450.0,,13.6,43.3,23.2,17.0,0.0,2.9,,,,,,,53.0,441.0,191.0,577.0,2.0,,,,,0.0,0.15,0.08,0.7,0.0,0.0,1,
MyFCD 1997,103021,"SOYA BEAN CURD, STRANDS (FUCOK)",Fucok,FUCOK,Legumes and legume products,"Tee ES, Mohd Ismail N, Mohd Nasir A, Khatijah I (1997). Nutrient Composition of Malaysian Foods, 4th Edition. Institute for Medical Research (IMR), Kuala Lumpur.",1997-01-01,https://myfcd.moh.gov.my/myfcd97/index.php/site/detail_product/103021/0/10/-1/0/0,2026-09-05T23:02:50.401628,per_100g,100.0,g,"1 strand (LxW, 44x3.5 cm)",1.0,14.5,g,414.0,,11.2,44.4,15.5,24.1,0.0,4.8,,,,,,,343.0,696.0,239.0,635.0,2.2,,,,,0.0,0.15,0.6,2.3,0.0,0.0,1,
MyFCD 1997,103022,"SOYA BEAN CURD, SHEET/STRIP (TIM-COK)",Tim-Cok,TIM-COK,Legumes and legume products,"Tee ES, Mohd Ismail N, Mohd Nasir A, Khatijah I (1997). Nutrient Composition of Malaysian Foods, 4th Edition. Institute for Medical Research (IMR), Kuala Lumpur.",1997-01-01,https://myfcd.moh.gov.my/myfcd97/index.php/site/detail_product/103022/0/10/-1/0/0,2026-09-05T23:02:50.454806,per_100g,100.0,g,"1 rectangular piece (LxWxT, 12x6x0.2 cm)",1.0,10.2,g,341.0,,14.1,32.6,6.2,38.8,0.0,8.3,,,,,,,309.0,2197.0,156.0,482.0,12.1,,,,,0.0,0.03,0.7,1.3,0.0,0.0,1,
MyFCD 1997,103024,"SOYA BEAN CURD, UNSWEETENED (TAU-HOO-FAH, TANPA GULA)","Tau-Hoo-Fah, Tanpa Gula","TAU-HOO-FAH, TANPA GULA",Legumes and legume products,"Tee ES, Mohd Ismail N, Mohd Nasir A, Khatijah I (1997). Nutrient Composition of Malaysian Foods, 4th Edition. Institute for Medical Research (IMR), Kuala Lumpur.",1997-01-01,https://myfcd.moh.gov.my/myfcd97/index.php/site/detail_product/103024/0/10/-1/0/0,2026-09-05T23:02:50.465407,per_100g,100.0,g,1 cup (250 ml),1.0,247.7,g,26.0,,93.7,1.9,0.4,3.6,0.0,0.4,,,,,,,2.0,79.0,66.0,27.0,0.4,,,,,0.0,0.01,0.02,0.2,0.0,0.0,1,
MyFCD 1997,101045,"BISCUIT, PEANUT AND COCONUT (BISKUT KACANG DAN KELAPA)",Biskut Kacang Dan Kelapa,BISKUT KACANG DAN KELAPA,Cereals and cereal products,"Tee ES, Mohd Ismail N, Mohd Nasir A, Khatijah I (1997). Nutrient Composition of Malaysian Foods, 4th Edition. Institute for Medical Research (IMR), Kuala Lumpur.",1997-01-01,https://myfcd.moh.gov.my/myfcd97/index.php/site/detail_product/101045/0/10/-1/0/0,2026-09-05T23:02:50.468145,per_100g,100.0,g,"1 round piece (DxT, 5x1 cm)",1.0,21.3,g,450.0,,4.6,9.4,15.7,67.8,1.4,1.1,,,,,,,160.0,189.0,13.0,121.0,1.8,,,,,0.0,0.09,0.05,11.3,23.0,47.0,1,
MyFCD 1997,103025,"SOYA BEAN MILK, PACKET (SUSU KACANG SOYA, KOTAK)","Susu Kacang Soya, Kotak","SUSU KACANG SOYA, KOTAK",Legumes and legume products,"Tee ES, Mohd Ismail N, Mohd Nasir A, Khatijah I (1997). Nutrient Composition of Malaysian Foods, 4th Edition. Institute for Medical Research (IMR), Kuala Lumpur.",1997-01-01,https://myfcd.moh.gov.my/myfcd97/index.php/site/detail_product/103025/0/10/-1/0/0,2026-09-05T23:02:50.527608,per_100g,100.0,g,1 packet (250 ml),1.0,258.5,g,63.0,,86.7,1.3,2.2,9.6,0.0,0.2,,,,,,,2.0,42.0,7.0,16.0,0.2,,,,,0.3,0.05,0.03,0.1,0.0,0.0,1,
MyFCD 1997,103027,SOYA BEAN NOODLES (MEE KACANG SOYA),Mee Kacang Soya,MEE KACANG SOYA,Legumes and legume products,"Tee ES, Mohd Ismail N, Mohd Nasir A, Khatijah I (1997). Nutrient Composition of Malaysian Foods, 4th Edition. Institute for Medical Research (IMR), Kuala Lumpur.",1997-01-01,https://myfcd.moh.gov.my/myfcd97/index.php/site/detail_product/103027/0/10/-1/0/0,2026-09-05T23:02:50.572052,per_100g,100.0,g,"1 piece (LxW, 11.5x6cm)",1.0,18.5,g,350.0,,11.1,12.5,0.5,73.9,0.0,2.0,,,,,,,684.0,79.0,26.0,97.0,1.4,,,,,0.0,0.14,0.1,2.9,0.0,0.0,1,
MyFCD 1997,103026,"SOYA BEAN MILK, UNSWEETENED (SUSU KACANG SOYA, TANPA GULA)","Susu Kacang Soya, Tanpa Gula","SUSU KACANG SOYA, TANPA GULA",Legumes and legume products,"Tee ES, Mohd Ismail N, Mohd Nasir A, Khatijah I (1997). Nutrient Composition of Malaysian Foods, 4th Edition. Institute for Medical Research (IMR), Kuala Lumpur.",1997-01-01,https://myfcd.moh.gov.my/myfcd97/index.php/site/detail_product/103026/0/10/-1/0/0,2026-09-05T23:02:50.587432,per_100g,100.0,g,1 cup (250 ml),1.0,250.0,g,59.0,,86.0,3.7,1.2,8.4,0.0,0.7,,,,,,,2.0,63.0,20.0,50.0,0.3,,,,,0.0,0.02,0.02,0.1,0.0,0.0,1,
MyFCD 1997,103028,"SOYA SAUCE, THICK (VISCOUS) (KICAP PEKAT)",Viscous,VISCOUS,Legumes and legume products,"Tee ES, Mohd Ismail N, Mohd Nasir A, Khatijah I (1997). Nutrient Composition of Malaysian Foods, 4th Edition. Institute for Medical Research (IMR), Kuala Lumpur.",1997-01-01,https://myfcd.moh.gov.my/myfcd97/index.php/site/detail_product/103028/0/10/-1/0/0,2026-09-05T23:02:50.591352,per_100g,100.0,g,1 tablespoon,1.0,20.1,g,179.0,,48.0,6.7,0.4,37.1,0.0,7.8,,,,,,,2807.0,152.0,64.0,24.0,4.0,,,,,0.0,0.0,1.14,0.0,0.0,0.0,1,
MyFCD 1997,103029,"SOYA SAUCE, THIN (DILUTE) (KICAP CAIR)",Dilute,DILUTE,Legumes and legume products,"Tee ES, Mohd Ismail N, Mohd Nasir A, Khatijah I (1997). Nutrient Composition of Malaysian Foods, 4th Edition. Institute for Medical Research (IMR), Kuala Lumpur.",1997-01-01,https://myfcd.moh.gov.my/myfcd97/index.php/site/detail_product/103029/0/10/-1/0/0,2026-09-05T23:02:50.619111,per_100g,100.0,g,1 tablespoon,1.0,17.2,g,74.0,,62.0,9.2,0.0,9.3,0.0,19.5,,,,,,,7299.0,46.0,52.0,21.0,0.2,,,,,0.0,0.0,0.09,0.2,0.0,0.0,1,
MyFCD 1997,103030,APPALAM,Appalam,,Legumes and legume products,"Tee ES, Mohd Ismail N, Mohd Nasir A, Khatijah I (1997). Nutrient Composition of Malaysian Foods, 4th Edition. Institute for Medical Research (IMR), Kuala Lumpur.",1997-01-01,https://myfcd.moh.gov.my/myfcd97/index.php/site/detail_product/103030/0/10/-1/0/0,2026-09-05T23:02:50.690405,per_100g,100.0,g,"5 flat pieces (DxT, 8.5x0.2 cm)",1.0,17.0,g,271.0,,24.5,17.5,1.1,47.8,0.4,8.7,,,,,,,2054.0,554.0,100.0,338.0,7.8,,,,,0.0,0.05,0.11,1.6,38.0,0.0,1,
MyFCD 1997,103031,"BAKED BEAN, CANNED (KACANG PANGGANG DALAM TIN)","Baked Bean, Canned",KACANG PANGGANG DALAM TIN,Legumes and legume products,"Tee ES, Mohd Ismail N, Mohd Nasir A, Khatijah I (1997). Nutrient Composition of Malaysian Foods, 4th Edition. Institute for Medical Research (IMR), Kuala Lumpur.",1997-01-01,https://myfcd.moh.gov.my/myfcd97/index.php/site/detail_product/103031/0/10/-1/0/0,2026-09-05T23:02:50.697683,per_100g,100.0,g,1/2 cup (beans only),1.0,118.5,g,81.0,,77.4,4.2,0.1,15.8,0.9,1.6,,,,,,,308.0,198.0,40.0,67.0,1.9,,,,,3.0,0.04,0.07,0.5,150.0,790.0,1,
MyFCD 1997,104001,ALMOND (BUAH BADAM) ; PRUNUS AMYGDALUS,Buah Badam,BUAH BADAM,"Nuts, seeds and products","Tee ES, Mohd Ismail N, Mohd Nasir A, Khatijah I (1997). Nutrient Composition of Malaysian Foods, 4th Edition. Institute for Medical Research (IMR), Kuala Lumpur.",1997-01-01,https://myfcd.moh.gov.my/myfcd97/index.php/site/detail_product/104001/0/10/-1/0/0,2026-09-05T23:02:50.720582,per_100g,100.0,g,"10 nuts (LxD, 2.5x1.5 cm)",1.0,14.6,g,554.0,,4.1,21.0,48.8,7.8,15.5,2.8,,,,,,,11.0,412.0,222.0,385.0,3.3,,,,,1.7,0.16,0.52,2.4,0.0,0.0,1,
MyFCD 1997,104002,ARECANUT SHAVINGS (BUAH PINANG) ; ARECA CATECHU,Buah Pinang,BUAH PINANG,"Nuts, seeds and products","Tee ES, Mohd Ismail N, Mohd Nasir A, Khatijah I (1997). Nutrient Composition of Malaysian Foods, 4th Edition. Institute for Medical Research (IMR), Kuala Lumpur.",1997-01-01,https://myfcd.moh.gov.my/myfcd97/index.php/site/detail_product/104002/0/10/-1/0/0,2026-09-05T23:02:50.734178,per_100g,100.0,g,"5 round pieces (D, 2cm)",1.0,6.7,g,325.0,,10.9,5.4,8.2,57.5,16.9,1.1,,,,,,,34.0,208.0,44.0,112.0,5.4,,,,,0.0,0.0,0.03,0.2,8.0,50.0,1,
MyFCD 1997,104003,BRAZIL NUT (KACANG BRAZIL) ; BERTHOLLETIA EXCELSA,Kacang Brazil,KACANG BRAZIL,"Nuts, seeds and products","Tee ES, Mohd Ismail N, Mohd Nasir A, Khatijah I (1997). Nutrient Composition of Malaysian Foods, 4th Edition. Institute for Medical Research (IMR), Kuala Lumpur.",1997-01-01,https://myfcd.moh.gov.my/myfcd97/index.php/site/detail_product/104003/0/10/-1/0/0,2026-09-05T23:02:50.786691,per_100g,100.0,g,,,,,469.0,,3.2,15.2,24.3,47.3,6.3,3.7,,,,,,,22.0,534.0,201.0,675.0,2.3,,,,,0.0,0.81,0.05,0.7,0.0,0.0,1,
MyFCD 1997,104004,CANDLENUT (BUAH KERAS) ; ALEURITES MOLUCCANA,Buah Keras,BUAH KERAS,"Nuts, seeds and products","Tee ES, Mohd Ismail N, Mohd Nasir A, Khatijah I (1997). Nutrient Composition of Malaysian Foods, 4th Edition. Institute for Medical Research (IMR), Kuala Lumpur.",1997-01-01,https://myfcd.moh.gov.my/myfcd97/index.php/site/detail_product/104004/0/10/-1/0/0,2026-09-05T23:02:50.810083,per_100g,100.0,g,"5 nuts (D, 3 cm)",1.0,15.9,g,668.0,,5.0,18.2,62.3,8.5,3.1,2.9,,,,,,,26.0,440.0,154.0,603.0,3.4,,,,,0.0,0.08,0.06,0.4,0.0,0.0,1,
MyFCD 1997,104005,CASHEW NUT (BIJI GAJUS) ; ANACARDIUM OCCIDENTALE,Biji Gajus,BIJI GAJUS,"Nuts, seeds and products","Tee ES, Mohd Ismail N, Mohd Nasir A, Khatijah I (1997). Nutrient Composition of Malaysian Foods, 4th Edition. Institute for Medical Research (IMR), Kuala Lumpur.",1997-01-01,https://myfcd.moh.gov.my/myfcd97/index.php/site/detail_product/104005/0/10/-1/0/0,2026-09-05T23:02:50.830888,per_100g,100.0,g,"10 nuts (LxW, 2.5x1 cm)",1.0,16.8,g,579.0,,4.9,21.2,46.7,18.5,6.4,2.3,,,,,,,20.0,410.0,43.0,365.0,7.7,,,,,60.0,0.67,0.16,2.5,51.0,0.0,1,
MyFCD 1997,104006,"CHESTNUT, CHINESE (BUAH BERANGAN/KAO-LAK) ; CASTANEA SPP.",Buah Berangan/Kao-Lak,BUAH BERANGAN/KAO-LAK,"Nuts, seeds and products","Tee ES, Mohd Ismail N, Mohd Nasir A, Khatijah I (1997). Nutrient Composition of Malaysian Foods, 4th Edition. Institute for Medical Research (IMR), Kuala Lumpur.",1997-01-01,https://myfcd.moh.gov.my/myfcd97/index.php/site/detail_product/104006/0/10/-1/0/0,2026-09-05T23:02:50.848054,per_100g,100.0,g,"1 nut (DxT, 2.6x1.6 cm)",1.0,7.7,g,227.0,,44.4,4.4,3.4,44.8,0.8,2.2,,,,,,,5.0,300.0,27.0,75.0,1.6,,,,,27.4,0.21,0.0,1.2,0.0,0.0,1,
MyFCD 1997,104007,"COCONUT (KELAPA),OLD ; COCOS NUCIFERA",Kelapa,KELAPA,"Nuts, seeds and products","Tee ES, Mohd Ismail N, Mohd Nasir A, Khatijah I (1997). Nutrient Composition of Malaysian Foods, 4th Edition. Institute for Medical Research (IMR), Kuala Lumpur.",1997-01-01,https://myfcd.moh.gov.my/myfcd97/index.php/site/detail_product/104007/0/10/-1/0/0,2026-09-05T23:02:50.898194,per_100g,100.0,g,"1 whole (LxD, 20x14 cm)",1.0,846.6,g,384.0,,36.7,3.9,33.9,15.7,3.3,6.5,,,,,,,26.0,295.0,10.0,5.0,2.1,,,,,16.8,0.11,0.18,0.4,0.0,0.0,1,
MyFCD 1997,104008,COCONUT CREAM (KRIM KELAPA),Krim Kelapa,KRIM KELAPA,"Nuts, seeds and products","Tee ES, Mohd Ismail N, Mohd Nasir A, Khatijah I (1997). Nutrient Composition of Malaysian Foods, 4th Edition. Institute for Medical Research (IMR), Kuala Lumpur.",1997-01-01,https://myfcd.moh.gov.my/myfcd97/index.php/site/detail_product/104008/0/10/-1/0/0,2026-09-05T23:02:50.935693,per_100g,100.0,g,1 tablespoon,1.0,15.6,g,733.0,,1.6,0.2,69.0,27.9,0.0,1.3,,,,,,,33.0,126.0,7.0,68.0,1.1,,,,,0.0,0.01,0.0,1.6,11.0,0.0,1,
MyFCD 1997,104010,"COCONUT FLESH, YOUNG (ISI KELAPA MUDA)",Isi Kelapa Muda,ISI KELAPA MUDA,"Nuts, seeds and products","Tee ES, Mohd Ismail N, Mohd Nasir A, Khatijah I (1997). Nutrient Composition of Malaysian Foods, 4th Edition. Institute for Medical Research (IMR), Kuala Lumpur.",1997-01-01,https://myfcd.moh.gov.my/myfcd97/index.php/site/detail_product/104010/0/10/-1/0/0,2026-09-05T23:02:50.947844,per_100g,100.0,g,1 cup (shredded),1.0,170.2,g,38.0,,91.6,1.1,1.5,5.0,0.0,0.8,,,,,,,9.0,284.0,19.0,41.0,1.4,,,,,5.0,0.02,0.01,0.3,0.0,0.0,1,
MyFCD 1997,104009,"COCONUT FLESH, OLD (ISI KELAPA TUA)",Isi Kelapa Tua,ISI KELAPA TUA,"Nuts, seeds and products","Tee ES, Mohd Ismail N, Mohd Nasir A, Khatijah I (1997). Nutrient Composition of Malaysian Foods, 4th Edition. Institute for Medical Research (IMR), Kuala Lumpur.",1997-01-01,https://myfcd.moh.gov.my/myfcd97/index.php/site/detail_product/104009/0/10/-1/0/0,2026-09-05T23:02:50.971557,per_100g,100.0,g,1 cup (shredded),1.0,103.3,g,357.0,,48.5,6.8,34.5,4.7,4.6,0.9,,,,,,,3.0,285.0,9.0,102.0,0.5,,,,,0.0,0.03,0.0,0.0,0.0,0.0,1,
MyFCD 1997,104011,COCONUT MILK (SANTAN KELAPA),Santan Kelapa,SANTAN KELAPA,"Nuts, seeds and products","Tee ES, Mohd Ismail N, Mohd Nasir A, Khatijah I (1997). Nutrient Composition of Malaysian Foods, 4th Edition. Institute for Medical Research (IMR), Kuala Lumpur.",1997-01-01,https://myfcd.moh.gov.my/myfcd97/index.php/site/detail_product/104011/0/10/-1/0/0,2026-09-05T23:02:51.005476,per_100g,100.0,g,1 tablespoon,1.0,14.0,g,278.0,,65.0,2.8,28.3,2.9,0.0,1.0,,,,,,,14.0,399.0,9.0,105.0,1.3,,,,,0.0,0.09,0.0,0.4,0.0,0.0,1,
MyFCD 1997,104012,"COCONUT MILK, POWDER, INSTANT (SERBUK SANTAN KELAPA)",Serbuk Santan Kelapa,SERBUK SANTAN KELAPA,"Nuts, seeds and products","Tee ES, Mohd Ismail N, Mohd Nasir A, Khatijah I (1997). Nutrient Composition of Malaysian Foods, 4th Edition. Institute for Medical Research (IMR), Kuala Lumpur.",1997-01-01,https://myfcd.moh.gov.my/myfcd97/index.php/site/detail_product/104012/0/10/-1/0/0,2026-09-05T23:02:51.151900,per_100g,100.0,g,1 tablespoon,1.0,6.1,g,679.0,,2.6,11.2,59.6,24.5,0.0,2.1,,,,,,,76.0,529.0,18.0,184.0,2.5,,,,,2.4,0.08,0.04,0.2,0.0,0.0,1,
MyFCD 1997,104013,COCONUT WATER (AIR KELAPA),Air Kelapa,AIR KELAPA,"Nuts, seeds and products","Tee ES, Mohd Ismail N, Mohd Nasir A, Khatijah I (1997). Nutrient Composition of Malaysian Foods, 4th Edition. Institute for Medical Research (IMR), Kuala Lumpur.",1997-01-01,https://myfcd.moh.gov.my/myfcd97/index.php/site/detail_product/104013/0/10/-1/0/0,2026-09-05T23:02:51.183297,per_100g,100.0,g,1 cup (250 ml),1.0,250.3,g,22.0,,94.0,0.0,0.0,5.6,0.0,0.4,,,,,,,1.0,198.0,14.0,12.0,0.1,,,,,4.6,0.0,0.0,0.0,0.0,0.0,1,
MyFCD 1997,104014,GINGELLY/SESAME SEED (BIJI BIJAN) ; SESAMUM INDICUM,Biji Bijan,BIJI BIJAN,"Nuts, seeds and products","Tee ES, Mohd Ismail N, Mohd Nasir A, Khatijah I (1997). Nutrient Composition of Malaysian Foods, 4th Edition. Institute for Medical Research (IMR), Kuala Lumpur.",1997-01-01,https://myfcd.moh.gov.my/myfcd97/index.php/site/detail_product/104014/0/10/-1/0/0,2026-09-05T23:02:51.203717,per_100g,100.0,g,1 teaspoon,1.0,3.1,g,536.0,,5.1,18.4,43.4,18.0,12.3,2.8,,,,,,,18.0,306.0,53.0,570.0,3.0,,,,,0.0,0.3,0.2,5.7,0.0,0.0,1,
MyFCD 1997,104015,"JACKFRUIT (NANGKA), SEED (BIJI NANGKA) ; ARTOCARPUS HETEROPHYLLUS",Nangka,NANGKA,"Nuts, seeds and products","Tee ES, Mohd Ismail N, Mohd Nasir A, Khatijah I (1997). Nutrient Composition of Malaysian Foods, 4th Edition. Institute for Medical Research (IMR), Kuala Lumpur.",1997-01-01,https://myfcd.moh.gov.my/myfcd97/index.php/site/detail_product/104015/0/10/-1/0/0,2026-09-05T23:02:51.234607,per_100g,100.0,g,"5 nuts (LxWxT, 4.3x2.5x0.5 cm)",1.0,56.1,g,139.0,,63.0,4.7,0.5,28.9,1.6,1.3,,,,,,,60.0,157.0,82.0,2.0,5.2,,,,,0.0,0.18,0.03,1.2,0.0,0.0,1,
MyFCD 1997,103023,SOYA BEAN CURD (TAU-HOO-POK),Tau-Hoo-Pok,TAU-HOO-POK,Legumes and legume products,"Tee ES, Mohd Ismail N, Mohd Nasir A, Khatijah I (1997). Nutrient Composition of Malaysian Foods, 4th Edition. Institute for Medical Research (IMR), Kuala Lumpur.",1997-01-01,https://myfcd.moh.gov.my/myfcd97/index.php/site/detail_product/103023/0/10/-1/0/0,2026-09-05T23:02:52.818072,per_100g,100.0,g,"1 piece (LxWxT, 6.5x6.5x3 cm)",1.0,15.4,g,355.0,,42.1,25.3,25.7,5.6,0.0,1.3,,,,,,,27.0,152.0,77.0,264.0,3.5,,,,,0.0,0.3,0.17,0.1,0.0,0.0,1,
MyFCD 1997,104019,PEANUT BUTTER (MENTEGA KACANG),Mentega Kacang,MENTEGA KACANG,"Nuts, seeds and products","Tee ES, Mohd Ismail N, Mohd Nasir A, Khatijah I (1997). Nutrient Composition of Malaysian Foods, 4th Edition. Institute for Medical Research (IMR), Kuala Lumpur.",1997-01-01,https://myfcd.moh.gov.my/myfcd97/index.php/site/detail_product/104019/0/10/-1/0/0,2026-09-05T23:03:07.438242,per_100g,100.0,g,1 tablespoon,1.0,16.4,g,598.0,,2.1,26.0,45.0,22.3,1.6,3.0,,,,,,,358.0,497.0,60.0,280.0,0.8,,,,,0.0,0.2,0.16,16.3,13.0,0.0,1,
MyFCD 1997,104017,LOTUS SEED (BIJI TERATAI) ; NELUMBO NUCIFERA,Biji Teratai,BIJI TERATAI,"Nuts, seeds and products","Tee ES, Mohd Ismail N, Mohd Nasir A, Khatijah I (1997). Nutrient Composition of Malaysian Foods, 4th Edition. Institute for Medical Research (IMR), Kuala Lumpur.",1997-01-01,https://myfcd.moh.gov.my/myfcd97/index.php/site/detail_product/104017/0/10/-1/0/0,2026-09-05T23:03:07.441454,per_100g,100.0,g,"10 nuts (D, 1 cm)",1.0,11.0,g,325.0,,14.0,12.3,1.2,66.3,2.4,3.8,,,,,,,8.0,1113.0,99.0,566.0,4.2,,,,,14.5,0.72,0.2,4.4,0.0,0.0,1,
MyFCD 1997,104018,PEANUT / GROUNDNUT (WITHOUT SHELL) (KACANG TANAH TANPA KULIT) ; ARACHIS HYPOGEA,Without Shell,WITHOUT SHELL,"Nuts, seeds and products","Tee ES, Mohd Ismail N, Mohd Nasir A, Khatijah I (1997). Nutrient Composition of Malaysian Foods, 4th Edition. Institute for Medical Research (IMR), Kuala Lumpur.",1997-01-01,https://myfcd.moh.gov.my/myfcd97/index.php/site/detail_product/104018/0/10/-1/0/0,2026-09-05T23:03:07.460605,per_100g,100.0,g,1 cup,1.0,154.4,g,543.0,,7.8,25.5,41.8,16.3,6.1,2.5,,,,,,,48.0,295.0,85.0,246.0,2.9,,,,,0.0,1.0,0.43,11.7,0.0,0.0,1,
MyFCD 1997,104021,"WATERMELON SEED, DRIED, BLACK (KUA-CI) ; CITRULLUS VULGARIS",Kua-Ci,KUA-CI,"Nuts, seeds and products","Tee ES, Mohd Ismail N, Mohd Nasir A, Khatijah I (1997). Nutrient Composition of Malaysian Foods, 4th Edition. Institute for Medical Research (IMR), Kuala Lumpur.",1997-01-01,https://myfcd.moh.gov.my/myfcd97/index.php/site/detail_product/104021/0/10/-1/0/0,2026-09-05T23:03:07.542678,per_100g,100.0,g,1 cup,1.0,42.1,g,530.0,,3.0,21.2,43.1,14.2,14.6,3.9,,,,,,,133.0,483.0,147.0,879.0,6.1,,,,,0.0,0.45,0.2,0.3,15.0,90.0,1,
MyFCD 1997,105002,"ASPARAGUS, FRESH (ASPARAGUS) ; ASPARAGUS OFFICINALIS ;",Asparagus,ASPARAGUS,Vegetables and vegetable products,"Tee ES, Mohd Ismail N, Mohd Nasir A, Khatijah I (1997). Nutrient Composition of Malaysian Foods, 4th Edition. Institute for Medical Research (IMR), Kuala Lumpur.",1997-01-01,https://myfcd.moh.gov.my/myfcd97/index.php/site/detail_product/105002/0/10/-1/0/0,2026-09-05T23:03:07.559565,per_100g,100.0,g,"5 spears (LxW,27x0.5 cm)",1.0,33.0,g,23.0,,93.3,2.6,0.6,1.8,1.1,0.6,,,,,,,13.0,167.0,12.0,50.0,0.6,,,,,25.1,0.15,0.13,0.6,14.0,83.0,1,
MyFCD 1997,105001,"ASAM GELUGOR, PUCUK (ASAM GELUGOR, PUCUK) ; GARCINIA ATROVIRIDIS ;","Asam Gelugor, Pucuk","ASAM GELUGOR, PUCUK",Vegetables and vegetable products,"Tee ES, Mohd Ismail N, Mohd Nasir A, Khatijah I (1997). Nutrient Composition of Malaysian Foods, 4th Edition. Institute for Medical Research (IMR), Kuala Lumpur.",1997-01-01,https://myfcd.moh.gov.my/myfcd97/index.php/site/detail_product/105001/0/10/-1/0/0,2026-09-05T23:03:07.576348,per_100g,100.0,g,,,,,73.0,,79.1,1.8,0.4,15.5,2.6,0.6,,,,,,,2.0,83.0,63.0,19.0,1.6,,,,,37.2,0.06,0.13,0.0,77.0,459.0,1,
MyFCD 1997,105003,"ASPARAGUS, CANNED (ASPARAGUS DALAM TIN) ;","Asparagus, Canned",ASPARAGUS DALAM TIN,Vegetables and vegetable products,"Tee ES, Mohd Ismail N, Mohd Nasir A, Khatijah I (1997). Nutrient Composition of Malaysian Foods, 4th Edition. Institute for Medical Research (IMR), Kuala Lumpur.",1997-01-01,https://myfcd.moh.gov.my/myfcd97/index.php/site/detail_product/105003/0/10/-1/0/0,2026-09-05T23:03:07.642055,per_100g,100.0,g,"5 spears (LxD, 10x1 cm)",1.0,39.8,g,18.0,,94.0,1.8,0.0,2.6,0.5,1.1,,,,,,,326.0,68.0,14.0,29.0,6.9,,,,,10.6,0.05,0.07,0.0,0.0,0.0,1,
MyFCD 1997,105004,BAMBOO SHOOT (REBUNG) ; DENDROCALAMUS AND BAMBUSA SPP. ;,Rebung,REBUNG,Vegetables and vegetable products,"Tee ES, Mohd Ismail N, Mohd Nasir A, Khatijah I (1997). Nutrient Composition of Malaysian Foods, 4th Edition. Institute for Medical Research (IMR), Kuala Lumpur.",1997-01-01,https://myfcd.moh.gov.my/myfcd97/index.php/site/detail_product/105004/0/10/-1/0/0,2026-09-05T23:03:07.693069,per_100g,100.0,g,1/2 cup (diced),1.0,78.0,g,32.0,,90.6,2.2,0.6,4.4,0.8,1.4,,,,,,,19.0,120.0,13.0,30.0,2.1,,,,,7.0,0.04,0.02,0.2,3.0,15.0,1,
MyFCD 1997,105005,"BAMBOO SHOOT, BRAISED, CANNED (REBUNG, DIREBUS, DALAM TIN) ;","Bamboo Shoot, Braised, Canned","REBUNG, DIREBUS, DALAM TIN",Vegetables and vegetable products,"Tee ES, Mohd Ismail N, Mohd Nasir A, Khatijah I (1997). Nutrient Composition of Malaysian Foods, 4th Edition. Institute for Medical Research (IMR), Kuala Lumpur.",1997-01-01,https://myfcd.moh.gov.my/myfcd97/index.php/site/detail_product/105005/0/10/-1/0/0,2026-09-05T23:03:07.711355,per_100g,100.0,g,"10 pieces (LxW, 5x1.5 cm)",1.0,57.8,g,65.0,,86.1,1.6,4.3,4.9,0.8,2.3,,,,,,,772.0,24.0,22.0,25.0,3.1,,,,,2.2,0.0,0.02,0.0,18.0,30.0,1,
MyFCD 1997,105006,"BAMBOO SHOOT, PICKLED (REBUNG, DIJERUK) ;","Rebung, Dijeruk","REBUNG, DIJERUK",Vegetables and vegetable products,"Tee ES, Mohd Ismail N, Mohd Nasir A, Khatijah I (1997). Nutrient Composition of Malaysian Foods, 4th Edition. Institute for Medical Research (IMR), Kuala Lumpur.",1997-01-01,https://myfcd.moh.gov.my/myfcd97/index.php/site/detail_product/105006/0/10/-1/0/0,2026-09-05T23:03:07.777598,per_100g,100.0,g,1 cup (diced),1.0,143.9,g,42.0,,87.0,2.1,0.0,8.5,0.4,2.0,,,,,,,652.0,66.0,21.0,13.0,1.1,,,,,0.0,0.0,0.0,0.0,0.0,0.0,1,
MyFCD 1997,105007,"BEAN, FOUR-ANGLED (KACANG BOTOR) ; PSOPHOCARPUS TETRAGONOLOBUS ;",Kacang Botor,KACANG BOTOR,Vegetables and vegetable products,"Tee ES, Mohd Ismail N, Mohd Nasir A, Khatijah I (1997). Nutrient Composition of Malaysian Foods, 4th Edition. Institute for Medical Research (IMR), Kuala Lumpur.",1997-01-01,https://myfcd.moh.gov.my/myfcd97/index.php/site/detail_product/105007/0/10/-1/0/0,2026-09-05T23:03:07.798441,per_100g,100.0,g,"1 cup (sliced, T, 0.5 cm)",1.0,62.0,g,23.0,,92.0,2.2,0.2,3.1,2.1,0.4,,,,,,,2.0,91.0,36.0,31.0,0.8,,,,,11.3,0.06,0.12,0.5,49.0,293.0,1,
MyFCD 1997,105008,"BEAN, FRENCH (KACANG BUNCIS) ; PHASEOLUS VULGARIS ;",Kacang Buncis,KACANG BUNCIS,Vegetables and vegetable products,"Tee ES, Mohd Ismail N, Mohd Nasir A, Khatijah I (1997). Nutrient Composition of Malaysian Foods, 4th Edition. Institute for Medical Research (IMR), Kuala Lumpur.",1997-01-01,https://myfcd.moh.gov.my/myfcd97/index.php/site/detail_product/105008/0/10/-1/0/0,2026-09-05T23:03:07.813038,per_100g,100.0,g,1 cup (diced),1.0,116.3,g,36.0,,89.1,2.3,0.2,6.2,1.5,0.7,,,,,,,34.0,75.0,54.0,6.0,1.8,,,,,15.8,0.07,0.21,0.1,173.0,1036.0,1,
MyFCD 1997,105009,"BEAN, STRING (KACANG PANJANG) ; VIGNA SINENSIS ;",Kacang Panjang,KACANG PANJANG,Vegetables and vegetable products,"Tee ES, Mohd Ismail N, Mohd Nasir A, Khatijah I (1997). Nutrient Composition of Malaysian Foods, 4th Edition. Institute for Medical Research (IMR), Kuala Lumpur.",1997-01-01,https://myfcd.moh.gov.my/myfcd97/index.php/site/detail_product/105009/0/10/-1/0/0,2026-09-05T23:03:07.896692,per_100g,100.0,g,1 cup (diced),1.0,117.9,g,33.0,,91.2,2.1,0.9,4.0,1.4,0.4,,,,,,,5.0,53.0,61.0,33.0,0.8,,,,,21.9,0.1,0.13,0.6,70.0,422.0,1,
MyFCD 1997,105011,BETEL LEAF (SIREH) ; PIPER BETEL ;,Sireh,SIREH,Vegetables and vegetable products,"Tee ES, Mohd Ismail N, Mohd Nasir A, Khatijah I (1997). Nutrient Composition of Malaysian Foods, 4th Edition. Institute for Medical Research (IMR), Kuala Lumpur.",1997-01-01,https://myfcd.moh.gov.my/myfcd97/index.php/site/detail_product/105011/0/10/-1/0/0,2026-09-05T23:03:07.941837,per_100g,100.0,g,"5 leaves (LxW, 12.5x7.5 cm)",1.0,9.0,g,40.0,,83.5,3.1,0.4,6.1,4.7,2.2,,,,,,,3.0,684.0,190.0,60.0,5.7,,,,,29.4,0.15,0.17,0.7,1146.0,6878.0,1,
MyFCD 1997,105010,BEETROOT (AKAR BIT) ; BETA VULGARIS ;,Akar Bit,AKAR BIT,Vegetables and vegetable products,"Tee ES, Mohd Ismail N, Mohd Nasir A, Khatijah I (1997). Nutrient Composition of Malaysian Foods, 4th Edition. Institute for Medical Research (IMR), Kuala Lumpur.",1997-01-01,https://myfcd.moh.gov.my/myfcd97/index.php/site/detail_product/105010/0/10/-1/0/0,2026-09-05T23:03:07.943080,per_100g,100.0,g,"1/2 cup (diced, 0.5 cm cube)",1.0,70.7,g,43.0,,88.5,1.4,0.1,9.0,0.3,0.7,,,,,,,26.0,369.0,69.0,50.0,1.4,,,,,14.9,0.04,0.06,0.4,0.0,0.0,1,
MyFCD 1997,105012,BROCCOLI (BROKOLI) ; BRASSICA OLERACEA ;,Brokoli,BROKOLI,Vegetables and vegetable products,"Tee ES, Mohd Ismail N, Mohd Nasir A, Khatijah I (1997). Nutrient Composition of Malaysian Foods, 4th Edition. Institute for Medical Research (IMR), Kuala Lumpur.",1997-01-01,https://myfcd.moh.gov.my/myfcd97/index.php/site/detail_product/105012/0/10/-1/0/0,2026-09-05T23:03:08.013572,per_100g,100.0,g,1 cup (chopped),1.0,94.5,g,29.0,,91.2,4.1,0.1,2.8,1.0,0.8,,,,,,,12.0,226.0,40.0,66.0,0.7,,,,,85.0,0.1,0.18,0.6,47.0,283.0,1,
MyFCD 1997,105014,"CABBAGE, CELERY, STRAIGHT CYLINDRICAL (WONG-NGA-PAAK) ; BRASSICA PEKINENSIS VAR CYLINDRICA",Wong-Nga-Paak,WONG-NGA-PAAK,Vegetables and vegetable products,"Tee ES, Mohd Ismail N, Mohd Nasir A, Khatijah I (1997). Nutrient Composition of Malaysian Foods, 4th Edition. Institute for Medical Research (IMR), Kuala Lumpur.",1997-01-01,https://myfcd.moh.gov.my/myfcd97/index.php/site/detail_product/105014/0/10/-1/0/0,2026-09-05T23:03:08.073816,per_100g,100.0,g,1 cup (shredded),1.0,76.4,g,15.0,,95.0,1.6,0.4,1.2,0.7,1.1,,,,,,,4.0,290.0,140.0,15.0,2.4,,,,,38.7,0.06,0.05,0.5,186.0,1117.0,1,
MyFCD 1997,105013,"CABBAGE, CELERY, WRAPPED HEAD (WONG-NGA-PAAK) ; BRASSICA PEKINENSIS VAR. CEPHALATA ;",Wong-Nga-Paak,WONG-NGA-PAAK,Vegetables and vegetable products,"Tee ES, Mohd Ismail N, Mohd Nasir A, Khatijah I (1997). Nutrient Composition of Malaysian Foods, 4th Edition. Institute for Medical Research (IMR), Kuala Lumpur.",1997-01-01,https://myfcd.moh.gov.my/myfcd97/index.php/site/detail_product/105013/0/10/-1/0/0,2026-09-05T23:03:08.077345,per_100g,100.0,g,1 cup (shredded),1.0,76.4,g,10.0,,96.4,1.1,0.3,0.8,0.8,0.6,,,,,,,9.0,141.0,55.0,37.0,0.3,,,,,20.8,0.04,0.01,0.2,2.0,11.0,1,
MyFCD 1997,105015,"CABBAGE, CHINESE (PAK-COY) ; BRASSICA CHINENSIS",Pak-Coy,PAK-COY,Vegetables and vegetable products,"Tee ES, Mohd Ismail N, Mohd Nasir A, Khatijah I (1997). Nutrient Composition of Malaysian Foods, 4th Edition. Institute for Medical Research (IMR), Kuala Lumpur.",1997-01-01,https://myfcd.moh.gov.my/myfcd97/index.php/site/detail_product/105015/0/10/-1/0/0,2026-09-05T23:03:08.131639,per_100g,100.0,g,"1 stalk, small (L, 27.2 cm)",1.0,86.8,g,16.0,,94.7,1.9,0.2,1.6,0.6,1.0,,,,,,,17.0,219.0,82.0,39.0,0.9,,,,,60.0,0.08,0.25,0.3,152.0,909.0,1,
MyFCD 1997,105016,"CABBAGE, CHINESE, SALTED (HUM-COY) ;",Hum-Coy,HUM-COY,Vegetables and vegetable products,"Tee ES, Mohd Ismail N, Mohd Nasir A, Khatijah I (1997). Nutrient Composition of Malaysian Foods, 4th Edition. Institute for Medical Research (IMR), Kuala Lumpur.",1997-01-01,https://myfcd.moh.gov.my/myfcd97/index.php/site/detail_product/105016/0/10/-1/0/0,2026-09-05T23:03:08.195230,per_100g,100.0,g,1 cup (chopped),1.0,148.3,g,40.0,,83.0,1.5,0.4,7.7,1.3,6.1,,,,,,,1863.0,1792.0,66.0,15.0,2.0,,,,,0.0,0.0,0.03,0.0,0.0,0.0,1,
MyFCD 1997,105017,"CABBAGE, COMMON (KOBIS) ; BRASSICA OLERACEA",Kobis,KOBIS,Vegetables and vegetable products,"Tee ES, Mohd Ismail N, Mohd Nasir A, Khatijah I (1997). Nutrient Composition of Malaysian Foods, 4th Edition. Institute for Medical Research (IMR), Kuala Lumpur.",1997-01-01,https://myfcd.moh.gov.my/myfcd97/index.php/site/detail_product/105017/0/10/-1/0/0,2026-09-05T23:03:08.205609,per_100g,100.0,g,1 cup (shredded),1.0,68.5,g,22.0,,93.1,1.6,0.2,3.4,0.9,0.8,,,,,,,16.0,103.0,40.0,9.0,0.6,,,,,53.0,0.08,0.16,0.3,5.0,30.0,1,
MyFCD 1997,105018,CARROT (LOBAK MERAH) ; DAUCAS CAROTA,Lobak Merah,LOBAK MERAH,Vegetables and vegetable products,"Tee ES, Mohd Ismail N, Mohd Nasir A, Khatijah I (1997). Nutrient Composition of Malaysian Foods, 4th Edition. Institute for Medical Research (IMR), Kuala Lumpur.",1997-01-01,https://myfcd.moh.gov.my/myfcd97/index.php/site/detail_product/105018/0/10/-1/0/0,2026-09-05T23:03:08.246330,per_100g,100.0,g,"1 whole, elongated (LxT, 18.5x3 cm)",1.0,96.2,g,35.0,,89.5,1.0,0.1,7.5,1.1,0.8,,,,,,,119.0,136.0,138.0,27.0,0.8,,,,,9.5,0.09,0.09,0.5,408.0,2449.0,1,
MyFCD 1997,105019,CASHEW LEAVES (PUCUK JANGGUS/GAJUS) ; ANACARDIUM OCCIDENTALE,Pucuk Janggus/Gajus,PUCUK JANGGUS/GAJUS,Vegetables and vegetable products,"Tee ES, Mohd Ismail N, Mohd Nasir A, Khatijah I (1997). Nutrient Composition of Malaysian Foods, 4th Edition. Institute for Medical Research (IMR), Kuala Lumpur.",1997-01-01,https://myfcd.moh.gov.my/myfcd97/index.php/site/detail_product/105019/0/10/-1/0/0,2026-09-05T23:03:08.320102,per_100g,100.0,g,1 cup (chopped),1.0,45.0,g,35.0,,89.1,3.8,0.2,4.5,1.5,0.9,,,,,,,7.0,332.0,53.0,29.0,3.5,,,,,91.0,0.0,1.19,0.5,346.0,2076.0,1,
MyFCD 1997,105020,CAULIFLOWER (BUNGA KOBIS) ; BRASSICA OLERACEA,Bunga Kobis,BUNGA KOBIS,Vegetables and vegetable products,"Tee ES, Mohd Ismail N, Mohd Nasir A, Khatijah I (1997). Nutrient Composition of Malaysian Foods, 4th Edition. Institute for Medical Research (IMR), Kuala Lumpur.",1997-01-01,https://myfcd.moh.gov.my/myfcd97/index.php/site/detail_product/105020/0/10/-1/0/0,2026-09-05T23:03:08.332942,per_100g,100.0,g,"1 lobe, small (DxH, 6x8 cm)",1.0,89.7,g,32.0,,90.0,3.2,0.0,4.8,1.3,0.7,,,,,,,57.0,214.0,25.0,52.0,0.9,,,,,47.5,0.1,0.09,0.5,0.0,0.0,1,
MyFCD 1997,105021,CEKUR MANIS (CEKUR MANIS) ; SAUROPUS ANDROGYNUS,Cekur Manis,CEKUR MANIS,Vegetables and vegetable products,"Tee ES, Mohd Ismail N, Mohd Nasir A, Khatijah I (1997). Nutrient Composition of Malaysian Foods, 4th Edition. Institute for Medical Research (IMR), Kuala Lumpur.",1997-01-01,https://myfcd.moh.gov.my/myfcd97/index.php/site/detail_product/105021/0/10/-1/0/0,2026-09-05T23:03:08.347807,per_100g,100.0,g,1 cup (chopped),1.0,34.0,g,74.0,,79.8,7.6,1.8,6.9,1.9,2.0,,,,,,,22.0,509.0,234.0,64.0,3.1,,,,,136.0,0.23,0.15,0.7,1622.0,9730.0,1,
MyFCD 1997,105022,CELERY (DAUN SELADERI) ; APIUM GRAVEOLENS,Daun Seladeri,DAUN SELADERI,Vegetables and vegetable products,"Tee ES, Mohd Ismail N, Mohd Nasir A, Khatijah I (1997). Nutrient Composition of Malaysian Foods, 4th Edition. Institute for Medical Research (IMR), Kuala Lumpur.",1997-01-01,https://myfcd.moh.gov.my/myfcd97/index.php/site/detail_product/105022/0/10/-1/0/0,2026-09-05T23:03:08.431918,per_100g,100.0,g,1 cup (chopped),1.0,124.9,g,11.0,,95.1,1.0,0.1,1.6,0.7,1.5,,,,,,,38.0,305.0,96.0,40.0,2.0,,,,,3.9,0.03,0.03,0.3,18.0,110.0,1,
MyFCD 1997,105023,CEMPERAI (CEMPERAI) ; CHAMPEREIA GRIFFITHII,Cemperai,CEMPERAI,Vegetables and vegetable products,"Tee ES, Mohd Ismail N, Mohd Nasir A, Khatijah I (1997). Nutrient Composition of Malaysian Foods, 4th Edition. Institute for Medical Research (IMR), Kuala Lumpur.",1997-01-01,https://myfcd.moh.gov.my/myfcd97/index.php/site/detail_product/105023/0/10/-1/0/0,2026-09-05T23:03:08.450524,per_100g,100.0,g,1/2 cup (chopped),1.0,12.5,g,88.0,,72.0,7.0,0.4,14.0,4.7,1.9,,,,,,,8.0,557.0,120.0,72.0,1.9,,,,,63.8,0.1,0.42,0.7,377.0,2260.0,1,
MyFCD 1997,104016,"JACKFRUIT (CEMPEDAK), SEED (BIJI CEMPEDAK) ; ARTOCARPUS INTEGER",Cempedak,CEMPEDAK,"Nuts, seeds and products","Tee ES, Mohd Ismail N, Mohd Nasir A, Khatijah I (1997). Nutrient Composition of Malaysian Foods, 4th Edition. Institute for Medical Research (IMR), Kuala Lumpur.",1997-01-01,https://myfcd.moh.gov.my/myfcd97/index.php/site/detail_product/104016/0/10/-1/0/0,2026-09-05T23:03:08.464455,per_100g,100.0,g,"5 nuts (LxD, 3x2 cm)",1.0,39.0,g,163.0,,57.2,6.6,0.6,32.8,1.4,1.4,,,,,,,39.0,100.0,207.0,3.0,1.9,,,,,17.2,0.18,0.1,1.8,5.0,30.0,1,
MyFCD 1997,105024,"CHILLI, GREEN (LADA HIJAU) ; CAPSICUM ANNUUM",Lada Hijau,LADA HIJAU,Vegetables and vegetable products,"Tee ES, Mohd Ismail N, Mohd Nasir A, Khatijah I (1997). Nutrient Composition of Malaysian Foods, 4th Edition. Institute for Medical Research (IMR), Kuala Lumpur.",1997-01-01,https://myfcd.moh.gov.my/myfcd97/index.php/site/detail_product/105024/0/10/-1/0/0,2026-09-05T23:03:08.472128,per_100g,100.0,g,1/4 cup (chopped),1.0,26.0,g,40.0,,86.9,2.1,0.5,6.8,3.0,0.7,,,,,,,3.0,264.0,19.0,80.0,1.6,,,,,158.0,0.09,0.05,0.7,29.0,176.0,1,
MyFCD 1997,105025,"CHILLI, RED (LADA MERAH) ; CAPSICUM ANNUUM",Lada Merah,LADA MERAH,Vegetables and vegetable products,"Tee ES, Mohd Ismail N, Mohd Nasir A, Khatijah I (1997). Nutrient Composition of Malaysian Foods, 4th Edition. Institute for Medical Research (IMR), Kuala Lumpur.",1997-01-01,https://myfcd.moh.gov.my/myfcd97/index.php/site/detail_product/105025/0/10/-1/0/0,2026-09-05T23:03:08.550908,per_100g,100.0,g,"2 whole, medium (LxD, 13.7x2 cm)",1.0,15.2,g,36.0,,86.3,2.8,0.7,4.5,4.8,0.9,,,,,,,10.0,419.0,15.0,80.0,1.8,,,,,175.0,0.15,0.11,0.7,1496.0,8974.0,1,
MyFCD 1997,105027,"CHILLI SAUCE, BOTTLE (SOS CILI DALAM BOTOL) ;",Sos Cili Dalam Botol,SOS CILI DALAM BOTOL,Vegetables and vegetable products,"Tee ES, Mohd Ismail N, Mohd Nasir A, Khatijah I (1997). Nutrient Composition of Malaysian Foods, 4th Edition. Institute for Medical Research (IMR), Kuala Lumpur.",1997-01-01,https://myfcd.moh.gov.my/myfcd97/index.php/site/detail_product/105027/0/10/-1/0/0,2026-09-05T23:03:08.574415,per_100g,100.0,g,1 small packet,1.0,11.0,g,113.0,,68.0,2.8,0.4,24.5,0.7,3.6,,,,,,,1144.0,86.0,7.0,25.0,0.4,,,,,2.8,0.05,0.03,0.0,57.0,340.0,1,
MyFCD 1997,105028,"CHIVES, CHINESE (KUCAI) ; ALLIUM ODORUM",Kucai,KUCAI,Vegetables and vegetable products,"Tee ES, Mohd Ismail N, Mohd Nasir A, Khatijah I (1997). Nutrient Composition of Malaysian Foods, 4th Edition. Institute for Medical Research (IMR), Kuala Lumpur.",1997-01-01,https://myfcd.moh.gov.my/myfcd97/index.php/site/detail_product/105028/0/10/-1/0/0,2026-09-05T23:03:08.586272,per_100g,100.0,g,1/2 cup (chopped),1.0,38.6,g,31.0,,90.6,2.7,0.6,3.8,1.2,1.1,,,,,,,2.0,472.0,51.0,45.0,0.7,,,,,36.0,0.11,0.2,0.8,378.0,2270.0,1,
MyFCD 1997,105026,"CHILLI, SMALL (CILI PADI) ;",Cili Padi,CILI PADI,Vegetables and vegetable products,"Tee ES, Mohd Ismail N, Mohd Nasir A, Khatijah I (1997). Nutrient Composition of Malaysian Foods, 4th Edition. Institute for Medical Research (IMR), Kuala Lumpur.",1997-01-01,https://myfcd.moh.gov.my/myfcd97/index.php/site/detail_product/105026/0/10/-1/0/0,2026-09-05T23:03:08.595120,per_100g,100.0,g,"5 whole, medium (LxT, 5.5x0.5 cm)",1.0,6.8,g,47.0,,81.0,3.9,0.7,6.2,7.0,1.2,,,,,,,35.0,544.0,39.0,118.0,1.2,,,,,54.8,0.3,0.2,2.0,228.0,1366.0,1,
MyFCD 1997,105030,CORIANDER LEAVES (DAUN KETUMBAR /YUEN-SAI) ; CORIANDRUM SATIVUM,Daun Ketumbar /Yuen-Sai,DAUN KETUMBAR /YUEN-SAI,Vegetables and vegetable products,"Tee ES, Mohd Ismail N, Mohd Nasir A, Khatijah I (1997). Nutrient Composition of Malaysian Foods, 4th Edition. Institute for Medical Research (IMR), Kuala Lumpur.",1997-01-01,https://myfcd.moh.gov.my/myfcd97/index.php/site/detail_product/105030/0/10/-1/0/0,2026-09-05T23:03:08.671788,per_100g,100.0,g,1/2 cup (chopped),1.0,27.0,g,23.0,,91.0,2.3,0.0,3.5,1.4,1.8,,,,,,,5.0,579.0,96.0,58.0,3.0,,,,,135.0,0.1,0.63,0.5,248.0,1486.0,1,
MyFCD 1997,105029,CHRYSANTHEMUM / CROWNDAISY (TONG-HO) ; CHRYSANTHEMUM CORONARIUM,Tong-Ho,TONG-HO,Vegetables and vegetable products,"Tee ES, Mohd Ismail N, Mohd Nasir A, Khatijah I (1997). Nutrient Composition of Malaysian Foods, 4th Edition. Institute for Medical Research (IMR), Kuala Lumpur.",1997-01-01,https://myfcd.moh.gov.my/myfcd97/index.php/site/detail_product/105029/0/10/-1/0/0,2026-09-05T23:03:08.684565,per_100g,100.0,g,1 cup (chopped),1.0,88.1,g,17.0,,94.0,2.6,0.5,0.5,0.8,1.6,,,,,,,63.0,452.0,68.0,4.0,3.0,,,,,32.0,0.08,0.12,0.3,519.0,3112.0,1,
MyFCD 1997,105031,CUCUMBER (TIMUN) ; CUCUMIS SATIVUS,Timun,TIMUN,Vegetables and vegetable products,"Tee ES, Mohd Ismail N, Mohd Nasir A, Khatijah I (1997). Nutrient Composition of Malaysian Foods, 4th Edition. Institute for Medical Research (IMR), Kuala Lumpur.",1997-01-01,https://myfcd.moh.gov.my/myfcd97/index.php/site/detail_product/105031/0/10/-1/0/0,2026-09-05T23:03:08.688570,per_100g,100.0,g,"1 cup (diced, 0.5 cm cubes)",1.0,96.7,g,16.0,,95.0,0.5,0.0,3.4,0.6,0.5,,,,,,,13.0,76.0,14.0,21.0,0.2,,,,,9.7,0.03,0.06,0.1,0.0,0.0,1,
MyFCD 1997,105032,"CUCUMBER, HAIRY (TIMUN BULU) ; CUCUMIS SPP.",Timun Bulu,TIMUN BULU,Vegetables and vegetable products,"Tee ES, Mohd Ismail N, Mohd Nasir A, Khatijah I (1997). Nutrient Composition of Malaysian Foods, 4th Edition. Institute for Medical Research (IMR), Kuala Lumpur.",1997-01-01,https://myfcd.moh.gov.my/myfcd97/index.php/site/detail_product/105032/0/10/-1/0/0,2026-09-05T23:03:08.724652,per_100g,100.0,g,"1 cup (diced, 0.5 cm cubes)",1.0,148.3,g,16.0,,94.9,0.7,0.1,3.1,0.7,0.5,,,,,,,3.0,163.0,14.0,18.0,0.2,,,,,49.7,0.04,0.12,0.0,0.0,0.0,1,
MyFCD 1997,105035,EGG PLANT / BRINJAL (TERUNG) ; SOLANUM MELONGENA,Terung,TERUNG,Vegetables and vegetable products,"Tee ES, Mohd Ismail N, Mohd Nasir A, Khatijah I (1997). Nutrient Composition of Malaysian Foods, 4th Edition. Institute for Medical Research (IMR), Kuala Lumpur.",1997-01-01,https://myfcd.moh.gov.my/myfcd97/index.php/site/detail_product/105035/0/10/-1/0/0,2026-09-05T23:03:08.803210,per_100g,100.0,g,"1 cup (diced, 0.5 cm cubes)",1.0,85.9,g,30.0,,91.2,1.7,0.1,5.6,1.0,0.4,,,,,,,9.0,55.0,15.0,20.0,0.6,,,,,18.4,0.07,0.05,0.7,15.0,90.0,1,
MyFCD 1997,105034,"DRUMSTICK, LEAVES (DAUN KELOR / REMUNGGAI) ;",Daun Kelor / Remunggai,DAUN KELOR / REMUNGGAI,Vegetables and vegetable products,"Tee ES, Mohd Ismail N, Mohd Nasir A, Khatijah I (1997). Nutrient Composition of Malaysian Foods, 4th Edition. Institute for Medical Research (IMR), Kuala Lumpur.",1997-01-01,https://myfcd.moh.gov.my/myfcd97/index.php/site/detail_product/105034/0/10/-1/0/0,2026-09-05T23:03:08.803722,per_100g,100.0,g,1 cup,1.0,26.0,g,89.0,,75.5,5.8,1.1,14.0,1.2,2.4,,,,,,,9.0,444.0,261.0,73.0,3.0,,,,,106.0,0.27,0.72,4.3,489.0,2931.0,1,
MyFCD 1997,105033,"DRUMSTICK, FRESH PODS (KELOR / REMUNGGAI) ; MORINGA OLEIFERA/M. PTERYGOSPERMA",Kelor / Remunggai,KELOR / REMUNGGAI,Vegetables and vegetable products,"Tee ES, Mohd Ismail N, Mohd Nasir A, Khatijah I (1997). Nutrient Composition of Malaysian Foods, 4th Edition. Institute for Medical Research (IMR), Kuala Lumpur.",1997-01-01,https://myfcd.moh.gov.my/myfcd97/index.php/site/detail_product/105033/0/10/-1/0/0,2026-09-05T23:03:08.804853,per_100g,100.0,g,"1 stick (LxD, 36x1 cm)",1.0,6.4,g,40.0,,84.6,5.1,0.3,4.1,5.1,0.8,,,,,,,3.0,208.0,22.0,31.0,0.3,,,,,258.0,0.05,0.12,0.2,13.0,75.0,1,
MyFCD 1997,105036,FERN SHOOTS (PUCUK PAKU) ; DIPLAZIUM ESCULENTUM,Pucuk Paku,PUCUK PAKU,Vegetables and vegetable products,"Tee ES, Mohd Ismail N, Mohd Nasir A, Khatijah I (1997). Nutrient Composition of Malaysian Foods, 4th Edition. Institute for Medical Research (IMR), Kuala Lumpur.",1997-01-01,https://myfcd.moh.gov.my/myfcd97/index.php/site/detail_product/105036/0/10/-1/0/0,2026-09-05T23:03:08.854024,per_100g,100.0,g,1 cup (chopped),1.0,83.8,g,30.0,,90.5,2.5,0.2,4.6,1.1,1.1,,,,,,,19.0,389.0,94.0,100.0,4.8,,,,,34.3,0.04,0.14,0.7,220.0,1319.0,1,
MyFCD 1997,105039,"GOURD, BITTER / BALSAM PEAR (PERIA) ; MOMORDICA CHARANTIA",Peria,PERIA,Vegetables and vegetable products,"Tee ES, Mohd Ismail N, Mohd Nasir A, Khatijah I (1997). Nutrient Composition of Malaysian Foods, 4th Edition. Institute for Medical Research (IMR), Kuala Lumpur.",1997-01-01,https://myfcd.moh.gov.my/myfcd97/index.php/site/detail_product/105039/0/10/-1/0/0,2026-09-05T23:03:08.911797,per_100g,100.0,g,"1 cup (diced, 0.5 cm cube)",1.0,124.9,g,16.0,,94.5,0.8,0.1,2.9,0.9,0.8,,,,,,,17.0,116.0,56.0,10.0,6.1,,,,,53.0,0.08,0.07,0.0,23.0,140.0,1,
MyFCD 1997,105038,"GARLIC, PLANTS (PUCUK BAWANG PUTIH) ;",Pucuk Bawang Putih,PUCUK BAWANG PUTIH,Vegetables and vegetable products,"Tee ES, Mohd Ismail N, Mohd Nasir A, Khatijah I (1997). Nutrient Composition of Malaysian Foods, 4th Edition. Institute for Medical Research (IMR), Kuala Lumpur.",1997-01-01,https://myfcd.moh.gov.my/myfcd97/index.php/site/detail_product/105038/0/10/-1/0/0,2026-09-05T23:03:08.913226,per_100g,100.0,g,1/2 cup (chopped),1.0,46.0,g,25.0,,91.9,2.5,0.2,3.3,1.4,0.7,,,,,,,4.0,165.0,28.0,39.0,0.4,,,,,12.0,0.07,0.06,0.3,3.0,16.0,1,
MyFCD 1997,105037,"GARLIC, BULBS (BAWANG PUTIH) ; ALLIUM SATIVUM",Bawang Putih,BAWANG PUTIH,Vegetables and vegetable products,"Tee ES, Mohd Ismail N, Mohd Nasir A, Khatijah I (1997). Nutrient Composition of Malaysian Foods, 4th Edition. Institute for Medical Research (IMR), Kuala Lumpur.",1997-01-01,https://myfcd.moh.gov.my/myfcd97/index.php/site/detail_product/105037/0/10/-1/0/0,2026-09-05T23:03:08.921060,per_100g,100.0,g,1 tablespoon (chopped),1.0,8.2,g,159.0,,58.7,4.3,0.1,35.2,0.8,0.9,,,,,,,11.0,329.0,10.0,111.0,0.8,,,,,13.3,0.24,0.05,0.4,0.0,0.0,1,
MyFCD 1997,104020,"WALNUT, DRIED ; JUGLANS REGIA","Walnut, Dried ; Juglans Regia",,"Nuts, seeds and products","Tee ES, Mohd Ismail N, Mohd Nasir A, Khatijah I (1997). Nutrient Composition of Malaysian Foods, 4th Edition. Institute for Medical Research (IMR), Kuala Lumpur.",1997-01-01,https://myfcd.moh.gov.my/myfcd97/index.php/site/detail_product/104020/0/10/-1/0/0,2026-09-05T23:03:08.959334,per_100g,100.0,g,1 nut,1.0,12.0,g,627.0,,4.0,14.7,53.6,21.4,2.6,3.7,,,,,,,6.0,260.0,109.0,331.0,3.0,,,,,11.0,0.51,0.13,1.2,0.0,0.0,1,
MyFCD 1997,105040,"GOURD, BOTTLE / CALABASH (LABU JANTUNG) ; LAGENARIA VULGARIS/L. LEUCANTHA",Labu Jantung,LABU JANTUNG,Vegetables and vegetable products,"Tee ES, Mohd Ismail N, Mohd Nasir A, Khatijah I (1997). Nutrient Composition of Malaysian Foods, 4th Edition. Institute for Medical Research (IMR), Kuala Lumpur.",1997-01-01,https://myfcd.moh.gov.my/myfcd97/index.php/site/detail_product/105040/0/10/-1/0/0,2026-09-05T23:03:08.962282,per_100g,100.0,g,"1 cup (diced, 0.5 cm cube)",1.0,114.8,g,15.0,,95.4,0.5,0.0,3.3,0.4,0.4,,,,,,,3.0,140.0,60.0,14.0,0.3,,,,,3.8,0.04,0.03,0.7,4.0,22.0,1,
MyFCD 1997,105042,"GOURD, WAX / WINTER MELON (KUNDUR / TONG-KUAH) ; BENINCASA HISPIDA",Kundur / Tong-Kuah,KUNDUR / TONG-KUAH,Vegetables and vegetable products,"Tee ES, Mohd Ismail N, Mohd Nasir A, Khatijah I (1997). Nutrient Composition of Malaysian Foods, 4th Edition. Institute for Medical Research (IMR), Kuala Lumpur.",1997-01-01,https://myfcd.moh.gov.my/myfcd97/index.php/site/detail_product/105042/0/10/-1/0/0,2026-09-05T23:03:09.015346,per_100g,100.0,g,"1 cup (diced, 0.5 cm cube)",1.0,116.8,g,20.0,,94.5,0.5,0.2,4.0,0.5,0.3,,,,,,,2.0,131.0,11.0,14.0,0.2,,,,,68.0,0.02,0.31,0.2,0.0,0.0,1,
MyFCD 1997,105041,"GOURD, SNAKE (KETOLA ULAR) ; TRICOSANTHES ANGUINA",Ketola Ular,KETOLA ULAR,Vegetables and vegetable products,"Tee ES, Mohd Ismail N, Mohd Nasir A, Khatijah I (1997). Nutrient Composition of Malaysian Foods, 4th Edition. Institute for Medical Research (IMR), Kuala Lumpur.",1997-01-01,https://myfcd.moh.gov.my/myfcd97/index.php/site/detail_product/105041/0/10/-1/0/0,2026-09-05T23:03:09.016428,per_100g,100.0,g,"1 cup (diced, 0.5 cm cube)",1.0,129.4,g,18.0,,94.6,1.0,0.1,3.3,0.7,0.3,,,,,,,8.0,51.0,19.0,3.0,1.6,,,,,11.0,0.04,0.08,0.4,265.0,1590.0,1,
MyFCD 1997,105043,INDIAN PENNYWORT (PEGAGA) ; HYDROCOTYLE ASIATICA,Pegaga,PEGAGA,Vegetables and vegetable products,"Tee ES, Mohd Ismail N, Mohd Nasir A, Khatijah I (1997). Nutrient Composition of Malaysian Foods, 4th Edition. Institute for Medical Research (IMR), Kuala Lumpur.",1997-01-01,https://myfcd.moh.gov.my/myfcd97/index.php/site/detail_product/105043/0/10/-1/0/0,2026-09-05T23:03:09.036123,per_100g,100.0,g,1/2 cup (chopped),1.0,21.3,g,37.0,,87.7,2.0,0.2,6.7,1.6,1.8,,,,,,,21.0,391.0,171.0,32.0,5.6,,,,,48.5,0.09,0.19,0.1,442.0,2649.0,1,
MyFCD 1997,105044,JEW'S EARS / JUDA'S EAR (DRIED) (MOOK-YI) ; AURICULARIA POLYTRICHA,Jew'S Ears / Juda'S Ear ; Auricularia Polytricha,DRIED,Vegetables and vegetable products,"Tee ES, Mohd Ismail N, Mohd Nasir A, Khatijah I (1997). Nutrient Composition of Malaysian Foods, 4th Edition. Institute for Medical Research (IMR), Kuala Lumpur.",1997-01-01,https://myfcd.moh.gov.my/myfcd97/index.php/site/detail_product/105044/0/10/-1/0/0,2026-09-05T23:03:09.063492,per_100g,100.0,g,1/2 cup,1.0,13.0,g,222.0,,11.8,6.0,0.1,49.2,30.8,2.1,,,,,,,115.0,319.0,141.0,105.0,16.5,,,,,5.4,0.01,0.59,1.5,0.0,0.0,1,
MyFCD 1997,105045,KADOK (KADOK) ; PIPER SARMENTOSUM,Kadok,KADOK,Vegetables and vegetable products,"Tee ES, Mohd Ismail N, Mohd Nasir A, Khatijah I (1997). Nutrient Composition of Malaysian Foods, 4th Edition. Institute for Medical Research (IMR), Kuala Lumpur.",1997-01-01,https://myfcd.moh.gov.my/myfcd97/index.php/site/detail_product/105045/0/10/-1/0/0,2026-09-05T23:03:09.116624,per_100g,100.0,g,1 cup (chopped),1.0,42.0,g,58.0,,80.9,3.8,0.4,9.7,2.7,2.5,,,,,,,33.0,707.0,219.0,83.0,1.7,,,,,78.9,0.15,0.22,0.4,241.0,1447.0,1,
MyFCD 1997,105046,"KALE, CHINESE (KAI-LAN-COY) ; BRASSICA ALBOGLABRA",Kai-Lan-Coy,KAI-LAN-COY,Vegetables and vegetable products,"Tee ES, Mohd Ismail N, Mohd Nasir A, Khatijah I (1997). Nutrient Composition of Malaysian Foods, 4th Edition. Institute for Medical Research (IMR), Kuala Lumpur.",1997-01-01,https://myfcd.moh.gov.my/myfcd97/index.php/site/detail_product/105046/0/10/-1/0/0,2026-09-05T23:03:09.122272,per_100g,100.0,g,"1 stalk, small (L, 28 cm)",1.0,40.9,g,43.0,,87.9,2.8,0.2,7.4,0.6,1.1,,,,,,,19.0,378.0,179.0,5.0,2.0,,,,,107.0,0.14,0.17,1.0,503.0,3015.0,1,
MyFCD 1997,105047,KANTAN (KANTAN) ; PHAEOMERIA SPECIOSA,Kantan,KANTAN,Vegetables and vegetable products,"Tee ES, Mohd Ismail N, Mohd Nasir A, Khatijah I (1997). Nutrient Composition of Malaysian Foods, 4th Edition. Institute for Medical Research (IMR), Kuala Lumpur.",1997-01-01,https://myfcd.moh.gov.my/myfcd97/index.php/site/detail_product/105047/0/10/-1/0/0,2026-09-05T23:03:09.123372,per_100g,100.0,g,1/4 cup (chopped),1.0,22.4,g,40.0,,89.2,1.6,1.3,5.5,1.4,1.0,,,,,,,11.0,453.0,54.0,11.0,3.4,,,,,14.2,0.02,0.05,0.2,0.0,0.0,1,
MyFCD 1997,105048,KESOM (KESOM) ; POLYGONUM MINUS,Kesom,KESOM,Vegetables and vegetable products,"Tee ES, Mohd Ismail N, Mohd Nasir A, Khatijah I (1997). Nutrient Composition of Malaysian Foods, 4th Edition. Institute for Medical Research (IMR), Kuala Lumpur.",1997-01-01,https://myfcd.moh.gov.my/myfcd97/index.php/site/detail_product/105048/0/10/-1/0/0,2026-09-05T23:03:09.140752,per_100g,100.0,g,1 tablespoon (chopped),1.0,2.9,g,91.0,,73.2,2.8,0.7,18.4,2.8,2.1,,,,,,,19.0,308.0,232.0,19.0,3.2,,,,,125.0,0.15,0.24,2.8,1239.0,7433.0,1,
MyFCD 1997,105049,LADY'S FINGERS / OKRA (KACANG BENDI) ; HIBISCUS ESCULENTUS,Kacang Bendi,KACANG BENDI,Vegetables and vegetable products,"Tee ES, Mohd Ismail N, Mohd Nasir A, Khatijah I (1997). Nutrient Composition of Malaysian Foods, 4th Edition. Institute for Medical Research (IMR), Kuala Lumpur.",1997-01-01,https://myfcd.moh.gov.my/myfcd97/index.php/site/detail_product/105049/0/10/-1/0/0,2026-09-05T23:03:09.168530,per_100g,100.0,g,"5 whole, elongated (LxD, 11.8x1.5 cm)",1.0,58.4,g,31.0,,90.5,1.7,0.1,5.9,1.0,0.8,,,,,,,30.0,80.0,77.0,32.0,1.5,,,,,19.3,0.1,0.16,0.7,33.0,200.0,1,
MyFCD 1997,105051,LETTUCE (DAUN SALAD/SANG-COY) ; LACTUCA SATIVA,Daun Salad/Sang-Coy,DAUN SALAD/SANG-COY,Vegetables and vegetable products,"Tee ES, Mohd Ismail N, Mohd Nasir A, Khatijah I (1997). Nutrient Composition of Malaysian Foods, 4th Edition. Institute for Medical Research (IMR), Kuala Lumpur.",1997-01-01,https://myfcd.moh.gov.my/myfcd97/index.php/site/detail_product/105051/0/10/-1/0/0,2026-09-05T23:03:09.217419,per_100g,100.0,g,1 cup (chopped),1.0,53.9,g,17.0,,94.7,1.2,0.1,2.8,0.5,0.7,,,,,,,10.0,139.0,50.0,25.0,1.5,,,,,27.6,0.08,0.22,0.3,304.0,1825.0,1,
MyFCD 1997,105052,"LOOFAH, ANGLED (KETOLA SEGI) ; LUFFA ACUTANGULA",Ketola Segi,KETOLA SEGI,Vegetables and vegetable products,"Tee ES, Mohd Ismail N, Mohd Nasir A, Khatijah I (1997). Nutrient Composition of Malaysian Foods, 4th Edition. Institute for Medical Research (IMR), Kuala Lumpur.",1997-01-01,https://myfcd.moh.gov.my/myfcd97/index.php/site/detail_product/105052/0/10/-1/0/0,2026-09-05T23:03:09.223057,per_100g,100.0,g,"1 whole, elongated (LxT, 23x3.5 cm)",1.0,74.5,g,20.0,,94.2,1.1,0.4,2.9,0.6,0.8,,,,,,,45.0,142.0,28.0,0.0,0.7,,,,,4.9,0.05,0.05,0.6,3.0,17.0,1,
MyFCD 1997,105053,"LOOFAH, SMOOTH (KETOLA AIR) ; LUFFA CYLINDRICA",Ketola Air,KETOLA AIR,Vegetables and vegetable products,"Tee ES, Mohd Ismail N, Mohd Nasir A, Khatijah I (1997). Nutrient Composition of Malaysian Foods, 4th Edition. Institute for Medical Research (IMR), Kuala Lumpur.",1997-01-01,https://myfcd.moh.gov.my/myfcd97/index.php/site/detail_product/105053/0/10/-1/0/0,2026-09-05T23:03:09.260027,per_100g,100.0,g,"1 cup (diced, 0.5 cm cube)",1.0,112.8,g,22.0,,94.4,0.9,0.5,3.4,0.3,0.5,,,,,,,29.0,63.0,30.0,15.0,0.0,,,,,6.0,0.04,0.02,0.1,2.0,11.0,1,
MyFCD 1997,105050,LEEK (TAI-SUEN) ; ALLIUM PORRUM,Tai-Suen,TAI-SUEN,Vegetables and vegetable products,"Tee ES, Mohd Ismail N, Mohd Nasir A, Khatijah I (1997). Nutrient Composition of Malaysian Foods, 4th Edition. Institute for Medical Research (IMR), Kuala Lumpur.",1997-01-01,https://myfcd.moh.gov.my/myfcd97/index.php/site/detail_product/105050/0/10/-1/0/0,2026-09-05T23:03:09.261133,per_100g,100.0,g,1 cup (chopped),1.0,93.6,g,25.0,,91.3,1.9,0.1,4.1,1.9,0.7,,,,,,,2.0,45.0,16.0,76.0,0.3,,,,,14.0,0.05,0.06,0.1,0.0,0.0,1,
MyFCD 1997,105054,LOTUS ROOT (AKAR TERATAI) ; NELUMBO NUCIFERA,Akar Teratai,AKAR TERATAI,Vegetables and vegetable products,"Tee ES, Mohd Ismail N, Mohd Nasir A, Khatijah I (1997). Nutrient Composition of Malaysian Foods, 4th Edition. Institute for Medical Research (IMR), Kuala Lumpur.",1997-01-01,https://myfcd.moh.gov.my/myfcd97/index.php/site/detail_product/105054/0/10/-1/0/0,2026-09-05T23:03:09.298814,per_100g,100.0,g,"1 slice, large (DxT, 6x0.5 cm)",1.0,18.4,g,10.0,,96.0,0.4,0.0,2.2,0.5,0.9,,,,,,,29.0,345.0,35.0,2.0,1.4,,,,,70.5,0.12,0.01,0.6,4.0,25.0,1,
MyFCD 1997,105055,MAMAN (MAMAN) ; GYNANDROPSIS GYNANDRA,Maman,MAMAN,Vegetables and vegetable products,"Tee ES, Mohd Ismail N, Mohd Nasir A, Khatijah I (1997). Nutrient Composition of Malaysian Foods, 4th Edition. Institute for Medical Research (IMR), Kuala Lumpur.",1997-01-01,https://myfcd.moh.gov.my/myfcd97/index.php/site/detail_product/105055/0/10/-1/0/0,2026-09-05T23:03:09.336027,per_100g,100.0,g,1/2 cup (chopped),1.0,50.5,g,35.0,,88.3,4.1,0.5,3.5,1.8,1.8,,,,,,,16.0,269.0,257.0,28.0,8.1,,,,,72.0,0.14,0.24,1.4,969.0,5816.0,1,
MyFCD 1997,105056,MENGKUDU (MENGKUDU) ; MORINDA CITRIFOLIA,Mengkudu,MENGKUDU,Vegetables and vegetable products,"Tee ES, Mohd Ismail N, Mohd Nasir A, Khatijah I (1997). Nutrient Composition of Malaysian Foods, 4th Edition. Institute for Medical Research (IMR), Kuala Lumpur.",1997-01-01,https://myfcd.moh.gov.my/myfcd97/index.php/site/detail_product/105056/0/10/-1/0/0,2026-09-05T23:03:09.336956,per_100g,100.0,g,1 cup (chopped),1.0,50.4,g,30.0,,89.1,3.9,0.6,2.2,3.0,1.2,,,,,,,18.0,234.0,114.0,14.0,2.8,,,,,115.0,0.15,0.32,1.0,603.0,3619.0,1,
MyFCD 1997,105058,MUNG BEAN / GREEN BEAN SPROUTS (TAU-GEH) ; PHASEOLUS AUREUS,Tau-Geh,TAU-GEH,Vegetables and vegetable products,"Tee ES, Mohd Ismail N, Mohd Nasir A, Khatijah I (1997). Nutrient Composition of Malaysian Foods, 4th Edition. Institute for Medical Research (IMR), Kuala Lumpur.",1997-01-01,https://myfcd.moh.gov.my/myfcd97/index.php/site/detail_product/105058/0/10/-1/0/0,2026-09-05T23:03:09.394977,per_100g,100.0,g,1 cup,1.0,86.7,g,25.0,,92.9,2.6,0.2,3.3,0.7,0.3,,,,,,,14.0,69.0,25.0,36.0,1.7,,,,,14.1,0.13,0.18,0.5,5.0,30.0,1,
MyFCD 1997,105057,MINT (DAUN PUDINA) ; MENTHA ARVENSIS,Daun Pudina,DAUN PUDINA,Vegetables and vegetable products,"Tee ES, Mohd Ismail N, Mohd Nasir A, Khatijah I (1997). Nutrient Composition of Malaysian Foods, 4th Edition. Institute for Medical Research (IMR), Kuala Lumpur.",1997-01-01,https://myfcd.moh.gov.my/myfcd97/index.php/site/detail_product/105057/0/10/-1/0/0,2026-09-05T23:03:09.402842,per_100g,100.0,g,1/2 cup (chopped),1.0,20.9,g,40.0,,89.0,3.4,0.8,4.7,1.0,1.1,,,,,,,11.0,199.0,216.0,5.0,3.5,,,,,124.0,0.21,0.1,0.4,566.0,3398.0,1,
MyFCD 1997,105059,"MUSHROOM, CHINESE, DRIED (CENDAWAN CINA, KERING) ; AGARICUS BRETSCHEIDERI","Cendawan Cina, Kering","CENDAWAN CINA, KERING",Vegetables and vegetable products,"Tee ES, Mohd Ismail N, Mohd Nasir A, Khatijah I (1997). Nutrient Composition of Malaysian Foods, 4th Edition. Institute for Medical Research (IMR), Kuala Lumpur.",1997-01-01,https://myfcd.moh.gov.my/myfcd97/index.php/site/detail_product/105059/0/10/-1/0/0,2026-09-05T23:03:09.419690,per_100g,100.0,g,"5 pieces, medium (DxT, 4.5x2 cm)",1.0,11.2,g,306.0,,14.5,14.5,1.8,58.0,7.5,3.7,,,,,,,19.0,1607.0,11.0,312.0,4.2,,,,,9.3,0.07,1.5,12.1,0.0,0.0,1,
MyFCD 1997,101052,"BREAD, WHOLEMEAL (ROTI MIL PENUH)",Roti Mil Penuh,ROTI MIL PENUH,Cereals and cereal products,"Tee ES, Mohd Ismail N, Mohd Nasir A, Khatijah I (1997). Nutrient Composition of Malaysian Foods, 4th Edition. Institute for Medical Research (IMR), Kuala Lumpur.",1997-01-01,https://myfcd.moh.gov.my/myfcd97/index.php/site/detail_product/101052/0/10/-1/0/0,2026-09-05T23:03:09.439475,per_100g,100.0,g,1 square slice,1.0,25.0,g,241.0,,38.7,8.5,0.6,50.5,0.4,1.3,,,,,,,311.0,68.0,41.0,100.0,3.2,,,,,1.7,0.4,0.38,2.7,18.0,0.0,1,
MyFCD 1997,105061,"MUSTARD LEAVES, CHINESE (SAWI/COY-SAM) ; BRASSICA JUNCEA",Sawi/Coy-Sam,SAWI/COY-SAM,Vegetables and vegetable products,"Tee ES, Mohd Ismail N, Mohd Nasir A, Khatijah I (1997). Nutrient Composition of Malaysian Foods, 4th Edition. Institute for Medical Research (IMR), Kuala Lumpur.",1997-01-01,https://myfcd.moh.gov.my/myfcd97/index.php/site/detail_product/105061/0/10/-1/0/0,2026-09-05T23:03:09.459910,per_100g,100.0,g,1 cup (chopped),1.0,86.1,g,29.0,,91.7,2.1,0.7,3.6,0.8,1.1,,,,,,,12.0,471.0,138.0,63.0,1.3,,,,,89.0,0.09,0.27,0.6,460.0,2757.0,1,
MyFCD 1997,105060,"MUSHROOM, GREY OYSTER, FRESH (CENDAWAN TIRAM, SEGAR) ;","Cendawan Tiram, Segar","CENDAWAN TIRAM, SEGAR",Vegetables and vegetable products,"Tee ES, Mohd Ismail N, Mohd Nasir A, Khatijah I (1997). Nutrient Composition of Malaysian Foods, 4th Edition. Institute for Medical Research (IMR), Kuala Lumpur.",1997-01-01,https://myfcd.moh.gov.my/myfcd97/index.php/site/detail_product/105060/0/10/-1/0/0,2026-09-05T23:03:09.462218,per_100g,100.0,g,"1 whole, small (DxH, 6x9 cm)",1.0,7.6,g,37.0,,89.2,3.6,0.7,4.1,1.8,0.6,,,,,,,6.0,195.0,2.0,88.0,1.0,,,,,9.4,0.03,0.46,1.9,0.0,0.0,1,
MyFCD 1997,105063,"MUSTARD LEAF & STEM, LOWLAND, PICKLED (HUM KAI-COY) ;",Hum Kai-Coy,HUM KAI-COY,Vegetables and vegetable products,"Tee ES, Mohd Ismail N, Mohd Nasir A, Khatijah I (1997). Nutrient Composition of Malaysian Foods, 4th Edition. Institute for Medical Research (IMR), Kuala Lumpur.",1997-01-01,https://myfcd.moh.gov.my/myfcd97/index.php/site/detail_product/105063/0/10/-1/0/0,2026-09-05T23:03:09.499843,per_100g,100.0,g,1 cup (chopped),1.0,165.4,g,30.0,,87.2,1.9,0.0,5.7,1.3,3.9,,,,,,,1220.0,258.0,51.0,19.0,1.5,,,,,0.0,0.23,0.03,1.6,2260.0,13560.0,1,
MyFCD 1997,105062,"MUSTARD LEAVES, INDIAN (KAI-COY) ; BRASSICA JUNCEA",Kai-Coy,KAI-COY,Vegetables and vegetable products,"Tee ES, Mohd Ismail N, Mohd Nasir A, Khatijah I (1997). Nutrient Composition of Malaysian Foods, 4th Edition. Institute for Medical Research (IMR), Kuala Lumpur.",1997-01-01,https://myfcd.moh.gov.my/myfcd97/index.php/site/detail_product/105062/0/10/-1/0/0,2026-09-05T23:03:09.501399,per_100g,100.0,g,1 cup (chopped),1.0,83.5,g,17.0,,94.7,1.6,0.4,1.7,0.7,0.9,,,,,,,7.0,341.0,47.0,21.0,1.0,,,,,74.0,0.06,0.23,0.1,249.0,1492.0,1,
MyFCD 1997,105064,"MUSTARD LEAF & STEM, HIGHLAND, PICKLED (HUM KAI-COY) ;",Hum Kai-Coy,HUM KAI-COY,Vegetables and vegetable products,"Tee ES, Mohd Ismail N, Mohd Nasir A, Khatijah I (1997). Nutrient Composition of Malaysian Foods, 4th Edition. Institute for Medical Research (IMR), Kuala Lumpur.",1997-01-01,https://myfcd.moh.gov.my/myfcd97/index.php/site/detail_product/105064/0/10/-1/0/0,2026-09-05T23:03:09.534571,per_100g,100.0,g,1 cup (chopped),1.0,165.4,g,14.0,,92.7,1.0,0.0,2.6,1.0,2.7,,,,,,,1044.0,160.0,49.0,16.0,3.4,,,,,0.0,0.09,0.03,0.6,668.0,4010.0,1,
MyFCD 1997,105067,"ONION, SMALL, PICKLED (JERUK BAWANG MERAH) ;",Jeruk Bawang Merah,JERUK BAWANG MERAH,Vegetables and vegetable products,"Tee ES, Mohd Ismail N, Mohd Nasir A, Khatijah I (1997). Nutrient Composition of Malaysian Foods, 4th Edition. Institute for Medical Research (IMR), Kuala Lumpur.",1997-01-01,https://myfcd.moh.gov.my/myfcd97/index.php/site/detail_product/105067/0/10/-1/0/0,2026-09-05T23:03:09.636157,per_100g,100.0,g,"5 whole (DxH, 1.5x2.5 cm)",1.0,41.9,g,80.0,,77.9,0.5,0.1,19.3,0.6,1.6,,,,,,,222.0,16.0,5.0,71.0,1.6,,,,,0.6,0.01,0.13,0.7,0.0,2.0,1,
MyFCD 1997,105065,"ONION, LARGE (BAWANG BESAR) ; ALLIUM CEPA",Bawang Besar,BAWANG BESAR,Vegetables and vegetable products,"Tee ES, Mohd Ismail N, Mohd Nasir A, Khatijah I (1997). Nutrient Composition of Malaysian Foods, 4th Edition. Institute for Medical Research (IMR), Kuala Lumpur.",1997-01-01,https://myfcd.moh.gov.my/myfcd97/index.php/site/detail_product/105065/0/10/-1/0/0,2026-09-05T23:03:09.636760,per_100g,100.0,g,"1 whole, small (DxH, 3.5x4 cm)",1.0,24.8,g,53.0,,85.7,1.3,0.0,11.9,0.6,0.5,,,,,,,14.0,11.0,38.0,51.0,4.6,,,,,8.4,0.03,0.07,0.1,0.0,0.0,1,
MyFCD 1997,105066,"ONION, SMALL/SHALLOT (BAWANG MERAH) ; ALLIUM FISTULOSUM",Bawang Merah,BAWANG MERAH,Vegetables and vegetable products,"Tee ES, Mohd Ismail N, Mohd Nasir A, Khatijah I (1997). Nutrient Composition of Malaysian Foods, 4th Edition. Institute for Medical Research (IMR), Kuala Lumpur.",1997-01-01,https://myfcd.moh.gov.my/myfcd97/index.php/site/detail_product/105066/0/10/-1/0/0,2026-09-05T23:03:09.637781,per_100g,100.0,g,"1/2 cup (sliced, T, 1 mm)",1.0,31.0,g,62.0,,83.2,1.2,0.0,14.3,0.6,0.7,,,,,,,12.0,279.0,74.0,8.0,1.1,,,,,12.4,0.05,0.1,0.0,0.0,0.0,1,
MyFCD 1997,105068,PAPAYA SHOOTS (PUCUK BETIK) ; CARICA PAPAYA,Pucuk Betik,PUCUK BETIK,Vegetables and vegetable products,"Tee ES, Mohd Ismail N, Mohd Nasir A, Khatijah I (1997). Nutrient Composition of Malaysian Foods, 4th Edition. Institute for Medical Research (IMR), Kuala Lumpur.",1997-01-01,https://myfcd.moh.gov.my/myfcd97/index.php/site/detail_product/105068/0/10/-1/0/0,2026-09-05T23:03:09.721684,per_100g,100.0,g,1/2 cup (chopped),1.0,26.5,g,59.0,,83.3,5.6,0.4,8.2,1.0,1.5,,,,,,,3.0,629.0,290.0,25.0,6.4,,,,,124.0,0.09,0.37,1.3,612.0,3672.0,1,
MyFCD 1997,105069,PAPRIKA / BELL PEPPERS (LADA HIJAU BESAR) ; CAPSICUM ANNUUM,Lada Hijau Besar,LADA HIJAU BESAR,Vegetables and vegetable products,"Tee ES, Mohd Ismail N, Mohd Nasir A, Khatijah I (1997). Nutrient Composition of Malaysian Foods, 4th Edition. Institute for Medical Research (IMR), Kuala Lumpur.",1997-01-01,https://myfcd.moh.gov.my/myfcd97/index.php/site/detail_product/105069/0/10/-1/0/0,2026-09-05T23:03:09.725704,per_100g,100.0,g,1 cup (chopped),1.0,129.0,g,22.0,,93.7,1.2,0.2,3.8,0.7,0.4,,,,,,,12.0,97.0,4.0,2.0,0.2,,,,,112.0,0.09,0.04,0.0,35.0,210.0,1,
MyFCD 1997,105072,"PEAS, GREEN, CANNED (KACANG PEA HIJAU DALAM TIN) ;","Peas, Green, Canned",KACANG PEA HIJAU DALAM TIN,Vegetables and vegetable products,"Tee ES, Mohd Ismail N, Mohd Nasir A, Khatijah I (1997). Nutrient Composition of Malaysian Foods, 4th Edition. Institute for Medical Research (IMR), Kuala Lumpur.",1997-01-01,https://myfcd.moh.gov.my/myfcd97/index.php/site/detail_product/105072/0/10/-1/0/0,2026-09-05T23:03:09.784058,per_100g,100.0,g,1/2 cup,1.0,91.9,g,58.0,,82.0,3.4,0.4,10.2,2.7,1.3,,,,,,,298.0,39.0,25.0,53.0,1.8,,,,,8.1,0.09,0.06,0.6,64.0,384.0,1,
MyFCD 1997,105070,PARSLEY (PASLI) ; PETROSELINUM CRISPUM,Pasli,PASLI,Vegetables and vegetable products,"Tee ES, Mohd Ismail N, Mohd Nasir A, Khatijah I (1997). Nutrient Composition of Malaysian Foods, 4th Edition. Institute for Medical Research (IMR), Kuala Lumpur.",1997-01-01,https://myfcd.moh.gov.my/myfcd97/index.php/site/detail_product/105070/0/10/-1/0/0,2026-09-05T23:03:09.784664,per_100g,100.0,g,1 tablespoon (chopped),1.0,3.1,g,33.0,,89.3,2.9,0.8,3.6,1.4,2.0,,,,,,,12.0,748.0,167.0,76.0,10.2,,,,,94.0,0.09,0.23,0.0,442.0,2649.0,1,
MyFCD 1997,105073,"PEAS, PROCESSED, CANNED (KACANG PEA, DIPEROSES, DALAM TIN) ;","Peas, Processed, Canned","KACANG PEA, DIPEROSES, DALAM TIN",Vegetables and vegetable products,"Tee ES, Mohd Ismail N, Mohd Nasir A, Khatijah I (1997). Nutrient Composition of Malaysian Foods, 4th Edition. Institute for Medical Research (IMR), Kuala Lumpur.",1997-01-01,https://myfcd.moh.gov.my/myfcd97/index.php/site/detail_product/105073/0/10/-1/0/0,2026-09-05T23:03:09.801257,per_100g,100.0,g,"1 tin, small (drained wt.)",1.0,132.0,g,78.0,,78.0,5.0,0.2,14.0,1.6,1.2,,,,,,,414.0,83.0,21.0,101.0,1.2,,,,,3.8,0.08,0.05,0.3,7.0,43.0,1,
MyFCD 1997,105071,"PEAS, GARDEN, FRESH (KACANG PEA, SEGAR) ; PISUM SATIVUM","Kacang Pea, Segar","KACANG PEA, SEGAR",Vegetables and vegetable products,"Tee ES, Mohd Ismail N, Mohd Nasir A, Khatijah I (1997). Nutrient Composition of Malaysian Foods, 4th Edition. Institute for Medical Research (IMR), Kuala Lumpur.",1997-01-01,https://myfcd.moh.gov.my/myfcd97/index.php/site/detail_product/105071/0/10/-1/0/0,2026-09-05T23:03:09.801948,per_100g,100.0,g,1 cup,1.0,157.3,g,50.0,,86.7,7.2,0.6,3.9,1.0,0.6,,,,,,,1.0,150.0,19.0,78.0,0.8,,,,,30.7,0.3,0.15,0.7,16.0,98.0,1,
MyFCD 1997,105075,PEGAGA GAJAH (PEGAGA GAJAH) ; HYDROCOTYLE JAVANICA,Pegaga Gajah,PEGAGA GAJAH,Vegetables and vegetable products,"Tee ES, Mohd Ismail N, Mohd Nasir A, Khatijah I (1997). Nutrient Composition of Malaysian Foods, 4th Edition. Institute for Medical Research (IMR), Kuala Lumpur.",1997-01-01,https://myfcd.moh.gov.my/myfcd97/index.php/site/detail_product/105075/0/10/-1/0/0,2026-09-05T23:03:09.858165,per_100g,100.0,g,1 cup (chopped),1.0,42.5,g,30.0,,89.9,1.2,0.4,5.3,1.3,1.9,,,,,,,24.0,306.0,165.0,41.0,9.8,,,,,70.2,0.07,0.2,0.4,234.0,1404.0,1,
MyFCD 1997,105074,"PEAS, SALTED, FRIED (KACANG PEA, GORENG BERGARAM) ;","Kacang Pea, Goreng Bergaram","KACANG PEA, GORENG BERGARAM",Vegetables and vegetable products,"Tee ES, Mohd Ismail N, Mohd Nasir A, Khatijah I (1997). Nutrient Composition of Malaysian Foods, 4th Edition. Institute for Medical Research (IMR), Kuala Lumpur.",1997-01-01,https://myfcd.moh.gov.my/myfcd97/index.php/site/detail_product/105074/0/10/-1/0/0,2026-09-05T23:03:09.864834,per_100g,100.0,g,1 cup,1.0,111.8,g,473.0,,2.1,13.8,21.2,56.8,3.0,3.1,,,,,,,360.0,76.0,73.0,331.0,0.1,,,,,0.0,0.1,0.05,1.0,10.0,60.0,1,
MyFCD 1997,105076,PETAI (PETAI) ; PARKIA SPECIOSA,Petai,PETAI,Vegetables and vegetable products,"Tee ES, Mohd Ismail N, Mohd Nasir A, Khatijah I (1997). Nutrient Composition of Malaysian Foods, 4th Edition. Institute for Medical Research (IMR), Kuala Lumpur.",1997-01-01,https://myfcd.moh.gov.my/myfcd97/index.php/site/detail_product/105076/0/10/-1/0/0,2026-09-05T23:03:09.929593,per_100g,100.0,g,1/2 cup (seeds),1.0,59.6,g,124.0,,69.0,10.0,1.8,16.9,1.0,1.3,,,,,,,11.0,376.0,126.0,3.0,3.4,,,,,32.7,0.15,0.2,0.5,25.0,151.0,1,
MyFCD 1997,105079,PURSLANE (GELONG PASIR) ; PORTULACA OLERACEA,Gelong Pasir,GELONG PASIR,Vegetables and vegetable products,"Tee ES, Mohd Ismail N, Mohd Nasir A, Khatijah I (1997). Nutrient Composition of Malaysian Foods, 4th Edition. Institute for Medical Research (IMR), Kuala Lumpur.",1997-01-01,https://myfcd.moh.gov.my/myfcd97/index.php/site/detail_product/105079/0/10/-1/0/0,2026-09-05T23:03:09.940004,per_100g,100.0,g,1 cup (chopped),1.0,69.9,g,45.0,,84.6,2.5,0.2,8.3,2.2,2.2,,,,,,,8.0,529.0,118.0,32.0,3.6,,,,,14.0,0.05,0.2,0.4,384.0,2303.0,1,
MyFCD 1997,105078,PUMPKIN (LABU MERAH) ; CUCURBITA MAXIMA,Labu Merah,LABU MERAH,Vegetables and vegetable products,"Tee ES, Mohd Ismail N, Mohd Nasir A, Khatijah I (1997). Nutrient Composition of Malaysian Foods, 4th Edition. Institute for Medical Research (IMR), Kuala Lumpur.",1997-01-01,https://myfcd.moh.gov.my/myfcd97/index.php/site/detail_product/105078/0/10/-1/0/0,2026-09-05T23:03:09.953332,per_100g,100.0,g,"1 cup (diced, 0.5 cm cube)",1.0,143.2,g,60.0,,84.4,0.9,0.1,13.9,0.3,0.4,,,,,,,50.0,113.0,21.0,39.0,0.7,,,,,36.5,0.07,0.05,0.6,167.0,1000.0,1,
MyFCD 1997,105077,"PLANTAIN, FLOWER (JANTUNG PISANG) ; MUSA SAPIENTIUM",Jantung Pisang,JANTUNG PISANG,Vegetables and vegetable products,"Tee ES, Mohd Ismail N, Mohd Nasir A, Khatijah I (1997). Nutrient Composition of Malaysian Foods, 4th Edition. Institute for Medical Research (IMR), Kuala Lumpur.",1997-01-01,https://myfcd.moh.gov.my/myfcd97/index.php/site/detail_product/105077/0/10/-1/0/0,2026-09-05T23:03:09.954016,per_100g,100.0,g,1/2 cup (chopped),1.0,53.9,g,41.0,,88.7,1.8,0.9,6.4,1.0,1.2,,,,,,,3.0,601.0,73.0,30.0,2.1,,,,,5.8,0.03,0.03,1.1,32.0,193.0,1,
MyFCD 1997,105080,"RADISH, CHINESE (LOBAK) ; RAPHANUS SATIVUS",Lobak,LOBAK,Vegetables and vegetable products,"Tee ES, Mohd Ismail N, Mohd Nasir A, Khatijah I (1997). Nutrient Composition of Malaysian Foods, 4th Edition. Institute for Medical Research (IMR), Kuala Lumpur.",1997-01-01,https://myfcd.moh.gov.my/myfcd97/index.php/site/detail_product/105080/0/10/-1/0/0,2026-09-05T23:03:09.990622,per_100g,100.0,g,"1 cup (diced, 0.5 cm cube)",1.0,132.4,g,13.0,,95.2,0.7,0.1,2.4,1.1,0.5,,,,,,,52.0,71.0,38.0,15.0,0.9,,,,,23.4,0.08,0.04,0.1,0.0,0.0,1,
MyFCD 1997,105081,"RADISH, CHINESE, PICKLED (LOBAK DIJERUK) ;",Lobak Dijeruk,LOBAK DIJERUK,Vegetables and vegetable products,"Tee ES, Mohd Ismail N, Mohd Nasir A, Khatijah I (1997). Nutrient Composition of Malaysian Foods, 4th Edition. Institute for Medical Research (IMR), Kuala Lumpur.",1997-01-01,https://myfcd.moh.gov.my/myfcd97/index.php/site/detail_product/105081/0/10/-1/0/0,2026-09-05T23:03:09.991464,per_100g,100.0,g,"1 piece (LxT, 7.5x2 cm)",1.0,9.7,g,36.0,,78.1,1.7,0.3,8.2,2.3,9.4,,,,,,,3026.0,340.0,0.0,105.0,3.4,,,,,5.0,0.03,0.01,0.9,0.0,0.0,1,
MyFCD 1997,105083,SALANG (SALANG) ; CLAOXYLON LONGIFOLIUM,Salang,SALANG,Vegetables and vegetable products,"Tee ES, Mohd Ismail N, Mohd Nasir A, Khatijah I (1997). Nutrient Composition of Malaysian Foods, 4th Edition. Institute for Medical Research (IMR), Kuala Lumpur.",1997-01-01,https://myfcd.moh.gov.my/myfcd97/index.php/site/detail_product/105083/0/10/-1/0/0,2026-09-05T23:03:10.054503,per_100g,100.0,g,1/2 cup (chopped),1.0,15.2,g,39.0,,87.4,5.4,0.6,3.0,1.4,2.2,,,,,,,18.0,456.0,182.0,26.0,1.8,,,,,344.0,0.15,0.2,0.8,981.0,5883.0,1,
MyFCD 1997,105082,"RHUBARB / PIE PLANT, PETIOLES (TAI-WONG) ; RHEUM RHAPONTICUM",Tai-Wong,TAI-WONG,Vegetables and vegetable products,"Tee ES, Mohd Ismail N, Mohd Nasir A, Khatijah I (1997). Nutrient Composition of Malaysian Foods, 4th Edition. Institute for Medical Research (IMR), Kuala Lumpur.",1997-01-01,https://myfcd.moh.gov.my/myfcd97/index.php/site/detail_product/105082/0/10/-1/0/0,2026-09-05T23:03:10.083893,per_100g,100.0,g,,,,,33.0,,91.2,1.2,1.3,4.2,1.1,1.0,,,,,,,5.0,126.0,253.0,20.0,0.5,,,,,14.4,0.01,0.03,1.4,30.0,182.0,1,
MyFCD 1997,105084,"SEAWEED, DRIED (HAI-TAI) ;",Hai-Tai,HAI-TAI,Vegetables and vegetable products,"Tee ES, Mohd Ismail N, Mohd Nasir A, Khatijah I (1997). Nutrient Composition of Malaysian Foods, 4th Edition. Institute for Medical Research (IMR), Kuala Lumpur.",1997-01-01,https://myfcd.moh.gov.my/myfcd97/index.php/site/detail_product/105084/0/10/-1/0/0,2026-09-05T23:03:10.124660,per_100g,100.0,g,1/2 cup,1.0,15.2,g,252.0,,16.3,0.0,1.2,60.2,7.4,14.9,,,,,,,2025.0,3524.0,235.0,294.0,21.7,,,,,2.3,0.07,0.59,0.0,0.0,0.0,1,
MyFCD 1997,105085,SELOM (SELOM) ; OENANTHE JAVANICA,Selom,SELOM,Vegetables and vegetable products,"Tee ES, Mohd Ismail N, Mohd Nasir A, Khatijah I (1997). Nutrient Composition of Malaysian Foods, 4th Edition. Institute for Medical Research (IMR), Kuala Lumpur.",1997-01-01,https://myfcd.moh.gov.my/myfcd97/index.php/site/detail_product/105085/0/10/-1/0/0,2026-09-05T23:03:10.128920,per_100g,100.0,g,1 cup (chopped),1.0,42.3,g,26.0,,91.6,1.1,0.4,4.4,1.0,1.5,,,,,,,32.0,266.0,138.0,43.0,2.3,,,,,60.5,0.1,0.31,0.6,533.0,3200.0,1,
MyFCD 1997,105087,SOYA BEAN SPROUT (TAU-GEH KACANG SOYA) ; GLYCINE MAX,Tau-Geh Kacang Soya,TAU-GEH KACANG SOYA,Vegetables and vegetable products,"Tee ES, Mohd Ismail N, Mohd Nasir A, Khatijah I (1997). Nutrient Composition of Malaysian Foods, 4th Edition. Institute for Medical Research (IMR), Kuala Lumpur.",1997-01-01,https://myfcd.moh.gov.my/myfcd97/index.php/site/detail_product/105087/0/10/-1/0/0,2026-09-05T23:03:10.137110,per_100g,100.0,g,1 cup,1.0,99.9,g,57.0,,86.7,6.9,2.2,2.4,1.1,0.7,,,,,,,3.0,149.0,57.0,98.0,3.3,,,,,2.0,0.1,0.18,0.7,0.0,0.0,1,
MyFCD 1997,105086,SESBANIA (DAUN TURI/GETI) ; SESBANIA GRANDIFLORA,Daun Turi/Geti,DAUN TURI/GETI,Vegetables and vegetable products,"Tee ES, Mohd Ismail N, Mohd Nasir A, Khatijah I (1997). Nutrient Composition of Malaysian Foods, 4th Edition. Institute for Medical Research (IMR), Kuala Lumpur.",1997-01-01,https://myfcd.moh.gov.my/myfcd97/index.php/site/detail_product/105086/0/10/-1/0/0,2026-09-05T23:03:10.138171,per_100g,100.0,g,1 cup (chopped),1.0,34.4,g,82.0,,77.2,8.4,1.1,9.7,1.8,1.8,,,,,,,23.0,356.0,181.0,29.0,0.3,,,,,114.0,0.6,0.71,2.4,837.0,5022.0,1,
MyFCD 1997,105089,SPINACH (BAYAM PUTIH) ; AMARANTHUS VIRIDIS,Bayam Putih,BAYAM PUTIH,Vegetables and vegetable products,"Tee ES, Mohd Ismail N, Mohd Nasir A, Khatijah I (1997). Nutrient Composition of Malaysian Foods, 4th Edition. Institute for Medical Research (IMR), Kuala Lumpur.",1997-01-01,https://myfcd.moh.gov.my/myfcd97/index.php/site/detail_product/105089/0/10/-1/0/0,2026-09-05T23:03:10.244323,per_100g,100.0,g,"2 stalks (L, 31.5 cm)",1.0,44.6,g,21.0,,92.9,2.1,0.2,2.7,0.7,1.4,,,,,,,131.0,385.0,90.0,29.0,3.8,,,,,76.6,0.08,0.15,0.7,680.0,4080.0,1,
MyFCD 1997,105092,"SPINACH, CEYLON (REMAYONG) ; BASELLA RUBRA",Remayong,REMAYONG,Vegetables and vegetable products,"Tee ES, Mohd Ismail N, Mohd Nasir A, Khatijah I (1997). Nutrient Composition of Malaysian Foods, 4th Edition. Institute for Medical Research (IMR), Kuala Lumpur.",1997-01-01,https://myfcd.moh.gov.my/myfcd97/index.php/site/detail_product/105092/0/10/-1/0/0,2026-09-05T23:03:10.260528,per_100g,100.0,g,1 cup (chopped),1.0,85.1,g,23.0,,92.9,1.6,0.1,3.8,0.3,1.3,,,,,,,15.0,233.0,115.0,11.0,1.3,,,,,58.5,0.08,0.11,0.6,661.0,3967.0,1,
MyFCD 1997,105093,"SPINACH, RED (BAYAM MERAH) ; AMARANTHUS GANGETICUS",Bayam Merah,BAYAM MERAH,Vegetables and vegetable products,"Tee ES, Mohd Ismail N, Mohd Nasir A, Khatijah I (1997). Nutrient Composition of Malaysian Foods, 4th Edition. Institute for Medical Research (IMR), Kuala Lumpur.",1997-01-01,https://myfcd.moh.gov.my/myfcd97/index.php/site/detail_product/105093/0/10/-1/0/0,2026-09-05T23:03:10.267206,per_100g,100.0,g,1 cup (chopped),1.0,47.4,g,27.0,,90.3,2.8,0.3,3.3,1.5,1.8,,,,,,,6.0,566.0,121.0,38.0,4.0,,,,,48.3,0.04,0.16,0.8,552.0,3313.0,1,
MyFCD 1997,105091,SPINACH (BAYAM PASIR) ;,Bayam Pasir,BAYAM PASIR,Vegetables and vegetable products,"Tee ES, Mohd Ismail N, Mohd Nasir A, Khatijah I (1997). Nutrient Composition of Malaysian Foods, 4th Edition. Institute for Medical Research (IMR), Kuala Lumpur.",1997-01-01,https://myfcd.moh.gov.my/myfcd97/index.php/site/detail_product/105091/0/10/-1/0/0,2026-09-05T23:03:10.271095,per_100g,100.0,g,1 cup (chopped),1.0,55.5,g,47.0,,88.3,4.0,2.6,2.0,0.7,2.4,,,,,,,12.0,540.0,287.0,92.0,5.0,,,,,4.1,0.01,0.13,0.4,454.0,2723.0,0,R224046
MyFCD 1997,105090,SPINACH (BAYAM DURI) ; AMARANTHUS SPINOSUS,Bayam Duri,BAYAM DURI,Vegetables and vegetable products,"Tee ES, Mohd Ismail N, Mohd Nasir A, Khatijah I (1997). Nutrient Composition of Malaysian Foods, 4th Edition. Institute for Medical Research (IMR), Kuala Lumpur.",1997-01-01,https://myfcd.moh.gov.my/myfcd97/index.php/site/detail_product/105090/0/10/-1/0/0,2026-09-05T23:03:10.271949,per_100g,100.0,g,1/2 cup (chopped),1.0,43.6,g,20.0,,93.1,2.3,0.2,2.3,0.6,1.5,,,,,,,8.0,471.0,152.0,62.0,1.0,,,,,116.0,0.01,0.25,0.4,207.0,1242.0,1,
MyFCD 1997,105094,SPRING ONION (DAUN BAWANG) ; ALLIUM FISTULOSUM,Daun Bawang,DAUN BAWANG,Vegetables and vegetable products,"Tee ES, Mohd Ismail N, Mohd Nasir A, Khatijah I (1997). Nutrient Composition of Malaysian Foods, 4th Edition. Institute for Medical Research (IMR), Kuala Lumpur.",1997-01-01,https://myfcd.moh.gov.my/myfcd97/index.php/site/detail_product/105094/0/10/-1/0/0,2026-09-05T23:03:10.358350,per_100g,100.0,g,1 tablespoon (chopped),1.0,4.7,g,43.0,,88.4,2.6,0.7,6.5,1.0,0.8,,,,,,,17.0,147.0,55.0,3.0,1.1,,,,,38.9,0.04,0.08,0.0,687.0,4120.0,1,
MyFCD 1997,105096,SWEETPOTATO SHOOTS (PUCUK UBI KELEDEK) ; IPOMOEA BATATAS,Pucuk Ubi Keledek,PUCUK UBI KELEDEK,Vegetables and vegetable products,"Tee ES, Mohd Ismail N, Mohd Nasir A, Khatijah I (1997). Nutrient Composition of Malaysian Foods, 4th Edition. Institute for Medical Research (IMR), Kuala Lumpur.",1997-01-01,https://myfcd.moh.gov.my/myfcd97/index.php/site/detail_product/105096/0/10/-1/0/0,2026-09-05T23:03:10.385343,per_100g,100.0,g,1 cup (chopped),1.0,67.7,g,23.0,,92.4,2.6,0.3,2.5,1.1,1.1,,,,,,,16.0,252.0,11.0,15.0,5.2,,,,,81.1,0.09,0.23,0.9,585.0,3510.0,1,
MyFCD 1997,105098,TOMATO (TOMATO) ; LYCOPERSICUM ESCULENTUM,Tomato,TOMATO,Vegetables and vegetable products,"Tee ES, Mohd Ismail N, Mohd Nasir A, Khatijah I (1997). Nutrient Composition of Malaysian Foods, 4th Edition. Institute for Medical Research (IMR), Kuala Lumpur.",1997-01-01,https://myfcd.moh.gov.my/myfcd97/index.php/site/detail_product/105098/0/10/-1/0/0,2026-09-05T23:03:10.411941,per_100g,100.0,g,"2 whole, small (DxH, 4.2x3 cm)",1.0,39.6,g,22.0,,93.7,1.4,0.2,3.6,0.5,0.6,,,,,,,16.0,129.0,12.0,28.0,0.8,,,,,25.8,0.08,0.09,0.3,132.0,790.0,1,
MyFCD 1997,105097,TAPIOCA SHOOTS (PUCUK UBI KAYU) ; MANIHOT UTILISSIMA,Pucuk Ubi Kayu,PUCUK UBI KAYU,Vegetables and vegetable products,"Tee ES, Mohd Ismail N, Mohd Nasir A, Khatijah I (1997). Nutrient Composition of Malaysian Foods, 4th Edition. Institute for Medical Research (IMR), Kuala Lumpur.",1997-01-01,https://myfcd.moh.gov.my/myfcd97/index.php/site/detail_product/105097/0/10/-1/0/0,2026-09-05T23:03:10.413487,per_100g,100.0,g,1 cup (chopped),1.0,39.7,g,56.0,,84.2,6.6,1.1,4.8,2.0,1.3,,,,,,,17.0,23.0,215.0,35.0,1.1,,,,,192.0,0.14,0.36,1.5,582.0,3490.0,1,
MyFCD 1997,105095,SWAMP CABBAGE / WATER CONVULVOLUS (KANGKUNG) ; IPOMOEA AQUATICA/I. REPTANS,Kangkung,KANGKUNG,Vegetables and vegetable products,"Tee ES, Mohd Ismail N, Mohd Nasir A, Khatijah I (1997). Nutrient Composition of Malaysian Foods, 4th Edition. Institute for Medical Research (IMR), Kuala Lumpur.",1997-01-01,https://myfcd.moh.gov.my/myfcd97/index.php/site/detail_product/105095/0/10/-1/0/0,2026-09-05T23:03:10.415179,per_100g,100.0,g,"2 stalks (L, 40 cm)",1.0,22.6,g,29.0,,90.9,3.1,0.2,3.6,1.0,1.2,,,,,,,65.0,78.0,88.0,9.0,5.2,,,,,48.5,0.1,0.55,0.6,793.0,4760.0,1,
MyFCD 1997,105099,"TOMATO JUICE, CANNED (JUS TOMATO DALAM TIN) ;","Tomato Juice, Canned",JUS TOMATO DALAM TIN,Vegetables and vegetable products,"Tee ES, Mohd Ismail N, Mohd Nasir A, Khatijah I (1997). Nutrient Composition of Malaysian Foods, 4th Edition. Institute for Medical Research (IMR), Kuala Lumpur.",1997-01-01,https://myfcd.moh.gov.my/myfcd97/index.php/site/detail_product/105099/0/10/-1/0/0,2026-09-05T23:03:10.481454,per_100g,100.0,g,1/2 cup (125 ml),1.0,124.3,g,23.0,,93.0,1.1,0.0,4.6,0.2,1.1,,,,,,,182.0,84.0,9.0,21.0,1.9,,,,,21.2,0.09,0.03,0.0,30.0,182.0,1,
MyFCD 1997,105100,TOMATO KETCHUP (SOS TOMATO/KETCUP TOMATO) ;,Sos Tomato/Ketcup Tomato,SOS TOMATO/KETCUP TOMATO,Vegetables and vegetable products,"Tee ES, Mohd Ismail N, Mohd Nasir A, Khatijah I (1997). Nutrient Composition of Malaysian Foods, 4th Edition. Institute for Medical Research (IMR), Kuala Lumpur.",1997-01-01,https://myfcd.moh.gov.my/myfcd97/index.php/site/detail_product/105100/0/10/-1/0/0,2026-09-05T23:03:10.502347,per_100g,100.0,g,1 tablespoon,1.0,17.8,g,111.0,,69.3,1.7,0.0,26.0,0.1,2.9,,,,,,,962.0,116.0,15.0,18.0,0.8,,,,,11.0,0.09,0.07,2.2,52.0,311.0,1,
MyFCD 1997,105101,"TOMATO SOUP, CANNED (SUP TOMATO DALAM TIN) ;","Tomato Soup, Canned",SUP TOMATO DALAM TIN,Vegetables and vegetable products,"Tee ES, Mohd Ismail N, Mohd Nasir A, Khatijah I (1997). Nutrient Composition of Malaysian Foods, 4th Edition. Institute for Medical Research (IMR), Kuala Lumpur.",1997-01-01,https://myfcd.moh.gov.my/myfcd97/index.php/site/detail_product/105101/0/10/-1/0/0,2026-09-05T23:03:10.551230,per_100g,100.0,g,1 tablespoon,1.0,17.0,g,40.0,,88.3,1.1,0.4,8.1,0.1,2.0,,,,,,,590.0,176.0,12.0,25.0,0.9,,,,,1.1,0.05,0.07,0.6,87.0,522.0,1,
MyFCD 1997,105102,TREE TOMATO ; CYPHOMANDRA BETACEA,Tree Tomato ; Cyphomandra Betacea,,Vegetables and vegetable products,"Tee ES, Mohd Ismail N, Mohd Nasir A, Khatijah I (1997). Nutrient Composition of Malaysian Foods, 4th Edition. Institute for Medical Research (IMR), Kuala Lumpur.",1997-01-01,https://myfcd.moh.gov.my/myfcd97/index.php/site/detail_product/105102/0/10/-1/0/0,2026-09-05T23:03:10.552361,per_100g,100.0,g,"2 whole, small (DxH, 4.2x3 cm)",1.0,43.2,g,45.0,,86.6,1.5,1.1,7.3,2.7,0.8,,,,,,,5.0,370.0,13.0,30.0,0.5,,,,,29.9,0.1,0.03,0.0,409.0,2455.0,1,
MyFCD 1997,105103,TURNIP (LOBAK/COY-TAU) ; BRASSICA RAPA,Lobak/Coy-Tau,LOBAK/COY-TAU,Vegetables and vegetable products,"Tee ES, Mohd Ismail N, Mohd Nasir A, Khatijah I (1997). Nutrient Composition of Malaysian Foods, 4th Edition. Institute for Medical Research (IMR), Kuala Lumpur.",1997-01-01,https://myfcd.moh.gov.my/myfcd97/index.php/site/detail_product/105103/0/10/-1/0/0,2026-09-05T23:03:10.552904,per_100g,100.0,g,"1 cup (diced, 0.5 cm cubes)",1.0,147.0,g,22.0,,93.0,0.7,0.0,4.9,0.9,0.5,,,,,,,8.0,126.0,40.0,21.0,0.4,,,,,29.7,0.03,0.05,0.5,0.0,0.0,1,
MyFCD 1997,105104,"UBI KEMBILI, LEAVES (UBI KEMBILI, DAUN) ; COLEUS TUBEROSUS","Ubi Kembili, Daun","UBI KEMBILI, DAUN",Vegetables and vegetable products,"Tee ES, Mohd Ismail N, Mohd Nasir A, Khatijah I (1997). Nutrient Composition of Malaysian Foods, 4th Edition. Institute for Medical Research (IMR), Kuala Lumpur.",1997-01-01,https://myfcd.moh.gov.my/myfcd97/index.php/site/detail_product/105104/0/10/-1/0/0,2026-09-05T23:03:10.601482,per_100g,100.0,g,,,,,20.0,,93.8,0.9,0.3,3.5,0.6,0.9,,,,,,,3.0,119.0,164.0,86.0,3.9,,,,,2.1,0.02,0.81,0.8,205.0,1231.0,1,
MyFCD 1997,105105,ULAM RAJA (ULAM RAJA) ; COSMOS CAUDATUS,Ulam Raja,ULAM RAJA,Vegetables and vegetable products,"Tee ES, Mohd Ismail N, Mohd Nasir A, Khatijah I (1997). Nutrient Composition of Malaysian Foods, 4th Edition. Institute for Medical Research (IMR), Kuala Lumpur.",1997-01-01,https://myfcd.moh.gov.my/myfcd97/index.php/site/detail_product/105105/0/10/-1/0/0,2026-09-05T23:03:10.617496,per_100g,100.0,g,1/2 cup (chopped),1.0,16.9,g,18.0,,93.1,2.9,0.4,0.6,1.6,1.4,,,,,,,4.0,426.0,270.0,37.0,4.6,,,,,64.6,0.13,0.24,0.2,595.0,3568.0,1,
MyFCD 1997,105106,WATERCHESTNUT (MA-TAI) ; SCIRPUS TUBEROSUS/ELEOCHARIS DULCIS,Ma-Tai,MA-TAI,Vegetables and vegetable products,"Tee ES, Mohd Ismail N, Mohd Nasir A, Khatijah I (1997). Nutrient Composition of Malaysian Foods, 4th Edition. Institute for Medical Research (IMR), Kuala Lumpur.",1997-01-01,https://myfcd.moh.gov.my/myfcd97/index.php/site/detail_product/105106/0/10/-1/0/0,2026-09-05T23:03:10.658752,per_100g,100.0,g,"1/2 cup (diced, 0.5 cm cube)",1.0,73.0,g,117.0,,70.0,4.6,0.4,23.8,0.2,1.0,,,,,,,5.0,424.0,6.0,56.0,0.4,,,,,7.9,0.05,0.03,1.0,0.0,0.0,1,
MyFCD 1997,105107,WATERCRESS (SEMANGGI/SAI-YONG-COY) ; NASHTURTIUM OFFICINALE,Semanggi/Sai-Yong-Coy,SEMANGGI/SAI-YONG-COY,Vegetables and vegetable products,"Tee ES, Mohd Ismail N, Mohd Nasir A, Khatijah I (1997). Nutrient Composition of Malaysian Foods, 4th Edition. Institute for Medical Research (IMR), Kuala Lumpur.",1997-01-01,https://myfcd.moh.gov.my/myfcd97/index.php/site/detail_product/105107/0/10/-1/0/0,2026-09-05T23:03:10.659727,per_100g,100.0,g,1 cup (chopped),1.0,76.8,g,20.0,,93.8,2.6,0.1,2.1,0.5,0.9,,,,,,,26.0,211.0,200.0,51.0,1.6,,,,,84.0,0.11,0.19,0.3,263.0,1575.0,1,
MyFCD 1997,105108,WOLFBERRY LEAVES/CHINESE BOX THORN (KAU-KEI) ; LYCIUM CHINENSE,Kau-Kei,KAU-KEI,Vegetables and vegetable products,"Tee ES, Mohd Ismail N, Mohd Nasir A, Khatijah I (1997). Nutrient Composition of Malaysian Foods, 4th Edition. Institute for Medical Research (IMR), Kuala Lumpur.",1997-01-01,https://myfcd.moh.gov.my/myfcd97/index.php/site/detail_product/105108/0/10/-1/0/0,2026-09-05T23:03:10.660859,per_100g,100.0,g,1 cup (chopped),1.0,48.6,g,34.0,,89.6,4.3,0.6,2.9,0.9,1.7,,,,,,,6.0,656.0,120.0,5.0,2.7,,,,,42.0,0.13,0.28,0.5,695.0,4170.0,1,
MyFCD 1997,105109,YAM BEAN (SENGKUANG) ; PACHYRRHIZUS EROSUS / P. BULBOSUS,Sengkuang,SENGKUANG,Vegetables and vegetable products,"Tee ES, Mohd Ismail N, Mohd Nasir A, Khatijah I (1997). Nutrient Composition of Malaysian Foods, 4th Edition. Institute for Medical Research (IMR), Kuala Lumpur.",1997-01-01,https://myfcd.moh.gov.my/myfcd97/index.php/site/detail_product/105109/0/10/-1/0/0,2026-09-05T23:03:10.721328,per_100g,100.0,g,"1 slice (LxWxT, 10.5x6x0.7 cm)",1.0,37.8,g,22.0,,93.9,1.0,0.0,4.4,0.4,0.3,,,,,,,1.0,100.0,4.0,19.0,0.2,,,,,17.2,0.06,0.05,0.1,0.0,0.0,1,
MyFCD 1997,105110,YAM STALKS (BATANG KELADI) ;,Batang Keladi,BATANG KELADI,Vegetables and vegetable products,"Tee ES, Mohd Ismail N, Mohd Nasir A, Khatijah I (1997). Nutrient Composition of Malaysian Foods, 4th Edition. Institute for Medical Research (IMR), Kuala Lumpur.",1997-01-01,https://myfcd.moh.gov.my/myfcd97/index.php/site/detail_product/105110/0/10/-1/0/0,2026-09-05T23:03:10.735928,per_100g,100.0,g,1 cup (chopped),1.0,53.3,g,25.0,,92.8,0.3,0.2,5.5,0.7,0.5,,,,,,,1.0,85.0,116.0,1.0,1.9,,,,,5.0,0.0,0.06,0.3,16.0,98.0,1,
MyFCD 1997,106003,AVOCADO PEAR (APOKAT) ; PERSEA AMERICANA,Apokat,APOKAT,Fruits and fruit products,"Tee ES, Mohd Ismail N, Mohd Nasir A, Khatijah I (1997). Nutrient Composition of Malaysian Foods, 4th Edition. Institute for Medical Research (IMR), Kuala Lumpur.",1997-01-01,https://myfcd.moh.gov.my/myfcd97/index.php/site/detail_product/106003/0/10/-1/0/0,2026-09-05T23:03:10.780696,per_100g,100.0,g,"1 whole, medium",1.0,160.3,g,180.0,,72.0,2.0,19.1,0.1,5.8,1.0,,,,,,,8.0,467.0,21.0,50.0,2.3,,,,,10.0,0.07,0.4,1.5,33.0,200.0,1,
MyFCD 1997,106002,"APPLE, RED (EPAL MERAH) ; PYRUS MALUS",Epal Merah,EPAL MERAH,Fruits and fruit products,"Tee ES, Mohd Ismail N, Mohd Nasir A, Khatijah I (1997). Nutrient Composition of Malaysian Foods, 4th Edition. Institute for Medical Research (IMR), Kuala Lumpur.",1997-01-01,https://myfcd.moh.gov.my/myfcd97/index.php/site/detail_product/106002/0/10/-1/0/0,2026-09-05T23:03:10.822502,per_100g,100.0,g,"1 whole, small (DxH, 6x5 cm)",1.0,92.1,g,56.0,,85.8,0.2,0.4,13.1,0.3,0.2,,,,,,,3.0,83.0,5.0,9.0,0.2,,,,,4.9,0.03,0.01,0.5,24.0,146.0,1,
MyFCD 1997,106001,"APPLE, GREEN (EPAL HIJAU) ; PYRUS MALUS",Epal Hijau,EPAL HIJAU,Fruits and fruit products,"Tee ES, Mohd Ismail N, Mohd Nasir A, Khatijah I (1997). Nutrient Composition of Malaysian Foods, 4th Edition. Institute for Medical Research (IMR), Kuala Lumpur.",1997-01-01,https://myfcd.moh.gov.my/myfcd97/index.php/site/detail_product/106001/0/10/-1/0/0,2026-09-05T23:03:10.823586,per_100g,100.0,g,"1 whole, medium (DxH, 6.4x5.5 cm)",1.0,102.2,g,39.0,,89.5,0.3,0.2,9.1,0.7,0.2,,,,,,,5.0,73.0,5.0,8.0,0.2,,,,,3.1,0.03,0.03,0.3,20.0,118.0,1,
MyFCD 1997,106004,"BANANA, COMMON VARIETIES (PISANG) ; MUSA SAPIENTIUM/M. PARADISIACA",Pisang,PISANG,Fruits and fruit products,"Tee ES, Mohd Ismail N, Mohd Nasir A, Khatijah I (1997). Nutrient Composition of Malaysian Foods, 4th Edition. Institute for Medical Research (IMR), Kuala Lumpur.",1997-01-01,https://myfcd.moh.gov.my/myfcd97/index.php/site/detail_product/106004/0/10/-1/0/0,2026-09-05T23:03:10.875861,per_100g,100.0,g,,,,,103.0,,73.3,1.3,0.4,23.6,0.5,0.9,,,,,,,29.0,241.0,11.0,28.0,0.6,,,,,17.3,0.07,0.08,0.7,50.0,300.0,1,
MyFCD 1997,106005,BANANA (PISANG ABU) ;,Pisang Abu,PISANG ABU,Fruits and fruit products,"Tee ES, Mohd Ismail N, Mohd Nasir A, Khatijah I (1997). Nutrient Composition of Malaysian Foods, 4th Edition. Institute for Medical Research (IMR), Kuala Lumpur.",1997-01-01,https://myfcd.moh.gov.my/myfcd97/index.php/site/detail_product/106005/0/10/-1/0/0,2026-09-05T23:03:10.886186,per_100g,100.0,g,"2 medium (LxD, 11x5.4 cm)",1.0,109.2,g,124.0,,67.3,1.3,0.1,29.6,0.9,0.8,,,,,,,6.0,289.0,0.0,6.0,0.1,,,,,12.1,0.02,0.02,0.1,7.0,42.0,1,
MyFCD 1997,106007,BANANA (PISANG KARI) ;,Pisang Kari,PISANG KARI,Fruits and fruit products,"Tee ES, Mohd Ismail N, Mohd Nasir A, Khatijah I (1997). Nutrient Composition of Malaysian Foods, 4th Edition. Institute for Medical Research (IMR), Kuala Lumpur.",1997-01-01,https://myfcd.moh.gov.my/myfcd97/index.php/site/detail_product/106007/0/10/-1/0/0,2026-09-05T23:03:11.112225,per_100g,100.0,g,2 medium,1.0,108.8,g,112.0,,71.2,0.9,0.3,26.5,0.4,0.7,,,,,,,2.0,245.0,6.0,35.0,0.4,,,,,5.8,0.06,0.02,0.8,37.0,220.0,1,
MyFCD 1997,106008,BANANA (PISANG EMBUN) ;,Pisang Embun,PISANG EMBUN,Fruits and fruit products,"Tee ES, Mohd Ismail N, Mohd Nasir A, Khatijah I (1997). Nutrient Composition of Malaysian Foods, 4th Edition. Institute for Medical Research (IMR), Kuala Lumpur.",1997-01-01,https://myfcd.moh.gov.my/myfcd97/index.php/site/detail_product/106008/0/10/-1/0/0,2026-09-05T23:03:11.126626,per_100g,100.0,g,"1 medium (LxD, 15.5x2.8 cm)",1.0,72.6,g,84.0,,78.2,1.4,0.4,18.7,0.6,0.7,,,,,,,13.0,332.0,5.0,4.0,0.3,,,,,4.3,0.03,0.03,0.4,20.0,120.0,1,
MyFCD 1997,106006,BANANA (PISANG BRANGAN) ;,Pisang Brangan,PISANG BRANGAN,Fruits and fruit products,"Tee ES, Mohd Ismail N, Mohd Nasir A, Khatijah I (1997). Nutrient Composition of Malaysian Foods, 4th Edition. Institute for Medical Research (IMR), Kuala Lumpur.",1997-01-01,https://myfcd.moh.gov.my/myfcd97/index.php/site/detail_product/106006/0/10/-1/0/0,2026-09-05T23:03:11.129542,per_100g,100.0,g,"2 medium (LxD, 11.5x3.5 cm)",1.0,120.3,g,103.0,,73.1,1.0,0.3,24.2,0.5,0.9,,,,,,,18.0,379.0,0.0,5.0,0.1,,,,,5.6,0.04,0.08,0.3,40.0,240.0,1,
MyFCD 1997,106009,BANANA (PISANG KELAT) ;,Pisang Kelat,PISANG KELAT,Fruits and fruit products,"Tee ES, Mohd Ismail N, Mohd Nasir A, Khatijah I (1997). Nutrient Composition of Malaysian Foods, 4th Edition. Institute for Medical Research (IMR), Kuala Lumpur.",1997-01-01,https://myfcd.moh.gov.my/myfcd97/index.php/site/detail_product/106009/0/10/-1/0/0,2026-09-05T23:03:11.173795,per_100g,100.0,g,"2 medium (LxD, 12x3.8 cm)",1.0,92.2,g,141.0,,64.2,1.3,0.4,33.2,0.2,0.7,,,,,,,5.0,247.0,7.0,29.0,0.5,,,,,31.4,0.09,0.03,0.2,44.0,266.0,1,
MyFCD 1997,106010,BANANA (PISANG MAS) ;,Pisang Mas,PISANG MAS,Fruits and fruit products,"Tee ES, Mohd Ismail N, Mohd Nasir A, Khatijah I (1997). Nutrient Composition of Malaysian Foods, 4th Edition. Institute for Medical Research (IMR), Kuala Lumpur.",1997-01-01,https://myfcd.moh.gov.my/myfcd97/index.php/site/detail_product/106010/0/10/-1/0/0,2026-09-05T23:03:11.175511,per_100g,100.0,g,"2 medium (LxD, 12.3x3.5 cm)",1.0,77.0,g,99.0,,73.0,1.4,0.3,22.9,1.7,0.7,,,,,,,10.0,342.0,0.0,3.0,0.2,,,,,8.3,0.04,0.08,0.5,63.0,380.0,1,
MyFCD 1997,106012,BANANA (PISANG RAJAH UDANG/MERAH) ;,Pisang Rajah Udang/Merah,PISANG RAJAH UDANG/MERAH,Fruits and fruit products,"Tee ES, Mohd Ismail N, Mohd Nasir A, Khatijah I (1997). Nutrient Composition of Malaysian Foods, 4th Edition. Institute for Medical Research (IMR), Kuala Lumpur.",1997-01-01,https://myfcd.moh.gov.my/myfcd97/index.php/site/detail_product/106012/0/10/-1/0/0,2026-09-05T23:03:11.230832,per_100g,100.0,g,1 medium,1.0,133.1,g,83.0,,77.9,0.9,0.3,19.3,0.8,0.8,,,,,,,2.0,233.0,7.0,18.0,0.3,,,,,5.6,0.03,0.07,0.8,37.0,219.0,1,
MyFCD 1997,105088,SPINACH (POR-COY) ; SPINACIA OLERACEA,Por-Coy,POR-COY,Vegetables and vegetable products,"Tee ES, Mohd Ismail N, Mohd Nasir A, Khatijah I (1997). Nutrient Composition of Malaysian Foods, 4th Edition. Institute for Medical Research (IMR), Kuala Lumpur.",1997-01-01,https://myfcd.moh.gov.my/myfcd97/index.php/site/detail_product/105088/0/10/-1/0/0,2026-09-05T23:03:11.249974,per_100g,100.0,g,1 cup (chopped),1.0,54.2,g,26.0,,91.3,2.6,0.3,3.0,0.8,1.8,,,,,,,25.0,722.0,69.0,48.0,4.6,,,,,56.4,0.16,0.13,0.7,712.0,4269.0,1,
MyFCD 1997,106011,BANANA (PISANG NANGKA) ;,Pisang Nangka,PISANG NANGKA,Fruits and fruit products,"Tee ES, Mohd Ismail N, Mohd Nasir A, Khatijah I (1997). Nutrient Composition of Malaysian Foods, 4th Edition. Institute for Medical Research (IMR), Kuala Lumpur.",1997-01-01,https://myfcd.moh.gov.my/myfcd97/index.php/site/detail_product/106011/0/10/-1/0/0,2026-09-05T23:03:11.261930,per_100g,100.0,g,"2 medium (LxD, 15.7x4.5 cm)",1.0,153.7,g,121.0,,68.0,1.4,0.2,28.5,1.2,0.7,,,,,,,22.0,242.0,0.0,3.0,0.4,,,,,14.1,0.07,0.1,0.8,33.0,197.0,1,
MyFCD 1997,106013,BANANA (PISANG RASTALI) ;,Pisang Rastali,PISANG RASTALI,Fruits and fruit products,"Tee ES, Mohd Ismail N, Mohd Nasir A, Khatijah I (1997). Nutrient Composition of Malaysian Foods, 4th Edition. Institute for Medical Research (IMR), Kuala Lumpur.",1997-01-01,https://myfcd.moh.gov.my/myfcd97/index.php/site/detail_product/106013/0/10/-1/0/0,2026-09-05T23:03:11.286935,per_100g,100.0,g,"4 small (LxD, 9.8x3.2 cm)",1.0,130.0,g,95.0,,74.7,1.6,0.2,21.8,1.0,0.7,,,,,,,30.0,277.0,0.0,63.0,0.2,,,,,7.8,0.04,0.06,3.2,2.0,12.0,1,
MyFCD 1997,106014,BANANA (PISANG TANDUK) ;,Pisang Tanduk,PISANG TANDUK,Fruits and fruit products,"Tee ES, Mohd Ismail N, Mohd Nasir A, Khatijah I (1997). Nutrient Composition of Malaysian Foods, 4th Edition. Institute for Medical Research (IMR), Kuala Lumpur.",1997-01-01,https://myfcd.moh.gov.my/myfcd97/index.php/site/detail_product/106014/0/10/-1/0/0,2026-09-05T23:03:11.288126,per_100g,100.0,g,"1 medium (LxD, 25x5.3 cm)",1.0,295.8,g,118.0,,69.5,1.2,0.4,27.6,0.5,0.8,,,,,,,18.0,405.0,0.0,31.0,0.2,,,,,16.3,0.07,0.1,0.0,83.0,500.0,1,
MyFCD 1997,106015,"BANANA, SMOKED (PISANG SALAI) ;",Pisang Salai,PISANG SALAI,Fruits and fruit products,"Tee ES, Mohd Ismail N, Mohd Nasir A, Khatijah I (1997). Nutrient Composition of Malaysian Foods, 4th Edition. Institute for Medical Research (IMR), Kuala Lumpur.",1997-01-01,https://myfcd.moh.gov.my/myfcd97/index.php/site/detail_product/106015/0/10/-1/0/0,2026-09-05T23:03:11.316190,per_100g,100.0,g,,,,,337.0,,12.5,5.1,0.2,78.8,0.9,2.5,,,,,,,840.0,950.0,23.0,64.0,1.4,,,,,24.9,0.28,0.36,0.9,4.0,11.0,1,
MyFCD 1997,106017,BINJAI (BINJAI) ; MANGIFERA CAESIA,Binjai,BINJAI,Fruits and fruit products,"Tee ES, Mohd Ismail N, Mohd Nasir A, Khatijah I (1997). Nutrient Composition of Malaysian Foods, 4th Edition. Institute for Medical Research (IMR), Kuala Lumpur.",1997-01-01,https://myfcd.moh.gov.my/myfcd97/index.php/site/detail_product/106017/0/10/-1/0/0,2026-09-05T23:03:11.611639,per_100g,100.0,g,"1 whole, medium",1.0,144.8,g,64.0,,81.2,1.0,0.2,14.6,2.4,0.6,,,,,,,1.0,120.0,7.0,17.0,0.3,,,,,74.1,0.05,0.16,1.2,0.0,0.0,1,
MyFCD 1997,106016,BELIMBI (BELIMBING MASAM / BULUH) ; AVERRHOA BILIMBI,Belimbing Masam / Buluh,BELIMBING MASAM / BULUH,Fruits and fruit products,"Tee ES, Mohd Ismail N, Mohd Nasir A, Khatijah I (1997). Nutrient Composition of Malaysian Foods, 4th Edition. Institute for Medical Research (IMR), Kuala Lumpur.",1997-01-01,https://myfcd.moh.gov.my/myfcd97/index.php/site/detail_product/106016/0/10/-1/0/0,2026-09-05T23:03:11.630456,per_100g,100.0,g,"5 whole (LxD, 4x2 cm)",1.0,38.0,g,26.0,,94.2,0.7,1.3,2.8,0.7,0.3,,,,,,,4.0,80.0,12.0,1.0,0.4,,,,,15.7,0.01,0.08,1.2,38.0,229.0,1,
MyFCD 1997,106018,CARAMBOLA / STAR-FRUIT (BELIMBING MANIS/BESI) ; AVERRHOA CARAMBOLA,Belimbing Manis/Besi,BELIMBING MANIS/BESI,Fruits and fruit products,"Tee ES, Mohd Ismail N, Mohd Nasir A, Khatijah I (1997). Nutrient Composition of Malaysian Foods, 4th Edition. Institute for Medical Research (IMR), Kuala Lumpur.",1997-01-01,https://myfcd.moh.gov.my/myfcd97/index.php/site/detail_product/106018/0/10/-1/0/0,2026-09-05T23:03:11.634036,per_100g,100.0,g,"1 whole, small (LxW, 10x5.2 cm)",1.0,101.3,g,24.0,,92.0,0.7,0.1,5.0,1.8,0.4,,,,,,,6.0,99.0,5.0,12.0,0.3,,,,,25.8,0.07,0.07,1.1,50.0,299.0,1,
MyFCD 1997,106021,"DATE, DRIED (BUAH KHURMA, KERING) ; PHOENIX DACTYLIFERA","Buah Khurma, Kering","BUAH KHURMA, KERING",Fruits and fruit products,"Tee ES, Mohd Ismail N, Mohd Nasir A, Khatijah I (1997). Nutrient Composition of Malaysian Foods, 4th Edition. Institute for Medical Research (IMR), Kuala Lumpur.",1997-01-01,https://myfcd.moh.gov.my/myfcd97/index.php/site/detail_product/106021/0/10/-1/0/0,2026-09-05T23:03:11.662204,per_100g,100.0,g,5 whole,1.0,52.4,g,296.0,,23.0,2.5,0.0,71.5,1.6,1.4,,,,,,,3.0,535.0,55.0,62.0,0.8,,,,,0.0,0.06,0.07,1.3,23.0,140.0,1,
MyFCD 1997,106019,CASHEW APPLE (JAMBUS GAJUS) ; ANACARDIUM OCCIDENTALE,Jambus Gajus,JAMBUS GAJUS,Fruits and fruit products,"Tee ES, Mohd Ismail N, Mohd Nasir A, Khatijah I (1997). Nutrient Composition of Malaysian Foods, 4th Edition. Institute for Medical Research (IMR), Kuala Lumpur.",1997-01-01,https://myfcd.moh.gov.my/myfcd97/index.php/site/detail_product/106019/0/10/-1/0/0,2026-09-05T23:03:11.662902,per_100g,100.0,g,,,,,42.0,,88.6,0.6,0.2,9.5,0.8,0.3,,,,,,,9.0,83.0,3.0,15.0,0.3,,,,,140.0,0.02,0.03,2.5,5.0,35.0,1,
MyFCD 1997,106020,CUSTARD APPLE (BUAH NONA) ; ANNONA SQUAMOSA,Buah Nona,BUAH NONA,Fruits and fruit products,"Tee ES, Mohd Ismail N, Mohd Nasir A, Khatijah I (1997). Nutrient Composition of Malaysian Foods, 4th Edition. Institute for Medical Research (IMR), Kuala Lumpur.",1997-01-01,https://myfcd.moh.gov.my/myfcd97/index.php/site/detail_product/106020/0/10/-1/0/0,2026-09-05T23:03:11.668388,per_100g,100.0,g,"1 whole, medium",1.0,81.2,g,78.0,,80.2,2.0,0.3,16.8,0.1,0.6,,,,,,,1.0,276.0,14.0,51.0,0.5,,,,,12.0,0.06,0.17,0.7,0.0,0.0,1,
MyFCD 1997,106022,DUKU (DUKU) ; LANSIUM DOMESTICUM,Duku,DUKU,Fruits and fruit products,"Tee ES, Mohd Ismail N, Mohd Nasir A, Khatijah I (1997). Nutrient Composition of Malaysian Foods, 4th Edition. Institute for Medical Research (IMR), Kuala Lumpur.",1997-01-01,https://myfcd.moh.gov.my/myfcd97/index.php/site/detail_product/106022/0/10/-1/0/0,2026-09-05T23:03:11.722920,per_100g,100.0,g,5 whole,1.0,59.7,g,55.0,,85.8,0.9,0.3,12.1,0.4,0.5,,,,,,,2.0,142.0,12.0,30.0,0.3,,,,,1.7,0.1,0.14,1.4,0.0,0.0,1,
MyFCD 1997,106024,"DURIAN, FERMENTED (TEMPOYAK) ;",Tempoyak,TEMPOYAK,Fruits and fruit products,"Tee ES, Mohd Ismail N, Mohd Nasir A, Khatijah I (1997). Nutrient Composition of Malaysian Foods, 4th Edition. Institute for Medical Research (IMR), Kuala Lumpur.",1997-01-01,https://myfcd.moh.gov.my/myfcd97/index.php/site/detail_product/106024/0/10/-1/0/0,2026-09-05T23:03:11.747907,per_100g,100.0,g,1 tablespoon,1.0,15.4,g,113.0,,71.1,2.7,2.6,19.6,1.5,2.5,,,,,,,577.0,470.0,14.0,35.0,1.0,,,,,0.0,0.21,0.4,1.1,12.0,69.0,1,
MyFCD 1997,106025,DURIAN CAKE (LEMPUK) ;,Lempuk,LEMPUK,Fruits and fruit products,"Tee ES, Mohd Ismail N, Mohd Nasir A, Khatijah I (1997). Nutrient Composition of Malaysian Foods, 4th Edition. Institute for Medical Research (IMR), Kuala Lumpur.",1997-01-01,https://myfcd.moh.gov.my/myfcd97/index.php/site/detail_product/106025/0/10/-1/0/0,2026-09-05T23:03:11.772119,per_100g,100.0,g,"1 cylindrical piece (LxD, 17x2.5 cm)",1.0,70.0,g,308.0,,23.0,3.2,2.8,67.6,2.2,1.2,,,,,,,29.0,472.0,13.0,46.0,1.1,,,,,0.0,0.15,0.28,0.0,0.0,0.0,1,
MyFCD 1997,106023,DURIAN (DURIAN) ; DURIO ZIBETHINUS,Durian,DURIAN,Fruits and fruit products,"Tee ES, Mohd Ismail N, Mohd Nasir A, Khatijah I (1997). Nutrient Composition of Malaysian Foods, 4th Edition. Institute for Medical Research (IMR), Kuala Lumpur.",1997-01-01,https://myfcd.moh.gov.my/myfcd97/index.php/site/detail_product/106023/0/10/-1/0/0,2026-09-05T23:03:11.776853,per_100g,100.0,g,"5 fruits with seed (LxD, 7x3 cm)",1.0,41.7,g,153.0,,64.1,2.7,3.4,27.9,0.9,1.0,,,,,,,40.0,70.0,40.0,44.0,1.9,,,,,23.3,0.1,0.13,0.0,25.0,150.0,1,
MyFCD 1997,106026,"FRUIT COCKTAIL IN SYRUP, CANNED (KOKTEL BUAH DALAM TIN) ;","Fruit Cocktail In Syrup, Canned",KOKTEL BUAH DALAM TIN,Fruits and fruit products,"Tee ES, Mohd Ismail N, Mohd Nasir A, Khatijah I (1997). Nutrient Composition of Malaysian Foods, 4th Edition. Institute for Medical Research (IMR), Kuala Lumpur.",1997-01-01,https://myfcd.moh.gov.my/myfcd97/index.php/site/detail_product/106026/0/10/-1/0/0,2026-09-05T23:03:11.797820,per_100g,100.0,g,1 cup (250 ml),1.0,263.1,g,78.0,,80.0,0.7,0.4,18.0,0.7,0.2,,,,,,,4.0,50.0,6.0,6.0,0.3,,,,,2.6,0.02,0.02,0.0,19.0,115.0,1,
MyFCD 1997,106027,"FRUIT, MIXED, SPICY PICKLED (JERUK BUAH CAMPURAN) ;",Jeruk Buah Campuran,JERUK BUAH CAMPURAN,Fruits and fruit products,"Tee ES, Mohd Ismail N, Mohd Nasir A, Khatijah I (1997). Nutrient Composition of Malaysian Foods, 4th Edition. Institute for Medical Research (IMR), Kuala Lumpur.",1997-01-01,https://myfcd.moh.gov.my/myfcd97/index.php/site/detail_product/106027/0/10/-1/0/0,2026-09-05T23:03:11.798959,per_100g,100.0,g,,,,,335.0,,48.3,1.2,32.1,10.4,2.0,6.0,,,,,,,1480.0,160.0,72.0,35.0,1.1,,,,,1.4,0.03,0.05,0.0,0.0,0.0,1,
MyFCD 1997,106028,GRAPE (BUAH ANGGUR) ; VITIS VINIFERA,Buah Anggur,BUAH ANGGUR,Fruits and fruit products,"Tee ES, Mohd Ismail N, Mohd Nasir A, Khatijah I (1997). Nutrient Composition of Malaysian Foods, 4th Edition. Institute for Medical Research (IMR), Kuala Lumpur.",1997-01-01,https://myfcd.moh.gov.my/myfcd97/index.php/site/detail_product/106028/0/10/-1/0/0,2026-09-05T23:03:11.859621,per_100g,100.0,g,"8 fruits, whole (DxH, 3x2.5 cm)",1.0,88.2,g,68.0,,81.5,0.8,0.0,16.3,1.0,0.4,,,,,,,9.0,118.0,21.0,21.0,0.5,,,,,7.6,0.05,0.06,0.3,5.0,28.0,1,
MyFCD 1997,106032,HOG PLUM / AMBARELLA (KEDONDONG) ; SPONDIAS CYTHEREA,Kedondong,KEDONDONG,Fruits and fruit products,"Tee ES, Mohd Ismail N, Mohd Nasir A, Khatijah I (1997). Nutrient Composition of Malaysian Foods, 4th Edition. Institute for Medical Research (IMR), Kuala Lumpur.",1997-01-01,https://myfcd.moh.gov.my/myfcd97/index.php/site/detail_product/106032/0/10/-1/0/0,2026-09-05T23:03:27.967615,per_100g,100.0,g,3 whole,1.0,100.1,g,32.0,,89.4,0.7,0.1,7.0,2.3,0.5,,,,,,,2.0,191.0,17.0,50.0,3.4,,,,,22.0,0.05,0.18,0.3,24.0,145.0,1,
MyFCD 1997,106033,"HOG PLUM, PICKLED (JERUK KEDONDONG) ;",Jeruk Kedondong,JERUK KEDONDONG,Fruits and fruit products,"Tee ES, Mohd Ismail N, Mohd Nasir A, Khatijah I (1997). Nutrient Composition of Malaysian Foods, 4th Edition. Institute for Medical Research (IMR), Kuala Lumpur.",1997-01-01,https://myfcd.moh.gov.my/myfcd97/index.php/site/detail_product/106033/0/10/-1/0/0,2026-09-05T23:03:27.970363,per_100g,100.0,g,"1 whole, small (LxD, 3x2 cm)",1.0,7.1,g,28.0,,90.6,0.1,0.1,6.7,1.6,12.0,,,,,,,520.0,0.0,23.0,2.0,419.0,,,,,38.9,0.5,0.2,0.6,0.0,146.0,1,
MyFCD 1997,106029,GRAPE FRUIT (LIMAU GEDANG) ; CITRUS PARADISI,Limau Gedang,LIMAU GEDANG,Fruits and fruit products,"Tee ES, Mohd Ismail N, Mohd Nasir A, Khatijah I (1997). Nutrient Composition of Malaysian Foods, 4th Edition. Institute for Medical Research (IMR), Kuala Lumpur.",1997-01-01,https://myfcd.moh.gov.my/myfcd97/index.php/site/detail_product/106029/0/10/-1/0/0,2026-09-05T23:03:27.972832,per_100g,100.0,g,"1 whole, medium (DxH, 10x8 cm)",1.0,238.4,g,39.0,,88.4,0.8,0.1,8.8,1.6,0.3,,,,,,,2.0,93.0,23.0,18.0,0.2,,,,,40.0,0.03,0.03,0.2,3.0,13.0,1,
MyFCD 1997,106031,"GUAVA, WITH ASAM BUOY (JAMBU BATU DENGAN ASAM BUOY) ;",Jambu Batu Dengan Asam Buoy,JAMBU BATU DENGAN ASAM BUOY,Fruits and fruit products,"Tee ES, Mohd Ismail N, Mohd Nasir A, Khatijah I (1997). Nutrient Composition of Malaysian Foods, 4th Edition. Institute for Medical Research (IMR), Kuala Lumpur.",1997-01-01,https://myfcd.moh.gov.my/myfcd97/index.php/site/detail_product/106031/0/10/-1/0/0,2026-09-05T23:03:27.974181,per_100g,100.0,g,"1 slice without skin & seeds (LxWxT, 12x8x1.5 cm)",1.0,110.5,g,37.0,,88.5,0.6,0.1,8.5,1.8,0.5,,,,,,,83.0,211.0,21.0,15.0,1.8,,,,,93.7,0.01,0.08,1.1,8.0,1.0,1,
MyFCD 1997,106030,GUAVA (JAMBU BATU) ; PSIDIUM GUAJAVA,Jambu Batu,JAMBU BATU,Fruits and fruit products,"Tee ES, Mohd Ismail N, Mohd Nasir A, Khatijah I (1997). Nutrient Composition of Malaysian Foods, 4th Edition. Institute for Medical Research (IMR), Kuala Lumpur.",1997-01-01,https://myfcd.moh.gov.my/myfcd97/index.php/site/detail_product/106030/0/10/-1/0/0,2026-09-05T23:03:27.975146,per_100g,100.0,g,"1 slice, small without skin & seeds (LxWxT, 12x4x1.5 cm)",1.0,58.8,g,46.0,,81.2,1.1,0.2,10.0,6.8,0.7,,,,,,,23.0,29.0,33.0,15.0,1.2,,,,,152.0,0.1,0.05,1.1,10.0,60.0,1,
MyFCD 1997,106034,JACKFRUIT (CEMPEDAK) ; ARTOCARPUS INTEGER,Cempedak,CEMPEDAK,Fruits and fruit products,"Tee ES, Mohd Ismail N, Mohd Nasir A, Khatijah I (1997). Nutrient Composition of Malaysian Foods, 4th Edition. Institute for Medical Research (IMR), Kuala Lumpur.",1997-01-01,https://myfcd.moh.gov.my/myfcd97/index.php/site/detail_product/106034/0/10/-1/0/0,2026-09-05T23:03:28.007271,per_100g,100.0,g,"5 fruits with seed (LxWxT, 3.5x3x3 cm)",1.0,74.9,g,117.0,,66.7,2.5,0.4,25.8,3.4,1.2,,,,,,,25.0,246.0,40.0,5.0,1.1,,,,,17.7,0.16,0.15,0.5,13.0,80.0,1,
MyFCD 1997,106037,KIWI FRUIT (BUAH KIWI) ;,Buah Kiwi,BUAH KIWI,Fruits and fruit products,"Tee ES, Mohd Ismail N, Mohd Nasir A, Khatijah I (1997). Nutrient Composition of Malaysian Foods, 4th Edition. Institute for Medical Research (IMR), Kuala Lumpur.",1997-01-01,https://myfcd.moh.gov.my/myfcd97/index.php/site/detail_product/106037/0/10/-1/0/0,2026-09-05T23:03:28.109500,per_100g,100.0,g,"1 whole, small (LxWxT, 6.5x5x4 cm)",1.0,75.3,g,46.0,,87.4,0.9,0.4,9.8,1.0,0.5,,,,,,,4.0,180.0,27.0,22.0,0.4,,,,,86.7,0.01,0.08,0.2,7.0,42.0,1,
MyFCD 1997,106039,"KUNDANG, CANDIED (HALWA BUAH KUNDANG) ;",Halwa Buah Kundang,HALWA BUAH KUNDANG,Fruits and fruit products,"Tee ES, Mohd Ismail N, Mohd Nasir A, Khatijah I (1997). Nutrient Composition of Malaysian Foods, 4th Edition. Institute for Medical Research (IMR), Kuala Lumpur.",1997-01-01,https://myfcd.moh.gov.my/myfcd97/index.php/site/detail_product/106039/0/10/-1/0/0,2026-09-05T23:03:28.109945,per_100g,100.0,g,,,,,323.0,,16.8,0.9,0.3,79.4,1.4,1.2,,,,,,,520.0,50.0,6.0,0.0,1.3,,,,,2.3,0.0,0.07,0.3,11.0,63.0,1,
MyFCD 1997,106038,KUNDANG (KUNDANG) ; BOUEA MACROPHYLLA,Kundang,KUNDANG,Fruits and fruit products,"Tee ES, Mohd Ismail N, Mohd Nasir A, Khatijah I (1997). Nutrient Composition of Malaysian Foods, 4th Edition. Institute for Medical Research (IMR), Kuala Lumpur.",1997-01-01,https://myfcd.moh.gov.my/myfcd97/index.php/site/detail_product/106038/0/10/-1/0/0,2026-09-05T23:03:28.110575,per_100g,100.0,g,"5 whole (LxD, 5x3 cm)",1.0,84.8,g,49.0,,87.5,0.6,1.2,9.0,1.4,0.3,,,,,,,2.0,84.0,5.0,10.0,0.2,,,,,20.0,0.03,0.03,0.1,55.0,331.0,1,
MyFCD 1997,106035,JACKFRUIT (NANGKA) ; ARTOCARPUS HETEROPHULLUS,Nangka,NANGKA,Fruits and fruit products,"Tee ES, Mohd Ismail N, Mohd Nasir A, Khatijah I (1997). Nutrient Composition of Malaysian Foods, 4th Edition. Institute for Medical Research (IMR), Kuala Lumpur.",1997-01-01,https://myfcd.moh.gov.my/myfcd97/index.php/site/detail_product/106035/0/10/-1/0/0,2026-09-05T23:03:28.124538,per_100g,100.0,g,"5 fruits without seeds (LxWxT, 7.1x3.7x1.9 cm )",1.0,189.2,g,37.0,,83.1,1.6,0.2,7.3,5.6,2.2,,,,,,,48.0,292.0,37.0,26.0,1.7,,,,,7.9,0.06,0.06,0.4,18.0,110.0,1,
MyFCD 1997,106036,JERING (JERING) ; PITHECELLOBIUM LOBATUM/P. JIRINGA,Jering,JERING,Fruits and fruit products,"Tee ES, Mohd Ismail N, Mohd Nasir A, Khatijah I (1997). Nutrient Composition of Malaysian Foods, 4th Edition. Institute for Medical Research (IMR), Kuala Lumpur.",1997-01-01,https://myfcd.moh.gov.my/myfcd97/index.php/site/detail_product/106036/0/10/-1/0/0,2026-09-05T23:03:28.125973,per_100g,100.0,g,3 whole,1.0,38.0,g,101.0,,73.3,5.8,0.3,18.7,1.2,0.7,,,,,,,3.0,230.0,29.0,60.0,0.7,,,,,3.5,0.1,0.13,5.8,62.0,373.0,1,
MyFCD 1997,106040,"KUNDANG, PRESERVED (JERUK BUAH KUNDANG) ;",Jeruk Buah Kundang,JERUK BUAH KUNDANG,Fruits and fruit products,"Tee ES, Mohd Ismail N, Mohd Nasir A, Khatijah I (1997). Nutrient Composition of Malaysian Foods, 4th Edition. Institute for Medical Research (IMR), Kuala Lumpur.",1997-01-01,https://myfcd.moh.gov.my/myfcd97/index.php/site/detail_product/106040/0/10/-1/0/0,2026-09-05T23:03:28.144026,per_100g,100.0,g,"1 large, without seed (D, 3.2 cm)",1.0,11.4,g,90.0,,74.1,0.6,0.0,22.0,1.4,1.9,,,,,,,840.0,20.0,12.0,5.0,0.8,,,,,0.0,0.0,0.07,0.2,1.0,5.0,1,
MyFCD 1997,106041,"KUNDUR, CANDIED (HALWA BUAH KUNDUR) ; BENINCASA CERIFERA",Halwa Buah Kundur,HALWA BUAH KUNDUR,Fruits and fruit products,"Tee ES, Mohd Ismail N, Mohd Nasir A, Khatijah I (1997). Nutrient Composition of Malaysian Foods, 4th Edition. Institute for Medical Research (IMR), Kuala Lumpur.",1997-01-01,https://myfcd.moh.gov.my/myfcd97/index.php/site/detail_product/106041/0/10/-1/0/0,2026-09-05T23:03:28.208115,per_100g,100.0,g,"5 pieces, small (LxWxT, 2.5x1x0.8 cm)",1.0,18.0,g,320.0,,18.2,0.5,0.0,79.5,1.0,0.8,,,,,,,100.0,150.0,35.0,5.0,0.0,,,,,2.0,0.0,0.02,0.2,3.0,15.0,1,
MyFCD 1997,106042,LANGSAT (LANGSAT) ; LANSIUM DOMESTICUM,Langsat,LANGSAT,Fruits and fruit products,"Tee ES, Mohd Ismail N, Mohd Nasir A, Khatijah I (1997). Nutrient Composition of Malaysian Foods, 4th Edition. Institute for Medical Research (IMR), Kuala Lumpur.",1997-01-01,https://myfcd.moh.gov.my/myfcd97/index.php/site/detail_product/106042/0/10/-1/0/0,2026-09-05T23:03:28.218977,per_100g,100.0,g,"10 whole (LxD, 3.5x3 cm)",1.0,91.0,g,34.0,,90.0,0.4,0.0,8.2,0.9,0.5,,,,,,,12.0,230.0,10.0,20.0,1.0,,,,,13.4,0.05,0.02,0.5,0.0,0.0,1,
MyFCD 1997,106043,LEMON (LIMAU SUSU/LIMAU MATA KERBAU) ; CITRUS MEDICA,Limau Susu/Limau Mata Kerbau,LIMAU SUSU/LIMAU MATA KERBAU,Fruits and fruit products,"Tee ES, Mohd Ismail N, Mohd Nasir A, Khatijah I (1997). Nutrient Composition of Malaysian Foods, 4th Edition. Institute for Medical Research (IMR), Kuala Lumpur.",1997-01-01,https://myfcd.moh.gov.my/myfcd97/index.php/site/detail_product/106043/0/10/-1/0/0,2026-09-05T23:03:28.250102,per_100g,100.0,g,"1 whole, medium (LxWxT, 8x6.5x4.3 cm)",1.0,50.4,g,20.0,,93.0,0.6,0.3,3.6,2.0,0.5,,,,,,,17.0,175.0,33.0,4.0,0.3,,,,,19.4,0.05,0.04,0.2,0.0,0.0,1,
MyFCD 1997,106044,"LIME, COMMON (LIMAU NIPIS/LIMAU ASAM) ; CITRUS AURANTIFOLIA",Limau Nipis/Limau Asam,LIMAU NIPIS/LIMAU ASAM,Fruits and fruit products,"Tee ES, Mohd Ismail N, Mohd Nasir A, Khatijah I (1997). Nutrient Composition of Malaysian Foods, 4th Edition. Institute for Medical Research (IMR), Kuala Lumpur.",1997-01-01,https://myfcd.moh.gov.my/myfcd97/index.php/site/detail_product/106044/0/10/-1/0/0,2026-09-05T23:03:28.253177,per_100g,100.0,g,"1 whole, small (DxH, 3.9x3.9 cm)",1.0,22.3,g,64.0,,84.0,1.4,1.1,12.0,0.9,0.5,,,,,,,5.0,157.0,66.0,21.0,0.4,,,,,36.9,0.03,0.02,0.0,11.0,63.0,1,
MyFCD 1997,106045,"LIME, COMMON (LIMAU KAPAS) ;",Limau Kapas,LIMAU KAPAS,Fruits and fruit products,"Tee ES, Mohd Ismail N, Mohd Nasir A, Khatijah I (1997). Nutrient Composition of Malaysian Foods, 4th Edition. Institute for Medical Research (IMR), Kuala Lumpur.",1997-01-01,https://myfcd.moh.gov.my/myfcd97/index.php/site/detail_product/106045/0/10/-1/0/0,2026-09-05T23:03:28.285918,per_100g,100.0,g,"2 whole, medium (DxH, 4.5x4 cm)",1.0,55.8,g,31.0,,91.3,0.6,0.1,7.0,0.6,0.4,,,,,,,4.0,90.0,34.0,17.0,0.4,,,,,41.1,0.05,0.03,0.1,3.0,16.0,1,
MyFCD 1997,106046,"LIME, MUSK (LIMAU KESTURI) ; CITRUS MICROCARPA",Limau Kesturi,LIMAU KESTURI,Fruits and fruit products,"Tee ES, Mohd Ismail N, Mohd Nasir A, Khatijah I (1997). Nutrient Composition of Malaysian Foods, 4th Edition. Institute for Medical Research (IMR), Kuala Lumpur.",1997-01-01,https://myfcd.moh.gov.my/myfcd97/index.php/site/detail_product/106046/0/10/-1/0/0,2026-09-05T23:03:28.296602,per_100g,100.0,g,5 whole,1.0,60.5,g,25.0,,93.6,0.4,0.3,5.1,0.1,0.5,,,,,,,4.0,79.0,13.0,12.0,0.2,,,,,41.6,0.03,0.04,0.2,78.0,470.0,1,
MyFCD 1997,106048,LYCHEE (LAI-CI) ; LITCHI CHINENSIS,Lai-Ci,LAI-CI,Fruits and fruit products,"Tee ES, Mohd Ismail N, Mohd Nasir A, Khatijah I (1997). Nutrient Composition of Malaysian Foods, 4th Edition. Institute for Medical Research (IMR), Kuala Lumpur.",1997-01-01,https://myfcd.moh.gov.my/myfcd97/index.php/site/detail_product/106048/0/10/-1/0/0,2026-09-05T23:03:28.345510,per_100g,100.0,g,"5 whole (D, 3.5 cm)",1.0,76.8,g,77.0,,81.1,0.7,0.6,17.1,0.1,0.4,,,,,,,5.0,133.0,5.0,22.0,0.2,,,,,15.4,0.02,0.14,0.3,0.0,0.0,1,
MyFCD 1997,106047,"LIME, WILD (LIMAU PURUT) ; CITRUS HYSTRIX",Limau Purut,LIMAU PURUT,Fruits and fruit products,"Tee ES, Mohd Ismail N, Mohd Nasir A, Khatijah I (1997). Nutrient Composition of Malaysian Foods, 4th Edition. Institute for Medical Research (IMR), Kuala Lumpur.",1997-01-01,https://myfcd.moh.gov.my/myfcd97/index.php/site/detail_product/106047/0/10/-1/0/0,2026-09-05T23:03:28.347108,per_100g,100.0,g,"2 whole (D, 5 cm)",1.0,55.6,g,43.0,,88.6,0.8,0.6,8.5,0.8,0.7,,,,,,,6.0,172.0,57.0,2.0,0.1,,,,,37.0,0.02,0.07,0.0,3.0,16.0,1,
MyFCD 1997,106049,MANGO (MANGGA) ; MANGIFERA INDICA,Mangga,MANGGA,Fruits and fruit products,"Tee ES, Mohd Ismail N, Mohd Nasir A, Khatijah I (1997). Nutrient Composition of Malaysian Foods, 4th Edition. Institute for Medical Research (IMR), Kuala Lumpur.",1997-01-01,https://myfcd.moh.gov.my/myfcd97/index.php/site/detail_product/106049/0/10/-1/0/0,2026-09-05T23:03:28.410511,per_100g,100.0,g,"1 whole, large (LxWxT, 14x6x4.5 cm)",1.0,148.7,g,69.0,,82.5,2.1,0.5,14.1,0.4,0.4,,,,,,,7.0,109.0,19.0,15.0,0.2,,,,,20.5,0.05,0.06,0.2,0.0,0.0,1,
MyFCD 1997,106052,MANGO (BACANG SIKU) ; MANGIFERA FOETIDA,Bacang Siku,BACANG SIKU,Fruits and fruit products,"Tee ES, Mohd Ismail N, Mohd Nasir A, Khatijah I (1997). Nutrient Composition of Malaysian Foods, 4th Edition. Institute for Medical Research (IMR), Kuala Lumpur.",1997-01-01,https://myfcd.moh.gov.my/myfcd97/index.php/site/detail_product/106052/0/10/-1/0/0,2026-09-05T23:03:28.421751,per_100g,100.0,g,"1 whole, medium",1.0,328.5,g,81.0,,77.0,1.1,0.1,19.0,2.0,0.8,,,,,,,8.0,324.0,36.0,23.0,0.3,,,,,65.7,0.06,0.07,0.6,50.0,301.0,1,
MyFCD 1997,106050,MANGO (KWINI) ; MANGIFERA ODORATA,Kwini,KWINI,Fruits and fruit products,"Tee ES, Mohd Ismail N, Mohd Nasir A, Khatijah I (1997). Nutrient Composition of Malaysian Foods, 4th Edition. Institute for Medical Research (IMR), Kuala Lumpur.",1997-01-01,https://myfcd.moh.gov.my/myfcd97/index.php/site/detail_product/106050/0/10/-1/0/0,2026-09-05T23:03:28.422797,per_100g,100.0,g,"1 whole, medium",1.0,161.2,g,83.0,,79.5,1.0,1.8,15.6,1.4,0.7,,,,,,,2.0,187.0,9.0,13.0,0.4,,,,,23.0,0.05,0.07,0.5,315.0,1888.0,1,
MyFCD 1997,106051,MANGO (BACANG GELOK) ; MANGIFERA FOETIDA,Bacang Gelok,BACANG GELOK,Fruits and fruit products,"Tee ES, Mohd Ismail N, Mohd Nasir A, Khatijah I (1997). Nutrient Composition of Malaysian Foods, 4th Edition. Institute for Medical Research (IMR), Kuala Lumpur.",1997-01-01,https://myfcd.moh.gov.my/myfcd97/index.php/site/detail_product/106051/0/10/-1/0/0,2026-09-05T23:03:28.442651,per_100g,100.0,g,"1 whole, medium",1.0,247.0,g,76.0,,78.5,0.8,0.2,17.9,1.8,0.8,,,,,,,2.0,361.0,16.0,19.0,0.2,,,,,47.4,0.09,0.04,0.6,43.0,255.0,1,
MyFCD 1997,106054,"MANGO, CANDIED (HALWA MEMPELAM) ;",Halwa Mempelam,HALWA MEMPELAM,Fruits and fruit products,"Tee ES, Mohd Ismail N, Mohd Nasir A, Khatijah I (1997). Nutrient Composition of Malaysian Foods, 4th Edition. Institute for Medical Research (IMR), Kuala Lumpur.",1997-01-01,https://myfcd.moh.gov.my/myfcd97/index.php/site/detail_product/106054/0/10/-1/0/0,2026-09-05T23:03:28.465121,per_100g,100.0,g,"1 piece, large (LxWxT, 6x1.5x0.9 cm)",1.0,11.1,g,321.0,,18.6,0.4,0.0,79.9,1.1,0.0,,,,,,,30.0,40.0,22.0,0.0,0.7,,,,,0.6,0.0,0.0,0.3,4.0,21.0,1,
MyFCD 1997,106053,"MANGO, CANDIED (HALWA BACANG) ;",Halwa Bacang,HALWA BACANG,Fruits and fruit products,"Tee ES, Mohd Ismail N, Mohd Nasir A, Khatijah I (1997). Nutrient Composition of Malaysian Foods, 4th Edition. Institute for Medical Research (IMR), Kuala Lumpur.",1997-01-01,https://myfcd.moh.gov.my/myfcd97/index.php/site/detail_product/106053/0/10/-1/0/0,2026-09-05T23:03:28.466440,per_100g,100.0,g,"1 piece, large (LxWxT, 6x1.5x0.9 cm)",1.0,11.1,g,320.0,,19.4,0.5,0.4,78.7,0.4,0.6,,,,,,,200.0,20.0,38.0,0.0,1.6,,,,,6.9,0.01,0.07,0.2,3.0,19.0,1,
MyFCD 1997,106055,"MANGO, PICKLED (JERUK BACANG) ;",Jeruk Bacang,JERUK BACANG,Fruits and fruit products,"Tee ES, Mohd Ismail N, Mohd Nasir A, Khatijah I (1997). Nutrient Composition of Malaysian Foods, 4th Edition. Institute for Medical Research (IMR), Kuala Lumpur.",1997-01-01,https://myfcd.moh.gov.my/myfcd97/index.php/site/detail_product/106055/0/10/-1/0/0,2026-09-05T23:03:28.523877,per_100g,100.0,g,"5 pieces with skin (LxW, 7.5x2 cm)",1.0,40.1,g,87.0,,75.7,0.9,0.0,20.9,1.5,1.0,,,,,,,230.0,50.0,8.0,0.0,0.7,,,,,0.0,0.0,0.02,0.7,4.0,25.0,1,
MyFCD 1997,106056,"MANGO, PICKLED (JERUK MANIS MEMPELAM) ;",Jeruk Manis Mempelam,JERUK MANIS MEMPELAM,Fruits and fruit products,"Tee ES, Mohd Ismail N, Mohd Nasir A, Khatijah I (1997). Nutrient Composition of Malaysian Foods, 4th Edition. Institute for Medical Research (IMR), Kuala Lumpur.",1997-01-01,https://myfcd.moh.gov.my/myfcd97/index.php/site/detail_product/106056/0/10/-1/0/0,2026-09-05T23:03:28.540519,per_100g,100.0,g,"5 pieces with skin (LxWxT, 7.3x1.9x1.8)",1.0,89.1,g,100.0,,72.6,0.3,0.1,24.5,0.8,1.7,,,,,,,375.0,15.0,3.0,60.0,1.0,,,,,3.1,0.01,0.19,0.3,2.0,14.0,1,
MyFCD 1997,106057,"MANGO, PICKLED (JERUK MANIS MEMPELAM PADI) ;",Jeruk Manis Mempelam Padi,JERUK MANIS MEMPELAM PADI,Fruits and fruit products,"Tee ES, Mohd Ismail N, Mohd Nasir A, Khatijah I (1997). Nutrient Composition of Malaysian Foods, 4th Edition. Institute for Medical Research (IMR), Kuala Lumpur.",1997-01-01,https://myfcd.moh.gov.my/myfcd97/index.php/site/detail_product/106057/0/10/-1/0/0,2026-09-05T23:03:28.566150,per_100g,100.0,g,"5 pieces (LxWxT, 7x1.9x1.2)",1.0,63.5,g,76.0,,77.6,0.4,0.2,18.1,2.5,1.2,,,,,,,933.0,29.0,4.0,59.0,1.9,,,,,0.6,0.02,0.85,0.2,1.0,8.0,1,
MyFCD 1997,106059,MATA KUCING (MATA KUCING) ; NEPHELIUM MALAIENSE,Mata Kucing,MATA KUCING,Fruits and fruit products,"Tee ES, Mohd Ismail N, Mohd Nasir A, Khatijah I (1997). Nutrient Composition of Malaysian Foods, 4th Edition. Institute for Medical Research (IMR), Kuala Lumpur.",1997-01-01,https://myfcd.moh.gov.my/myfcd97/index.php/site/detail_product/106059/0/10/-1/0/0,2026-09-05T23:03:28.576315,per_100g,100.0,g,"10 whole, medium (DxH, 3.5x3.0 cm)",1.0,51.9,g,70.0,,82.0,0.8,0.3,16.0,0.3,0.6,,,,,,,10.0,234.0,14.0,5.0,0.4,,,,,72.1,0.05,0.11,0.0,0.0,0.0,1,
MyFCD 1997,106058,MANGOSTEEN (MANGGIS) ; GARDINIA MANGOSTANA,Manggis,MANGGIS,Fruits and fruit products,"Tee ES, Mohd Ismail N, Mohd Nasir A, Khatijah I (1997). Nutrient Composition of Malaysian Foods, 4th Edition. Institute for Medical Research (IMR), Kuala Lumpur.",1997-01-01,https://myfcd.moh.gov.my/myfcd97/index.php/site/detail_product/106058/0/10/-1/0/0,2026-09-05T23:03:28.587787,per_100g,100.0,g,"5 whole, small (DxH, 5x4.5 cm)",1.0,83.1,g,34.0,,87.6,0.6,1.0,5.6,5.1,0.1,,,,,,,7.0,45.0,7.0,13.0,1.0,,,,,4.2,0.03,0.03,0.3,0.0,0.0,1,
MyFCD 1997,106060,"NUTMEG, FRESH (BUAH PALA) ; MYRISTICA FRAGRANS",Buah Pala,BUAH PALA,Fruits and fruit products,"Tee ES, Mohd Ismail N, Mohd Nasir A, Khatijah I (1997). Nutrient Composition of Malaysian Foods, 4th Edition. Institute for Medical Research (IMR), Kuala Lumpur.",1997-01-01,https://myfcd.moh.gov.my/myfcd97/index.php/site/detail_product/106060/0/10/-1/0/0,2026-09-05T23:03:28.588319,per_100g,100.0,g,"1 whole, medium",1.0,111.5,g,510.0,,14.0,7.4,36.4,38.3,3.5,0.4,,,,,,,2.0,79.0,24.0,12.0,0.4,,,,,0.0,0.01,0.02,0.5,1.0,7.0,1,
MyFCD 1997,106061,"NUTMEG, PICKLED (JERUK BUAH PALA) ;",Jeruk Buah Pala,JERUK BUAH PALA,Fruits and fruit products,"Tee ES, Mohd Ismail N, Mohd Nasir A, Khatijah I (1997). Nutrient Composition of Malaysian Foods, 4th Edition. Institute for Medical Research (IMR), Kuala Lumpur.",1997-01-01,https://myfcd.moh.gov.my/myfcd97/index.php/site/detail_product/106061/0/10/-1/0/0,2026-09-05T23:03:28.615207,per_100g,100.0,g,"5 pieces (LxW, 5x1.9 cm)",1.0,23.3,g,238.0,,38.1,0.2,0.2,58.9,1.6,1.0,,,,,,,310.0,12.0,1.0,23.0,0.3,,,,,5.2,0.0,0.03,0.1,2.0,12.0,1,
MyFCD 1997,106062,OLIVE (BUAH ZAITUN) ; OLEA EUROPAEA,Buah Zaitun,BUAH ZAITUN,Fruits and fruit products,"Tee ES, Mohd Ismail N, Mohd Nasir A, Khatijah I (1997). Nutrient Composition of Malaysian Foods, 4th Edition. Institute for Medical Research (IMR), Kuala Lumpur.",1997-01-01,https://myfcd.moh.gov.my/myfcd97/index.php/site/detail_product/106062/0/10/-1/0/0,2026-09-05T23:03:28.651741,per_100g,100.0,g,5 whole,1.0,32.3,g,88.0,,76.8,1.1,5.5,8.5,6.9,1.2,,,,,,,13.0,291.0,137.0,31.0,1.1,,,,,2.9,0.03,0.0,5.0,88.0,527.0,1,
MyFCD 1997,106063,ORANGE (LIMAU MANIS) ; CITRUS NOBILIS,Limau Manis,LIMAU MANIS,Fruits and fruit products,"Tee ES, Mohd Ismail N, Mohd Nasir A, Khatijah I (1997). Nutrient Composition of Malaysian Foods, 4th Edition. Institute for Medical Research (IMR), Kuala Lumpur.",1997-01-01,https://myfcd.moh.gov.my/myfcd97/index.php/site/detail_product/106063/0/10/-1/0/0,2026-09-05T23:03:28.688834,per_100g,100.0,g,"1 whole, medium (DxH, 7x6 cm)",1.0,77.4,g,49.0,,87.1,0.7,0.5,10.4,0.8,0.5,,,,,,,5.0,102.0,40.0,19.0,2.1,,,,,39.6,0.07,0.04,0.2,21.0,125.0,1,
MyFCD 1997,106064,"ORANGE, NECK (LIMAU CEMBOL) ;",Limau Cembol,LIMAU CEMBOL,Fruits and fruit products,"Tee ES, Mohd Ismail N, Mohd Nasir A, Khatijah I (1997). Nutrient Composition of Malaysian Foods, 4th Edition. Institute for Medical Research (IMR), Kuala Lumpur.",1997-01-01,https://myfcd.moh.gov.my/myfcd97/index.php/site/detail_product/106064/0/10/-1/0/0,2026-09-05T23:03:28.691081,per_100g,100.0,g,,,,,33.0,,91.3,0.5,0.2,7.2,0.5,0.3,,,,,,,5.0,99.0,14.0,12.0,0.2,,,,,52.5,0.07,0.01,0.0,4.0,22.0,1,
MyFCD 1997,106065,"ORANGE, MANDARIN / TANGERINE (LIMAU CINA) ; CITRUS RETICULATA",Limau Cina,LIMAU CINA,Fruits and fruit products,"Tee ES, Mohd Ismail N, Mohd Nasir A, Khatijah I (1997). Nutrient Composition of Malaysian Foods, 4th Edition. Institute for Medical Research (IMR), Kuala Lumpur.",1997-01-01,https://myfcd.moh.gov.my/myfcd97/index.php/site/detail_product/106065/0/10/-1/0/0,2026-09-05T23:03:28.706648,per_100g,100.0,g,"1 whole, medium (DxH, 6.1x5 cm)",1.0,85.0,g,44.0,,88.6,1.1,0.3,9.1,0.6,0.3,,,,,,,3.0,81.0,18.0,17.0,0.2,,,,,28.0,0.08,0.07,0.2,33.0,200.0,1,
MyFCD 1997,106066,PAPAYA (BETIK) ; CARICA PAPAYA,Betik,BETIK,Fruits and fruit products,"Tee ES, Mohd Ismail N, Mohd Nasir A, Khatijah I (1997). Nutrient Composition of Malaysian Foods, 4th Edition. Institute for Medical Research (IMR), Kuala Lumpur.",1997-01-01,https://myfcd.moh.gov.my/myfcd97/index.php/site/detail_product/106066/0/10/-1/0/0,2026-09-05T23:03:28.707948,per_100g,100.0,g,"1 slice without skin & seeds (LxWxT, 28x3x2.8 cm)",1.0,158.9,g,35.0,,90.7,1.5,0.1,7.1,0.5,0.1,,,,,,,3.0,39.0,11.0,7.0,0.7,,,,,71.0,0.03,0.07,0.1,193.0,1160.0,1,
MyFCD 1997,106067,"PAPAYA, CANDIED (HALWA BETIK) ;",Halwa Betik,HALWA BETIK,Fruits and fruit products,"Tee ES, Mohd Ismail N, Mohd Nasir A, Khatijah I (1997). Nutrient Composition of Malaysian Foods, 4th Edition. Institute for Medical Research (IMR), Kuala Lumpur.",1997-01-01,https://myfcd.moh.gov.my/myfcd97/index.php/site/detail_product/106067/0/10/-1/0/0,2026-09-05T23:03:28.753943,per_100g,100.0,g,"5 pieces (LxWxT, 8.5x2.7x0.5 cm)",1.0,49.7,g,352.0,,11.8,1.0,0.6,85.6,0.7,0.3,,,,,,,50.0,100.0,27.0,0.0,1.6,,,,,2.2,0.0,0.21,0.1,5.0,32.0,1,
MyFCD 1997,106068,"PAPAYA, EXOTICA (BETIK EKSOTIKA) ;",Betik Eksotika,BETIK EKSOTIKA,Fruits and fruit products,"Tee ES, Mohd Ismail N, Mohd Nasir A, Khatijah I (1997). Nutrient Composition of Malaysian Foods, 4th Edition. Institute for Medical Research (IMR), Kuala Lumpur.",1997-01-01,https://myfcd.moh.gov.my/myfcd97/index.php/site/detail_product/106068/0/10/-1/0/0,2026-09-05T23:03:28.779136,per_100g,100.0,g,"1 whole, medium (LxW, 14x9.5 cm)",1.0,428.0,g,59.0,,84.4,1.0,0.1,13.5,0.5,0.5,,,,,,,2.0,337.0,31.0,17.0,0.6,,,,,69.3,0.08,0.15,0.1,405.0,2431.0,1,
MyFCD 1997,106069,PEACH (BUAH PIC) ; PRUNUS PERSICA,Buah Pic,BUAH PIC,Fruits and fruit products,"Tee ES, Mohd Ismail N, Mohd Nasir A, Khatijah I (1997). Nutrient Composition of Malaysian Foods, 4th Edition. Institute for Medical Research (IMR), Kuala Lumpur.",1997-01-01,https://myfcd.moh.gov.my/myfcd97/index.php/site/detail_product/106069/0/10/-1/0/0,2026-09-05T23:03:28.814560,per_100g,100.0,g,"1 whole, medium",1.0,166.9,g,34.0,,89.2,1.5,0.3,6.4,2.2,0.4,,,,,,,2.0,124.0,5.0,25.0,1.0,,,,,3.3,0.04,0.01,0.7,131.0,787.0,1,
MyFCD 1997,106071,"PEAR, YELLOW, CHINESE (BUAH LAI) ; PYRUS SINENSIS",Buah Lai,BUAH LAI,Fruits and fruit products,"Tee ES, Mohd Ismail N, Mohd Nasir A, Khatijah I (1997). Nutrient Composition of Malaysian Foods, 4th Edition. Institute for Medical Research (IMR), Kuala Lumpur.",1997-01-01,https://myfcd.moh.gov.my/myfcd97/index.php/site/detail_product/106071/0/10/-1/0/0,2026-09-05T23:03:28.821420,per_100g,100.0,g,"1 whole, medium (DxH, 6.5x6.5 cm)",1.0,157.2,g,34.0,,89.8,0.5,0.2,7.6,1.6,0.3,,,,,,,4.0,88.0,12.0,6.0,0.1,,,,,6.1,0.04,0.07,0.4,3.0,15.0,1,
MyFCD 1997,106070,"PEAR, GREEN (BUAH PIR HIJAU) ; PYRUS COMMUNIS",Buah Pir Hijau,BUAH PIR HIJAU,Fruits and fruit products,"Tee ES, Mohd Ismail N, Mohd Nasir A, Khatijah I (1997). Nutrient Composition of Malaysian Foods, 4th Edition. Institute for Medical Research (IMR), Kuala Lumpur.",1997-01-01,https://myfcd.moh.gov.my/myfcd97/index.php/site/detail_product/106070/0/10/-1/0/0,2026-09-05T23:03:28.831620,per_100g,100.0,g,"1 whole, medium",1.0,200.8,g,66.0,,81.5,0.4,0.0,16.1,1.8,0.2,,,,,,,2.0,78.0,8.0,12.0,0.5,,,,,7.6,0.08,0.04,0.1,2.0,11.0,1,
MyFCD 1997,106072,PERSIMMON (PISANG KAKI) ; DIOSPYROS KAKI,Pisang Kaki,PISANG KAKI,Fruits and fruit products,"Tee ES, Mohd Ismail N, Mohd Nasir A, Khatijah I (1997). Nutrient Composition of Malaysian Foods, 4th Edition. Institute for Medical Research (IMR), Kuala Lumpur.",1997-01-01,https://myfcd.moh.gov.my/myfcd97/index.php/site/detail_product/106072/0/10/-1/0/0,2026-09-05T23:03:28.847508,per_100g,100.0,g,"1 whole, small (DxT, 6.5x4.5 cm)",1.0,110.5,g,80.0,,79.2,0.5,0.1,19.2,0.6,0.4,,,,,,,1.0,112.0,15.0,13.0,0.4,,,,,17.0,0.08,0.02,0.3,54.0,322.0,1,
MyFCD 1997,106073,"PERSIMMON, DRIED (PISANG KAKI, KERING) ;","Pisang Kaki, Kering","PISANG KAKI, KERING",Fruits and fruit products,"Tee ES, Mohd Ismail N, Mohd Nasir A, Khatijah I (1997). Nutrient Composition of Malaysian Foods, 4th Edition. Institute for Medical Research (IMR), Kuala Lumpur.",1997-01-01,https://myfcd.moh.gov.my/myfcd97/index.php/site/detail_product/106073/0/10/-1/0/0,2026-09-05T23:03:28.883068,per_100g,100.0,g,1 whole,1.0,113.5,g,249.0,,35.0,1.9,0.5,59.2,2.2,1.2,,,,,,,7.0,462.0,37.0,62.0,1.1,,,,,106.0,0.08,0.1,3.4,0.0,0.0,1,
MyFCD 1997,106074,PINEAPPLE (NENAS) ; ANANAS COMOSA,Nenas,NENAS,Fruits and fruit products,"Tee ES, Mohd Ismail N, Mohd Nasir A, Khatijah I (1997). Nutrient Composition of Malaysian Foods, 4th Edition. Institute for Medical Research (IMR), Kuala Lumpur.",1997-01-01,https://myfcd.moh.gov.my/myfcd97/index.php/site/detail_product/106074/0/10/-1/0/0,2026-09-05T23:03:28.898480,per_100g,100.0,g,"1 slice without skin & seeds (LxWxT, 19.5x3.5x4.5 cm)",1.0,130.0,g,45.0,,87.8,0.5,0.1,10.6,0.6,0.4,,,,,,,31.0,97.0,24.0,6.0,1.4,,,,,15.2,0.07,0.08,0.1,45.0,270.0,1,
MyFCD 1997,106075,"PINEAPPLE CANNED IN SYRUP (NENAS, DENGAN SIRUP, DALAM TIN) ;",Pineapple Canned In Syrup,"NENAS, DENGAN SIRUP, DALAM TIN",Fruits and fruit products,"Tee ES, Mohd Ismail N, Mohd Nasir A, Khatijah I (1997). Nutrient Composition of Malaysian Foods, 4th Edition. Institute for Medical Research (IMR), Kuala Lumpur.",1997-01-01,https://myfcd.moh.gov.my/myfcd97/index.php/site/detail_product/106075/0/10/-1/0/0,2026-09-05T23:03:28.933928,per_100g,100.0,g,1 cup (pineapple & syrup) (250 ml),1.0,251.7,g,73.0,,81.6,0.3,0.2,17.6,0.2,0.1,,,,,,,2.0,18.0,6.0,2.0,0.5,,,,,10.1,0.07,0.01,0.1,3.0,20.0,1,
MyFCD 1997,106076,"PINEAPPLE SYRUP, CANNED (JUS NENAS DALAM TIN) ;","Pineapple Syrup, Canned",JUS NENAS DALAM TIN,Fruits and fruit products,"Tee ES, Mohd Ismail N, Mohd Nasir A, Khatijah I (1997). Nutrient Composition of Malaysian Foods, 4th Edition. Institute for Medical Research (IMR), Kuala Lumpur.",1997-01-01,https://myfcd.moh.gov.my/myfcd97/index.php/site/detail_product/106076/0/10/-1/0/0,2026-09-05T23:03:28.935021,per_100g,100.0,g,1 cup (250 ml),1.0,247.8,g,31.0,,92.1,0.4,0.1,7.2,0.0,0.2,,,,,,,1.0,71.0,9.0,2.0,0.6,,,,,8.3,0.02,0.0,0.0,2.0,16.0,1,
MyFCD 1997,106077,"PINEAPPLE, CANDIED (HALWA NENAS) ;",Halwa Nenas,HALWA NENAS,Fruits and fruit products,"Tee ES, Mohd Ismail N, Mohd Nasir A, Khatijah I (1997). Nutrient Composition of Malaysian Foods, 4th Edition. Institute for Medical Research (IMR), Kuala Lumpur.",1997-01-01,https://myfcd.moh.gov.my/myfcd97/index.php/site/detail_product/106077/0/10/-1/0/0,2026-09-05T23:03:28.961808,per_100g,100.0,g,,,,,307.0,,15.4,0.9,0.2,75.4,1.0,7.1,,,,,,,40.0,80.0,9.0,0.0,1.2,,,,,1.0,0.0,0.04,0.1,3.0,16.0,1,
MyFCD 1997,106078,PLUMS (BUAH PLUM) ; PRUNUS SPP.,Buah Plum,BUAH PLUM,Fruits and fruit products,"Tee ES, Mohd Ismail N, Mohd Nasir A, Khatijah I (1997). Nutrient Composition of Malaysian Foods, 4th Edition. Institute for Medical Research (IMR), Kuala Lumpur.",1997-01-01,https://myfcd.moh.gov.my/myfcd97/index.php/site/detail_product/106078/0/10/-1/0/0,2026-09-05T23:03:28.962416,per_100g,100.0,g,1 whole,1.0,69.6,g,36.0,,90.0,0.7,0.0,8.2,0.8,0.3,,,,,,,8.0,54.0,17.0,11.0,0.6,,,,,9.1,0.03,0.1,2.5,32.0,191.0,1,
MyFCD 1997,106079,PRUNE (PRUN) ;,Prun,PRUN,Fruits and fruit products,"Tee ES, Mohd Ismail N, Mohd Nasir A, Khatijah I (1997). Nutrient Composition of Malaysian Foods, 4th Edition. Institute for Medical Research (IMR), Kuala Lumpur.",1997-01-01,https://myfcd.moh.gov.my/myfcd97/index.php/site/detail_product/106079/0/10/-1/0/0,2026-09-05T23:03:28.997677,per_100g,100.0,g,"5 whole (LxD, 3x2 cm)",1.0,26.6,g,294.0,,24.0,2.3,0.6,69.8,1.3,2.0,,,,,,,9.0,668.0,55.0,59.0,2.0,,,,,0.0,0.2,0.25,2.6,0.0,0.0,1,
MyFCD 1997,106080,POMELO (LIMAU BETAWI/LIMAU BALI) ; CITRUS GRANDIS / C. MAXIMA,Limau Betawi/Limau Bali,LIMAU BETAWI/LIMAU BALI,Fruits and fruit products,"Tee ES, Mohd Ismail N, Mohd Nasir A, Khatijah I (1997). Nutrient Composition of Malaysian Foods, 4th Edition. Institute for Medical Research (IMR), Kuala Lumpur.",1997-01-01,https://myfcd.moh.gov.my/myfcd97/index.php/site/detail_product/106080/0/10/-1/0/0,2026-09-05T23:03:29.000025,per_100g,100.0,g,"1 piece (LxWxT, 7x4x2.5 cm)",1.0,20.8,g,44.0,,87.7,0.7,0.0,10.4,0.6,0.6,,,,,,,18.0,310.0,14.0,31.0,0.5,,,,,44.8,0.03,0.03,0.2,33.0,200.0,1,
MyFCD 1997,106081,PULASAN (PULASAN) ; NEPHELIUM MUTABILE,Pulasan,PULASAN,Fruits and fruit products,"Tee ES, Mohd Ismail N, Mohd Nasir A, Khatijah I (1997). Nutrient Composition of Malaysian Foods, 4th Edition. Institute for Medical Research (IMR), Kuala Lumpur.",1997-01-01,https://myfcd.moh.gov.my/myfcd97/index.php/site/detail_product/106081/0/10/-1/0/0,2026-09-05T23:03:29.045466,per_100g,100.0,g,"5 whole (LxD, 4.3x3.3 cm)",1.0,48.0,g,71.0,,81.2,0.9,0.1,16.6,0.5,0.7,,,,,,,6.0,94.0,54.0,9.0,0.1,,,,,10.8,0.02,0.05,0.2,0.0,0.0,1,
MyFCD 1997,106082,RAISIN (KISMIS) ; VITIS VINIFERA,Kismis,KISMIS,Fruits and fruit products,"Tee ES, Mohd Ismail N, Mohd Nasir A, Khatijah I (1997). Nutrient Composition of Malaysian Foods, 4th Edition. Institute for Medical Research (IMR), Kuala Lumpur.",1997-01-01,https://myfcd.moh.gov.my/myfcd97/index.php/site/detail_product/106082/0/10/-1/0/0,2026-09-05T23:03:29.046007,per_100g,100.0,g,1/4 cup,1.0,39.4,g,297.0,,24.0,2.3,0.4,71.0,0.7,1.6,,,,,,,15.0,632.0,80.0,80.0,3.5,,,,,0.0,0.1,0.04,0.0,0.0,0.0,1,
MyFCD 1997,106084,RAMBUTAN (RAMBUTAN) ; NEPHELIUM LAPPACEUM,Rambutan,RAMBUTAN,Fruits and fruit products,"Tee ES, Mohd Ismail N, Mohd Nasir A, Khatijah I (1997). Nutrient Composition of Malaysian Foods, 4th Edition. Institute for Medical Research (IMR), Kuala Lumpur.",1997-01-01,https://myfcd.moh.gov.my/myfcd97/index.php/site/detail_product/106084/0/10/-1/0/0,2026-09-05T23:03:29.099055,per_100g,100.0,g,"5 whole (LxD, 4.5x3 cm)",1.0,84.5,g,59.0,,84.7,0.7,0.1,13.9,0.3,0.3,,,,,,,5.0,49.0,22.0,6.0,2.5,,,,,38.6,0.01,0.04,0.1,0.0,0.0,1,
MyFCD 1997,106083,RAMBAI (RAMBAI) ; BACCAUREA MOTLEYANA,Rambai,RAMBAI,Fruits and fruit products,"Tee ES, Mohd Ismail N, Mohd Nasir A, Khatijah I (1997). Nutrient Composition of Malaysian Foods, 4th Edition. Institute for Medical Research (IMR), Kuala Lumpur.",1997-01-01,https://myfcd.moh.gov.my/myfcd97/index.php/site/detail_product/106083/0/10/-1/0/0,2026-09-05T23:03:29.099949,per_100g,100.0,g,5 whole,1.0,31.8,g,64.0,,83.7,0.4,0.4,14.6,0.4,0.5,,,,,,,2.0,111.0,5.0,13.0,0.2,,,,,6.2,0.02,0.05,0.2,0.0,0.0,1,
MyFCD 1997,106086,SALAK (SALAK) ; ZALACCA EDULIS,Salak,SALAK,Fruits and fruit products,"Tee ES, Mohd Ismail N, Mohd Nasir A, Khatijah I (1997). Nutrient Composition of Malaysian Foods, 4th Edition. Institute for Medical Research (IMR), Kuala Lumpur.",1997-01-01,https://myfcd.moh.gov.my/myfcd97/index.php/site/detail_product/106086/0/10/-1/0/0,2026-09-05T23:03:29.108155,per_100g,100.0,g,"1 whole, small",1.0,58.7,g,77.0,,79.8,0.7,0.1,18.4,0.4,0.6,,,,,,,6.0,168.0,6.0,9.0,0.3,,,,,3.7,0.01,0.15,2.4,8.0,48.0,1,
MyFCD 1997,106085,"ROKAM, CANDIED (HALWA ROKAM) ; FLACOURTIA JANGOMAS",Halwa Rokam,HALWA ROKAM,Fruits and fruit products,"Tee ES, Mohd Ismail N, Mohd Nasir A, Khatijah I (1997). Nutrient Composition of Malaysian Foods, 4th Edition. Institute for Medical Research (IMR), Kuala Lumpur.",1997-01-01,https://myfcd.moh.gov.my/myfcd97/index.php/site/detail_product/106085/0/10/-1/0/0,2026-09-05T23:03:29.135146,per_100g,100.0,g,,,,,338.0,,14.8,0.7,0.3,83.1,1.0,0.1,,,,,,,100.0,10.0,11.0,0.0,1.4,,,,,4.6,0.0,0.06,0.3,6.0,37.0,1,
MyFCD 1997,106088,"SENTUL, PICKLED (JERUK BUAH SENTUL) ; SANDORICUM KOETJAPE",Jeruk Buah Sentul,JERUK BUAH SENTUL,Fruits and fruit products,"Tee ES, Mohd Ismail N, Mohd Nasir A, Khatijah I (1997). Nutrient Composition of Malaysian Foods, 4th Edition. Institute for Medical Research (IMR), Kuala Lumpur.",1997-01-01,https://myfcd.moh.gov.my/myfcd97/index.php/site/detail_product/106088/0/10/-1/0/0,2026-09-05T23:03:29.160573,per_100g,100.0,g,,,,,88.0,,74.3,0.6,0.1,21.1,1.6,2.3,,,,,,,340.0,50.0,7.0,7.0,0.8,,,,,9.3,0.01,0.04,0.5,1.0,5.0,1,
MyFCD 1997,106087,SAPODILLA (CIKU) ; MANILKARA ACHRAS,Ciku,CIKU,Fruits and fruit products,"Tee ES, Mohd Ismail N, Mohd Nasir A, Khatijah I (1997). Nutrient Composition of Malaysian Foods, 4th Edition. Institute for Medical Research (IMR), Kuala Lumpur.",1997-01-01,https://myfcd.moh.gov.my/myfcd97/index.php/site/detail_product/106087/0/10/-1/0/0,2026-09-05T23:03:29.161142,per_100g,100.0,g,"1 whole (LxD, 7x4 cm)",1.0,53.7,g,82.0,,79.1,0.4,0.8,18.4,0.9,0.4,,,,,,,21.0,31.0,16.0,4.0,2.3,,,,,6.5,0.01,0.06,2.8,22.0,130.0,1,
MyFCD 1997,106090,STRAWBERRY (STRAWBERI) ; FRAGARIA GRANDIFLORA,Strawberi,STRAWBERI,Fruits and fruit products,"Tee ES, Mohd Ismail N, Mohd Nasir A, Khatijah I (1997). Nutrient Composition of Malaysian Foods, 4th Edition. Institute for Medical Research (IMR), Kuala Lumpur.",1997-01-01,https://myfcd.moh.gov.my/myfcd97/index.php/site/detail_product/106090/0/10/-1/0/0,2026-09-05T23:03:29.201404,per_100g,100.0,g,"5 whole (LxD, 3.5x2.5 cm)",1.0,47.0,g,23.0,,93.6,0.7,0.3,4.3,0.8,0.3,,,,,,,3.0,66.0,19.0,16.0,1.0,,,,,52.0,0.02,0.0,0.0,6.0,36.0,1,
MyFCD 1997,106089,SOURSOP (DURIAN BELANDA) ; ANNONA MURICATA,Durian Belanda,DURIAN BELANDA,Fruits and fruit products,"Tee ES, Mohd Ismail N, Mohd Nasir A, Khatijah I (1997). Nutrient Composition of Malaysian Foods, 4th Edition. Institute for Medical Research (IMR), Kuala Lumpur.",1997-01-01,https://myfcd.moh.gov.my/myfcd97/index.php/site/detail_product/106089/0/10/-1/0/0,2026-09-05T23:03:29.242826,per_100g,100.0,g,1 whole,1.0,298.5,g,65.0,,82.0,1.3,0.4,14.1,1.6,0.6,,,,,,,2.0,294.0,12.0,20.0,0.5,,,,,26.9,0.09,0.09,0.4,3.0,15.0,1,
MyFCD 1997,106091,"TAMARIND, FRESH PODS (BUAH ASAM JAWA) ; TAMARINDUS INDICA",Buah Asam Jawa,BUAH ASAM JAWA,Fruits and fruit products,"Tee ES, Mohd Ismail N, Mohd Nasir A, Khatijah I (1997). Nutrient Composition of Malaysian Foods, 4th Edition. Institute for Medical Research (IMR), Kuala Lumpur.",1997-01-01,https://myfcd.moh.gov.my/myfcd97/index.php/site/detail_product/106091/0/10/-1/0/0,2026-09-05T23:03:29.248553,per_100g,100.0,g,"1 pod (LxWxT, 8.5x3x1.5 cm)",1.0,13.0,g,313.0,,21.0,3.5,1.0,72.6,1.4,0.5,,,,,,,10.0,158.0,170.0,45.0,11.0,,,,,10.0,0.08,0.04,0.1,3.0,20.0,1,
MyFCD 1997,106092,WATER APPLE (JAMBU AIR) ; EUGENIA AQUEA/SYZYGIUM AQUEUM,Jambu Air,JAMBU AIR,Fruits and fruit products,"Tee ES, Mohd Ismail N, Mohd Nasir A, Khatijah I (1997). Nutrient Composition of Malaysian Foods, 4th Edition. Institute for Medical Research (IMR), Kuala Lumpur.",1997-01-01,https://myfcd.moh.gov.my/myfcd97/index.php/site/detail_product/106092/0/10/-1/0/0,2026-09-05T23:03:29.272223,per_100g,100.0,g,2 whole,1.0,100.8,g,17.0,,95.0,0.8,0.1,3.1,0.8,0.2,,,,,,,1.0,48.0,2.0,5.0,0.2,,,,,16.7,0.04,0.0,0.0,1.0,7.0,1,
MyFCD 1997,107001,"CANDY, COCONUT (GULA-GULA KELAPA) ;",Gula-Gula Kelapa,GULA-GULA KELAPA,Sugars and syrups,"Tee ES, Mohd Ismail N, Mohd Nasir A, Khatijah I (1997). Nutrient Composition of Malaysian Foods, 4th Edition. Institute for Medical Research (IMR), Kuala Lumpur.",1997-01-01,https://myfcd.moh.gov.my/myfcd97/index.php/site/detail_product/107001/0/10/-1/0/0,2026-09-05T23:03:29.273148,per_100g,100.0,g,"5 pieces (LxWxT, 2x2x2 cm)",1.0,74.2,g,430.0,,14.1,4.2,17.9,62.9,0.0,0.9,,,,,,,5.0,43.0,6.0,5.0,0.0,,,,,0.0,0.1,0.1,1.1,0.0,0.0,1,
MyFCD 1997,106093,WATERMELON (TEMBIKAI) ; CITRULLUS VULGARIS,Tembikai,TEMBIKAI,Fruits and fruit products,"Tee ES, Mohd Ismail N, Mohd Nasir A, Khatijah I (1997). Nutrient Composition of Malaysian Foods, 4th Edition. Institute for Medical Research (IMR), Kuala Lumpur.",1997-01-01,https://myfcd.moh.gov.my/myfcd97/index.php/site/detail_product/106093/0/10/-1/0/0,2026-09-05T23:03:29.285688,per_100g,100.0,g,"1 slice, small with skin (DxHxW, 23.3x10x3 cm)",1.0,133.5,g,28.0,,92.6,0.6,0.2,6.0,0.2,0.4,,,,,,,4.0,78.0,6.0,11.0,0.2,,,,,5.5,0.04,0.05,0.2,68.0,410.0,1,
MyFCD 1997,107002,HONEY (MADU) ;,Madu,MADU,Sugars and syrups,"Tee ES, Mohd Ismail N, Mohd Nasir A, Khatijah I (1997). Nutrient Composition of Malaysian Foods, 4th Edition. Institute for Medical Research (IMR), Kuala Lumpur.",1997-01-01,https://myfcd.moh.gov.my/myfcd97/index.php/site/detail_product/107002/0/10/-1/0/0,2026-09-05T23:03:29.310279,per_100g,100.0,g,1 tablespoon,1.0,20.5,g,313.0,,21.5,0.2,0.0,78.1,0.0,0.2,,,,,,,5.0,26.0,11.0,11.0,0.7,,,,,0.0,0.0,0.06,0.1,0.0,0.0,0,R107017
MyFCD 1997,107003,"JAM, EGG (SERI KAYA) ;",Seri Kaya,SERI KAYA,Sugars and syrups,"Tee ES, Mohd Ismail N, Mohd Nasir A, Khatijah I (1997). Nutrient Composition of Malaysian Foods, 4th Edition. Institute for Medical Research (IMR), Kuala Lumpur.",1997-01-01,https://myfcd.moh.gov.my/myfcd97/index.php/site/detail_product/107003/0/10/-1/0/0,2026-09-05T23:03:29.373894,per_100g,100.0,g,1 tablespoon,1.0,8.8,g,261.0,,38.0,2.2,2.8,56.7,0.0,0.3,,,,,,,24.0,26.0,8.0,39.0,0.5,,,,,0.0,0.01,0.04,0.2,5.0,32.0,1,
MyFCD 1997,107004,"JAM, MANGO (JEM BACANG) ;",Jem Bacang,JEM BACANG,Sugars and syrups,"Tee ES, Mohd Ismail N, Mohd Nasir A, Khatijah I (1997). Nutrient Composition of Malaysian Foods, 4th Edition. Institute for Medical Research (IMR), Kuala Lumpur.",1997-01-01,https://myfcd.moh.gov.my/myfcd97/index.php/site/detail_product/107004/0/10/-1/0/0,2026-09-05T23:03:29.377472,per_100g,100.0,g,1 tablespoon,1.0,21.0,g,303.0,,23.6,0.0,0.1,75.6,0.6,0.1,,,,,,,10.0,3.0,3.0,0.0,0.7,,,,,2.6,0.02,0.01,0.1,2.0,14.0,0,R107023
MyFCD 1997,107006,"JAM, PAPAYA (JEM BETIK) ;",Jem Betik,JEM BETIK,Sugars and syrups,"Tee ES, Mohd Ismail N, Mohd Nasir A, Khatijah I (1997). Nutrient Composition of Malaysian Foods, 4th Edition. Institute for Medical Research (IMR), Kuala Lumpur.",1997-01-01,https://myfcd.moh.gov.my/myfcd97/index.php/site/detail_product/107006/0/10/-1/0/0,2026-09-05T23:03:29.389096,per_100g,100.0,g,1 tablespoon,1.0,21.1,g,291.0,,26.7,0.0,0.1,72.5,0.5,0.2,,,,,,,20.0,3.0,9.0,0.0,0.8,,,,,6.6,0.02,0.05,0.7,21.0,3.0,1,
MyFCD 1997,107005,"JAM, MANGO (JEM MEMPELAM) ;",Jem Mempelam,JEM MEMPELAM,Sugars and syrups,"Tee ES, Mohd Ismail N, Mohd Nasir A, Khatijah I (1997). Nutrient Composition of Malaysian Foods, 4th Edition. Institute for Medical Research (IMR), Kuala Lumpur.",1997-01-01,https://myfcd.moh.gov.my/myfcd97/index.php/site/detail_product/107005/0/10/-1/0/0,2026-09-05T23:03:29.397033,per_100g,100.0,g,1 tablespoon,1.0,21.2,g,290.0,,27.1,0.0,0.1,72.3,0.4,0.1,,,,,,,10.0,10.0,2.0,12.0,0.4,,,,,2.0,0.25,0.07,0.8,2.0,0.0,0,R107023
MyFCD 1997,107007,"JAM, PINEAPPLE (JEM NENAS) ;",Jem Nenas,JEM NENAS,Sugars and syrups,"Tee ES, Mohd Ismail N, Mohd Nasir A, Khatijah I (1997). Nutrient Composition of Malaysian Foods, 4th Edition. Institute for Medical Research (IMR), Kuala Lumpur.",1997-01-01,https://myfcd.moh.gov.my/myfcd97/index.php/site/detail_product/107007/0/10/-1/0/0,2026-09-05T23:03:29.410012,per_100g,100.0,g,1 tablespoon,1.0,22.0,g,235.0,,41.5,0.8,0.3,57.2,0.0,0.2,,,,,,,7.0,9.0,8.0,3.0,1.1,,,,,5.7,0.02,0.02,0.1,2.0,17.0,0,R107025
MyFCD 1997,107008,"JAM, ROKAM (JEM BUAH ROKAM) ;",Jem Buah Rokam,JEM BUAH ROKAM,Sugars and syrups,"Tee ES, Mohd Ismail N, Mohd Nasir A, Khatijah I (1997). Nutrient Composition of Malaysian Foods, 4th Edition. Institute for Medical Research (IMR), Kuala Lumpur.",1997-01-01,https://myfcd.moh.gov.my/myfcd97/index.php/site/detail_product/107008/0/10/-1/0/0,2026-09-05T23:03:29.444436,per_100g,100.0,g,1 tablespoon,1.0,22.0,g,307.0,,22.9,0.0,0.1,76.6,0.3,0.1,,,,,,,40.0,30.0,7.0,0.0,0.5,,,,,2.6,0.03,0.09,1.0,1.0,1.0,1,
MyFCD 1997,107011,JELLY FROM ROKAM FRUIT (JELI BUAH ROKAM) ;,Jeli Buah Rokam,JELI BUAH ROKAM,Sugars and syrups,"Tee ES, Mohd Ismail N, Mohd Nasir A, Khatijah I (1997). Nutrient Composition of Malaysian Foods, 4th Edition. Institute for Medical Research (IMR), Kuala Lumpur.",1997-01-01,https://myfcd.moh.gov.my/myfcd97/index.php/site/detail_product/107011/0/10/-1/0/0,2026-09-05T23:03:29.493619,per_100g,100.0,g,"1 cup (250 ml)(DxH, 8x4 cm)",1.0,146.2,g,332.0,,16.6,0.0,0.1,82.8,0.4,0.1,,,,,,,30.0,10.0,15.0,0.0,0.9,,,,,3.7,0.01,0.06,0.1,0.0,1.0,1,
MyFCD 1997,107009,"JAM, WATER APPLE (JEM JAMBU AIR) ;",Jem Jambu Air,JEM JAMBU AIR,Sugars and syrups,"Tee ES, Mohd Ismail N, Mohd Nasir A, Khatijah I (1997). Nutrient Composition of Malaysian Foods, 4th Edition. Institute for Medical Research (IMR), Kuala Lumpur.",1997-01-01,https://myfcd.moh.gov.my/myfcd97/index.php/site/detail_product/107009/0/10/-1/0/0,2026-09-05T23:03:29.497552,per_100g,100.0,g,1 tablespoon,1.0,22.0,g,295.0,,25.5,0.0,0.1,73.6,0.6,0.2,,,,,,,30.0,3.0,4.0,0.0,1.0,,,,,0.6,0.0,0.03,0.2,5.0,0.0,1,
MyFCD 1997,107010,"JELLY CRYSTALS, STRAWBERRY FLAVOURED (JELI, BERPERISA STRAWBERI) ;","Jeli, Berperisa Strawberi","JELI, BERPERISA STRAWBERI",Sugars and syrups,"Tee ES, Mohd Ismail N, Mohd Nasir A, Khatijah I (1997). Nutrient Composition of Malaysian Foods, 4th Edition. Institute for Medical Research (IMR), Kuala Lumpur.",1997-01-01,https://myfcd.moh.gov.my/myfcd97/index.php/site/detail_product/107010/0/10/-1/0/0,2026-09-05T23:03:29.512215,per_100g,100.0,g,1 packet,1.0,90.0,g,384.0,,1.1,9.5,0.3,85.8,0.0,3.3,,,,,,,110.0,1207.0,124.0,225.0,0.2,,,,,0.0,0.0,0.0,0.2,0.0,0.0,1,
MyFCD 1997,107012,"JELLY, HONEY DEW (JELI HONEY DEW) ;",Jeli Honey Dew,JELI HONEY DEW,Sugars and syrups,"Tee ES, Mohd Ismail N, Mohd Nasir A, Khatijah I (1997). Nutrient Composition of Malaysian Foods, 4th Edition. Institute for Medical Research (IMR), Kuala Lumpur.",1997-01-01,https://myfcd.moh.gov.my/myfcd97/index.php/site/detail_product/107012/0/10/-1/0/0,2026-09-05T23:03:29.549549,per_100g,100.0,g,"1 cup (250 ml)(DxH, 8x4 cm)",1.0,146.2,g,74.0,,81.0,0.0,0.0,18.5,0.0,0.5,,,,,,,62.0,24.0,32.0,7.0,0.2,,,,,0.0,0.0,0.0,0.0,0.0,0.0,1,
MyFCD 1997,107014,"JELLY, STRAWBERRY (JELI STRAWBERI) ;",Jeli Strawberi,JELI STRAWBERI,Sugars and syrups,"Tee ES, Mohd Ismail N, Mohd Nasir A, Khatijah I (1997). Nutrient Composition of Malaysian Foods, 4th Edition. Institute for Medical Research (IMR), Kuala Lumpur.",1997-01-01,https://myfcd.moh.gov.my/myfcd97/index.php/site/detail_product/107014/0/10/-1/0/0,2026-09-05T23:03:29.555225,per_100g,100.0,g,"1 cup (250 ml)(DxH, 8x4 cm)",1.0,146.2,g,76.0,,80.7,0.1,0.0,18.8,0.0,0.4,,,,,,,69.0,5.0,32.0,7.0,0.2,,,,,0.0,0.0,0.0,0.0,0.0,0.0,1,
MyFCD 1997,107013,"JELLY, PINEAPPLE (JELI NENAS) ;",Jeli Nenas,JELI NENAS,Sugars and syrups,"Tee ES, Mohd Ismail N, Mohd Nasir A, Khatijah I (1997). Nutrient Composition of Malaysian Foods, 4th Edition. Institute for Medical Research (IMR), Kuala Lumpur.",1997-01-01,https://myfcd.moh.gov.my/myfcd97/index.php/site/detail_product/107013/0/10/-1/0/0,2026-09-05T23:03:29.573415,per_100g,100.0,g,"1 cup (250 ml)(DxH, 8x4 cm)",1.0,146.2,g,73.0,,81.3,0.1,0.0,18.2,0.0,0.4,,,,,,,60.0,13.0,29.0,5.0,0.1,,,,,0.0,0.0,0.0,0.0,0.0,0.0,1,
MyFCD 1997,107016,MARMALADE (MARMALADE) ;,Marmalade,MARMALADE,Sugars and syrups,"Tee ES, Mohd Ismail N, Mohd Nasir A, Khatijah I (1997). Nutrient Composition of Malaysian Foods, 4th Edition. Institute for Medical Research (IMR), Kuala Lumpur.",1997-01-01,https://myfcd.moh.gov.my/myfcd97/index.php/site/detail_product/107016/0/10/-1/0/0,2026-09-05T23:03:29.606039,per_100g,100.0,g,1 tablespoon,1.0,18.5,g,236.0,,41.3,0.1,0.3,58.1,0.2,0.0,,,,,,,4.0,2.0,8.0,1.0,0.1,,,,,0.0,0.0,0.0,0.0,1.0,3.0,1,
MyFCD 1997,107015,"JELLY, WATERMELON (JELI TEMBIKAI) ;",Jeli Tembikai,JELI TEMBIKAI,Sugars and syrups,"Tee ES, Mohd Ismail N, Mohd Nasir A, Khatijah I (1997). Nutrient Composition of Malaysian Foods, 4th Edition. Institute for Medical Research (IMR), Kuala Lumpur.",1997-01-01,https://myfcd.moh.gov.my/myfcd97/index.php/site/detail_product/107015/0/10/-1/0/0,2026-09-05T23:03:29.627739,per_100g,100.0,g,"1 cup (250 ml)(DxH, 8x4 cm)",1.0,146.2,g,82.0,,79.3,0.1,0.0,20.3,0.0,0.3,,,,,,,30.0,16.0,32.0,7.0,0.1,,,,,0.0,0.0,0.0,0.0,0.0,0.0,1,
MyFCD 1997,107017,"SUGAR, BROWN (GULA MERAH) ;",Gula Merah,GULA MERAH,Sugars and syrups,"Tee ES, Mohd Ismail N, Mohd Nasir A, Khatijah I (1997). Nutrient Composition of Malaysian Foods, 4th Edition. Institute for Medical Research (IMR), Kuala Lumpur.",1997-01-01,https://myfcd.moh.gov.my/myfcd97/index.php/site/detail_product/107017/0/10/-1/0/0,2026-09-05T23:03:29.634095,per_100g,100.0,g,1 tablespoon,1.0,13.7,g,353.0,,10.2,1.3,0.2,86.6,0.0,1.7,,,,,,,14.0,377.0,187.0,40.0,2.7,,,,,0.0,0.04,0.01,0.5,0.0,0.0,1,
MyFCD 1997,107018,"SUGAR, COCONUT PALM INFLORESCENCE (GULA MELAKA) ; COCOS NUCIFERA",Gula Melaka,GULA MELAKA,Sugars and syrups,"Tee ES, Mohd Ismail N, Mohd Nasir A, Khatijah I (1997). Nutrient Composition of Malaysian Foods, 4th Edition. Institute for Medical Research (IMR), Kuala Lumpur.",1997-01-01,https://myfcd.moh.gov.my/myfcd97/index.php/site/detail_product/107018/0/10/-1/0/0,2026-09-05T23:03:29.681254,per_100g,100.0,g,"1 round piece (DxT, 6.5x2.5 cm)",1.0,105.6,g,374.0,,6.8,0.0,0.4,92.7,0.0,0.1,,,,,,,2.0,0.0,18.0,0.0,0.7,,,,,0.0,0.0,0.35,0.5,0.0,0.0,1,
MyFCD 1997,107020,"SUGAR, ROCK (GULA BATU) ;",Gula Batu,GULA BATU,Sugars and syrups,"Tee ES, Mohd Ismail N, Mohd Nasir A, Khatijah I (1997). Nutrient Composition of Malaysian Foods, 4th Edition. Institute for Medical Research (IMR), Kuala Lumpur.",1997-01-01,https://myfcd.moh.gov.my/myfcd97/index.php/site/detail_product/107020/0/10/-1/0/0,2026-09-05T23:03:29.709789,per_100g,100.0,g,1 tablespoon,1.0,12.7,g,396.0,,0.8,0.1,0.0,99.0,0.0,0.1,,,,,,,2.0,0.0,0.0,0.0,0.1,,,,,0.0,0.0,0.0,0.0,0.0,0.0,1,
MyFCD 1997,107021,"SYRUP, ROSE (SIRAP, ROS) ;","Sirap, Ros","SIRAP, ROS",Sugars and syrups,"Tee ES, Mohd Ismail N, Mohd Nasir A, Khatijah I (1997). Nutrient Composition of Malaysian Foods, 4th Edition. Institute for Medical Research (IMR), Kuala Lumpur.",1997-01-01,https://myfcd.moh.gov.my/myfcd97/index.php/site/detail_product/107021/0/10/-1/0/0,2026-09-05T23:03:29.729486,per_100g,100.0,g,1 tablespoon,1.0,18.0,g,268.0,,33.0,0.0,0.0,67.0,0.0,0.0,,,,,,,4.0,5.0,2.0,0.0,0.1,,,,,0.0,0.0,0.0,0.0,0.0,0.0,1,
MyFCD 1997,107019,"SUGAR, GRANULATED (GULA PASIR) ;",Gula Pasir,GULA PASIR,Sugars and syrups,"Tee ES, Mohd Ismail N, Mohd Nasir A, Khatijah I (1997). Nutrient Composition of Malaysian Foods, 4th Edition. Institute for Medical Research (IMR), Kuala Lumpur.",1997-01-01,https://myfcd.moh.gov.my/myfcd97/index.php/site/detail_product/107019/0/10/-1/0/0,2026-09-05T23:03:29.742066,per_100g,100.0,g,1 tablespoon,1.0,14.9,g,398.0,,0.5,0.0,0.0,99.4,0.0,0.1,,,,,,,1.0,5.0,2.0,0.0,0.1,,,,,0.0,0.0,0.0,0.0,0.0,0.0,1,
MyFCD 1997,107022,"TREACLE, BLACK (AIR GULA, HITAM, PEKAT) ;","Air Gula, Hitam, Pekat","AIR GULA, HITAM, PEKAT",Sugars and syrups,"Tee ES, Mohd Ismail N, Mohd Nasir A, Khatijah I (1997). Nutrient Composition of Malaysian Foods, 4th Edition. Institute for Medical Research (IMR), Kuala Lumpur.",1997-01-01,https://myfcd.moh.gov.my/myfcd97/index.php/site/detail_product/107022/0/10/-1/0/0,2026-09-05T23:03:29.767638,per_100g,100.0,g,1 tablespoon,1.0,22.7,g,271.0,,28.0,1.1,0.0,66.6,0.0,4.3,,,,,,,108.0,1023.0,488.0,27.0,13.0,,,,,0.0,0.0,0.07,0.9,0.0,0.0,1,
MyFCD 1997,108001,"BEEF, CORNED, CANNED (DAGING LEMBU DIASINKAN, DALAM TIN) ; BOS TAURUS","Beef, Corned, Canned ; Bos Taurus","DAGING LEMBU DIASINKAN, DALAM TIN",Meat and meat products,"Tee ES, Mohd Ismail N, Mohd Nasir A, Khatijah I (1997). Nutrient Composition of Malaysian Foods, 4th Edition. Institute for Medical Research (IMR), Kuala Lumpur.",1997-01-01,https://myfcd.moh.gov.my/myfcd97/index.php/site/detail_product/108001/0/10/-1/0/0,2026-09-05T23:03:29.770345,per_100g,100.0,g,"1 slice (LxWxT, 9x4.5x1 cm)",1.0,55.4,g,270.0,,55.7,20.0,20.6,1.1,0.0,2.6,,,,,,,748.0,89.0,23.0,113.0,4.0,,,,,0.0,0.02,0.2,2.6,44.0,49.0,1,
MyFCD 1997,108002,"BEEF, LEAN (DAGING LEMBU TANPA LEMAK)",Daging Lembu Tanpa Lemak,DAGING LEMBU TANPA LEMAK,Meat and meat products,"Tee ES, Mohd Ismail N, Mohd Nasir A, Khatijah I (1997). Nutrient Composition of Malaysian Foods, 4th Edition. Institute for Medical Research (IMR), Kuala Lumpur.",1997-01-01,https://myfcd.moh.gov.my/myfcd97/index.php/site/detail_product/108002/0/10/-1/0/0,2026-09-05T23:03:29.847243,per_100g,100.0,g,1/2 cup (chopped),1.0,122.8,g,109.0,,75.2,22.6,2.1,0.0,0.0,1.5,,,,,,,67.0,245.0,15.0,82.0,2.2,,,,,1.3,0.1,0.21,3.4,33.0,64.0,1,
MyFCD 1997,108003,BEEF BURGER PATTY (BURGER DAGING LEMBU),Burger Daging Lembu,BURGER DAGING LEMBU,Meat and meat products,"Tee ES, Mohd Ismail N, Mohd Nasir A, Khatijah I (1997). Nutrient Composition of Malaysian Foods, 4th Edition. Institute for Medical Research (IMR), Kuala Lumpur.",1997-01-01,https://myfcd.moh.gov.my/myfcd97/index.php/site/detail_product/108003/0/10/-1/0/0,2026-09-05T23:03:29.848363,per_100g,100.0,g,"1 round piece (DxT, 10x1 cm)",1.0,74.3,g,252.0,,53.8,22.5,15.8,4.9,0.0,3.0,,,,,,,416.0,541.0,58.0,201.0,2.5,,,,,0.9,0.18,0.2,0.9,574.0,57.0,1,
MyFCD 1997,108007,"HEART, OX (JANTUNG LEMBU)",Jantung Lembu,JANTUNG LEMBU,Meat and meat products,"Tee ES, Mohd Ismail N, Mohd Nasir A, Khatijah I (1997). Nutrient Composition of Malaysian Foods, 4th Edition. Institute for Medical Research (IMR), Kuala Lumpur.",1997-01-01,https://myfcd.moh.gov.my/myfcd97/index.php/site/detail_product/108007/0/10/-1/0/0,2026-09-05T23:03:29.900800,per_100g,100.0,g,1 whole,1.0,328.0,g,121.0,,77.1,19.0,5.0,0.0,0.0,0.9,,,,,,,28.0,239.0,18.0,84.0,4.6,,,,,1.2,0.19,0.43,3.7,267.0,204.0,1,
MyFCD 1997,108006,"BEEF RENDANG, CANNED (RENDANG DAGING LEMBU, DALAM TIN)","Beef Rendang, Canned","RENDANG DAGING LEMBU, DALAM TIN",Meat and meat products,"Tee ES, Mohd Ismail N, Mohd Nasir A, Khatijah I (1997). Nutrient Composition of Malaysian Foods, 4th Edition. Institute for Medical Research (IMR), Kuala Lumpur.",1997-01-01,https://myfcd.moh.gov.my/myfcd97/index.php/site/detail_product/108006/0/10/-1/0/0,2026-09-05T23:03:29.902234,per_100g,100.0,g,1/2 cup (daging & kuah),1.0,167.3,g,235.0,,59.7,30.5,12.5,0.0,0.0,2.7,,,,,,,507.0,123.0,20.0,166.0,4.7,,,,,0.0,0.03,0.3,0.7,50.0,132.0,1,
MyFCD 1997,108005,BEEF FRANKFURTER (FRANKFURTER DAGING LEMBU),Frankfurter Daging Lembu,FRANKFURTER DAGING LEMBU,Meat and meat products,"Tee ES, Mohd Ismail N, Mohd Nasir A, Khatijah I (1997). Nutrient Composition of Malaysian Foods, 4th Edition. Institute for Medical Research (IMR), Kuala Lumpur.",1997-01-01,https://myfcd.moh.gov.my/myfcd97/index.php/site/detail_product/108005/0/10/-1/0/0,2026-09-05T23:03:29.902716,per_100g,100.0,g,"1 short piece (LxD, 4.5x2 cm)",1.0,11.5,g,230.0,,61.2,18.0,16.7,1.8,0.0,2.3,,,,,,,281.0,123.0,13.0,245.0,2.2,,,,,63.6,0.3,0.14,2.0,28.0,0.0,1,
MyFCD 1997,108004,"BEEF EXTRACT, PROPRIETARY BRAND (PATI DAGING LEMBU)",Pati Daging Lembu,PATI DAGING LEMBU,Meat and meat products,"Tee ES, Mohd Ismail N, Mohd Nasir A, Khatijah I (1997). Nutrient Composition of Malaysian Foods, 4th Edition. Institute for Medical Research (IMR), Kuala Lumpur.",1997-01-01,https://myfcd.moh.gov.my/myfcd97/index.php/site/detail_product/108004/0/10/-1/0/0,2026-09-05T23:03:29.926081,per_100g,100.0,g,1 teaspoon,1.0,6.6,g,189.0,,42.8,32.9,4.2,4.9,0.0,15.2,,,,,,,5108.0,611.0,43.0,160.0,10.8,,,,,0.0,1.6,6.9,56.0,48.0,0.0,1,
MyFCD 1997,108008,"KIDNEY, OX (BUAH PINGGANG LEMBU)",Buah Pinggang Lembu,BUAH PINGGANG LEMBU,Meat and meat products,"Tee ES, Mohd Ismail N, Mohd Nasir A, Khatijah I (1997). Nutrient Composition of Malaysian Foods, 4th Edition. Institute for Medical Research (IMR), Kuala Lumpur.",1997-01-01,https://myfcd.moh.gov.my/myfcd97/index.php/site/detail_product/108008/0/10/-1/0/0,2026-09-05T23:03:30.000984,per_100g,100.0,g,"1/2 cup (chopped, 1 cm cube)",1.0,128.2,g,89.0,,79.9,16.0,2.7,0.2,0.0,1.2,,,,,,,168.0,188.0,25.0,232.0,14.3,,,,,8.9,0.28,1.0,4.7,172.0,477.0,1,
MyFCD 1997,108009,"LIVER, OX (HATI LEMBU)",Hati Lembu,HATI LEMBU,Meat and meat products,"Tee ES, Mohd Ismail N, Mohd Nasir A, Khatijah I (1997). Nutrient Composition of Malaysian Foods, 4th Edition. Institute for Medical Research (IMR), Kuala Lumpur.",1997-01-01,https://myfcd.moh.gov.my/myfcd97/index.php/site/detail_product/108009/0/10/-1/0/0,2026-09-05T23:03:30.009337,per_100g,100.0,g,1/2 cup (1 cm cube),1.0,123.5,g,133.0,,70.2,21.0,3.8,3.6,0.0,1.4,,,,,,,23.0,280.0,18.0,263.0,9.0,,,,,24.7,0.29,0.58,11.5,9053.0,651.0,1,
MyFCD 1997,108012,"CHICKEN, MATURED, DRESSED CARCASS (AYAM, DIBERSIHKAN) ; GALLUS DOMESTICUS","Ayam, Dibersihkan","AYAM, DIBERSIHKAN",Meat and meat products,"Tee ES, Mohd Ismail N, Mohd Nasir A, Khatijah I (1997). Nutrient Composition of Malaysian Foods, 4th Edition. Institute for Medical Research (IMR), Kuala Lumpur.",1997-01-01,https://myfcd.moh.gov.my/myfcd97/index.php/site/detail_product/108012/0/10/-1/0/0,2026-09-05T23:03:30.021260,per_100g,100.0,g,1 whole,1.0,883.4,g,147.0,,70.5,22.3,6.4,0.0,0.0,0.8,,,,,,,113.0,221.0,30.0,159.0,2.8,,,,,0.0,0.15,0.22,6.0,0.0,0.0,1,
MyFCD 1997,108010,"LUNGS, OX (PARU-PARU LEMBU)",Paru-Paru Lembu,PARU-PARU LEMBU,Meat and meat products,"Tee ES, Mohd Ismail N, Mohd Nasir A, Khatijah I (1997). Nutrient Composition of Malaysian Foods, 4th Edition. Institute for Medical Research (IMR), Kuala Lumpur.",1997-01-01,https://myfcd.moh.gov.my/myfcd97/index.php/site/detail_product/108010/0/10/-1/0/0,2026-09-05T23:03:30.030414,per_100g,100.0,g,"1 piece (LxWxT, 10x6.3x2.8 cm)",1.0,55.8,g,77.0,,80.0,15.7,0.1,3.2,0.0,1.0,,,,,,,114.0,203.0,20.0,86.0,8.3,,,,,12.3,0.1,0.24,1.9,69.0,137.0,1,
MyFCD 1997,108011,"MAW, IMPORTED (PERUT LEMBU)",Perut Lembu,PERUT LEMBU,Meat and meat products,"Tee ES, Mohd Ismail N, Mohd Nasir A, Khatijah I (1997). Nutrient Composition of Malaysian Foods, 4th Edition. Institute for Medical Research (IMR), Kuala Lumpur.",1997-01-01,https://myfcd.moh.gov.my/myfcd97/index.php/site/detail_product/108011/0/10/-1/0/0,2026-09-05T23:03:30.031076,per_100g,100.0,g,"1 slice (LxWxT, 12x1x1 cm)",1.0,11.0,g,125.0,,76.4,28.7,1.1,0.0,0.0,0.5,,,,,,,51.0,105.0,10.0,71.0,0.9,,,,,0.0,0.04,0.09,1.4,20.0,0.0,1,
MyFCD 1997,108013,"CHICKEN, BREAST MEAT (DAGING AYAM, BAHAGIAN DADA)","Daging Ayam, Bahagian Dada","DAGING AYAM, BAHAGIAN DADA",Meat and meat products,"Tee ES, Mohd Ismail N, Mohd Nasir A, Khatijah I (1997). Nutrient Composition of Malaysian Foods, 4th Edition. Institute for Medical Research (IMR), Kuala Lumpur.",1997-01-01,https://myfcd.moh.gov.my/myfcd97/index.php/site/detail_product/108013/0/10/-1/0/0,2026-09-05T23:03:30.077425,per_100g,100.0,g,"1/2 piece (LxWxT, 14x7x1 cm)",1.0,65.5,g,151.0,,70.9,18.4,7.8,1.9,0.0,1.0,,,,,,,42.0,313.0,8.0,205.0,0.9,,,,,2.7,0.03,0.1,3.1,15.0,0.0,1,
MyFCD 1997,108014,"CHICKEN, THIGH (DAGING AYAM, BAHAGIAN PAHA)","Daging Ayam, Bahagian Paha","DAGING AYAM, BAHAGIAN PAHA",Meat and meat products,"Tee ES, Mohd Ismail N, Mohd Nasir A, Khatijah I (1997). Nutrient Composition of Malaysian Foods, 4th Edition. Institute for Medical Research (IMR), Kuala Lumpur.",1997-01-01,https://myfcd.moh.gov.my/myfcd97/index.php/site/detail_product/108014/0/10/-1/0/0,2026-09-05T23:03:30.113095,per_100g,100.0,g,"1 small (LxWxT, 11x10x2.9 cm)",1.0,97.5,g,220.0,,66.4,17.0,16.9,0.0,0.0,0.9,,,,,,,52.0,293.0,7.0,157.0,1.0,,,,,3.6,0.03,0.16,2.7,64.0,0.0,1,
MyFCD 1997,108015,"CHICKEN, WING (DAGING AYAM, SAYAP)","Daging Ayam, Sayap","DAGING AYAM, SAYAP",Meat and meat products,"Tee ES, Mohd Ismail N, Mohd Nasir A, Khatijah I (1997). Nutrient Composition of Malaysian Foods, 4th Edition. Institute for Medical Research (IMR), Kuala Lumpur.",1997-01-01,https://myfcd.moh.gov.my/myfcd97/index.php/site/detail_product/108015/0/10/-1/0/0,2026-09-05T23:03:30.159159,per_100g,100.0,g,"1 medium piece (LxT, 22x6 cm)",1.0,38.3,g,224.0,,65.6,17.1,17.3,0.0,0.0,0.7,,,,,,,57.0,231.0,8.0,136.0,1.1,,,,,3.0,0.02,0.1,2.0,54.0,0.0,1,
MyFCD 1997,108016,"CHICKEN BURGER PATTY (""BURGER"" DAGING AYAM)","""Burger"" Daging Ayam","""BURGER"" DAGING AYAM",Meat and meat products,"Tee ES, Mohd Ismail N, Mohd Nasir A, Khatijah I (1997). Nutrient Composition of Malaysian Foods, 4th Edition. Institute for Medical Research (IMR), Kuala Lumpur.",1997-01-01,https://myfcd.moh.gov.my/myfcd97/index.php/site/detail_product/108016/0/10/-1/0/0,2026-09-05T23:03:30.322161,per_100g,100.0,g,"1 round piece (DxT, 10x1 cm)",1.0,76.1,g,206.0,,60.3,18.0,11.5,7.6,0.0,2.6,,,,,,,243.0,260.0,73.0,156.0,2.4,,,,,0.9,0.2,0.2,2.6,219.0,47.0,1,
MyFCD 1997,108017,"CHICKEN CURRY, CANNED (KARI AYAM DALAM TIN)","Chicken Curry, Canned",KARI AYAM DALAM TIN,Meat and meat products,"Tee ES, Mohd Ismail N, Mohd Nasir A, Khatijah I (1997). Nutrient Composition of Malaysian Foods, 4th Edition. Institute for Medical Research (IMR), Kuala Lumpur.",1997-01-01,https://myfcd.moh.gov.my/myfcd97/index.php/site/detail_product/108017/0/10/-1/0/0,2026-09-05T23:03:30.328317,per_100g,100.0,g,1 tin,1.0,304.6,g,199.0,,62.2,12.0,11.4,12.0,0.0,2.2,,,,,,,385.0,142.0,212.0,124.0,2.8,,,,,1.1,0.03,0.08,2.1,73.0,43.0,1,
MyFCD 1997,108018,CHICKEN FRANKFURTER (FRANKFURTER DAGING AYAM),Frankfurter Daging Ayam,FRANKFURTER DAGING AYAM,Meat and meat products,"Tee ES, Mohd Ismail N, Mohd Nasir A, Khatijah I (1997). Nutrient Composition of Malaysian Foods, 4th Edition. Institute for Medical Research (IMR), Kuala Lumpur.",1997-01-01,https://myfcd.moh.gov.my/myfcd97/index.php/site/detail_product/108018/0/10/-1/0/0,2026-09-05T23:03:30.357155,per_100g,100.0,g,"1 piece, 2 inches long (LxD, 4x1.5 cm)",1.0,10.9,g,323.0,,55.1,18.6,27.6,0.0,0.0,1.8,,,,,,,283.0,140.0,24.0,205.0,2.0,,,,,1.5,0.3,0.1,0.8,314.0,0.0,1,
MyFCD 1997,108019,"FEET, CHICKEN, DEBONED (KAKI AYAM, TANPA TULANG)","Kaki Ayam, Tanpa Tulang","KAKI AYAM, TANPA TULANG",Meat and meat products,"Tee ES, Mohd Ismail N, Mohd Nasir A, Khatijah I (1997). Nutrient Composition of Malaysian Foods, 4th Edition. Institute for Medical Research (IMR), Kuala Lumpur.",1997-01-01,https://myfcd.moh.gov.my/myfcd97/index.php/site/detail_product/108019/0/10/-1/0/0,2026-09-05T23:03:30.365692,per_100g,100.0,g,"5 pieces (LxW, 12x4 cm)",1.0,42.8,g,208.0,,66.4,26.3,11.4,0.0,0.0,0.5,,,,,,,109.0,55.0,23.0,69.0,0.8,,,,,2.2,0.0,0.05,0.8,8.0,0.0,1,
MyFCD 1997,108020,"GIZZARD, CHICKEN (HEMPEDAL AYAM)",Hempedal Ayam,HEMPEDAL AYAM,Meat and meat products,"Tee ES, Mohd Ismail N, Mohd Nasir A, Khatijah I (1997). Nutrient Composition of Malaysian Foods, 4th Edition. Institute for Medical Research (IMR), Kuala Lumpur.",1997-01-01,https://myfcd.moh.gov.my/myfcd97/index.php/site/detail_product/108020/0/10/-1/0/0,2026-09-05T23:03:30.396923,per_100g,100.0,g,"2 whole (LxWxT, 7x5x2 cm)",1.0,66.0,g,96.0,,78.6,16.5,2.7,1.3,0.0,0.9,,,,,,,66.0,212.0,7.0,144.0,1.8,,,,,6.0,0.06,0.1,2.1,42.0,0.0,1,
MyFCD 1997,108021,"HEART, CHICKEN (JANTUNG AYAM)",Jantung Ayam,JANTUNG AYAM,Meat and meat products,"Tee ES, Mohd Ismail N, Mohd Nasir A, Khatijah I (1997). Nutrient Composition of Malaysian Foods, 4th Edition. Institute for Medical Research (IMR), Kuala Lumpur.",1997-01-01,https://myfcd.moh.gov.my/myfcd97/index.php/site/detail_product/108021/0/10/-1/0/0,2026-09-05T23:03:30.414562,per_100g,100.0,g,"5 whole (LxWxT, 3.9x2x0.5 cm)",1.0,50.3,g,107.0,,79.6,15.5,5.0,0.0,0.0,1.0,,,,,,,97.0,239.0,6.0,187.0,2.7,,,,,5.1,0.1,0.39,4.1,69.0,0.0,1,
MyFCD 1997,108023,"LIVER, CHICKEN (HATI AYAM)",Hati Ayam,HATI AYAM,Meat and meat products,"Tee ES, Mohd Ismail N, Mohd Nasir A, Khatijah I (1997). Nutrient Composition of Malaysian Foods, 4th Edition. Institute for Medical Research (IMR), Kuala Lumpur.",1997-01-01,https://myfcd.moh.gov.my/myfcd97/index.php/site/detail_product/108023/0/10/-1/0/0,2026-09-05T23:03:30.448634,per_100g,100.0,g,"2 whole (LxW, 9.7x7.8 cm)",1.0,105.2,g,116.0,,73.8,19.2,3.3,2.4,0.0,1.3,,,,,,,72.0,240.0,11.0,299.0,10.2,,,,,13.6,0.25,1.28,6.2,15669.0,56.0,1,
MyFCD 1997,108022,"INTESTINE, CHICKEN (USUS AYAM)",Usus Ayam,USUS AYAM,Meat and meat products,"Tee ES, Mohd Ismail N, Mohd Nasir A, Khatijah I (1997). Nutrient Composition of Malaysian Foods, 4th Edition. Institute for Medical Research (IMR), Kuala Lumpur.",1997-01-01,https://myfcd.moh.gov.my/myfcd97/index.php/site/detail_product/108022/0/10/-1/0/0,2026-09-05T23:03:30.449696,per_100g,100.0,g,1/4 cup (chopped),1.0,61.7,g,144.0,,79.5,8.3,12.3,0.0,0.0,0.5,,,,,,,22.0,90.0,6.0,116.0,1.1,,,,,16.6,0.09,0.43,1.9,44.0,0.0,1,
MyFCD 1997,108026,"GOAT MEAT, LEAN (DAGING KAMBING TEMPATAN) ; CAPRA HIRCUS",Daging Kambing Tempatan,DAGING KAMBING TEMPATAN,Meat and meat products,"Tee ES, Mohd Ismail N, Mohd Nasir A, Khatijah I (1997). Nutrient Composition of Malaysian Foods, 4th Edition. Institute for Medical Research (IMR), Kuala Lumpur.",1997-01-01,https://myfcd.moh.gov.my/myfcd97/index.php/site/detail_product/108026/0/10/-1/0/0,2026-09-05T23:03:30.530109,per_100g,100.0,g,"5 pieces (LxWxT, 5x2.5x0.8 cm)",1.0,60.9,g,121.0,,74.8,20.9,4.2,0.0,0.0,1.1,,,,,,,49.0,305.0,13.0,191.0,1.7,,,,,1.1,0.08,0.14,2.7,91.0,0.0,1,
MyFCD 1997,108024,"DUCK, MATURED, DRESSED CARCAS (ITIK, DIBERSIHKAN) ; ANAS DOMESTICUS","Itik, Dibersihkan","ITIK, DIBERSIHKAN",Meat and meat products,"Tee ES, Mohd Ismail N, Mohd Nasir A, Khatijah I (1997). Nutrient Composition of Malaysian Foods, 4th Edition. Institute for Medical Research (IMR), Kuala Lumpur.",1997-01-01,https://myfcd.moh.gov.my/myfcd97/index.php/site/detail_product/108024/0/10/-1/0/0,2026-09-05T23:03:30.531291,per_100g,100.0,g,1 whole,1.0,663.0,g,292.0,,58.9,15.5,25.6,0.0,0.0,0.7,,,,,,,49.0,179.0,10.0,162.0,1.4,,,,,0.0,0.09,0.25,3.9,92.0,0.0,1,
MyFCD 1997,108025,"DUCK, ROASTED (ITIK PANGGANG)",Itik Panggang,ITIK PANGGANG,Meat and meat products,"Tee ES, Mohd Ismail N, Mohd Nasir A, Khatijah I (1997). Nutrient Composition of Malaysian Foods, 4th Edition. Institute for Medical Research (IMR), Kuala Lumpur.",1997-01-01,https://myfcd.moh.gov.my/myfcd97/index.php/site/detail_product/108025/0/10/-1/0/0,2026-09-05T23:03:30.533027,per_100g,100.0,g,1 whole,1.0,1006.4,g,373.0,,47.0,18.5,33.1,0.2,0.0,1.2,,,,,,,299.0,91.0,22.0,123.0,1.3,,,,,0.0,0.12,0.24,1.9,115.0,0.0,1,
MyFCD 1997,108027,"HEART, GOAT (JANTUNG KAMBING)",Jantung Kambing,JANTUNG KAMBING,Meat and meat products,"Tee ES, Mohd Ismail N, Mohd Nasir A, Khatijah I (1997). Nutrient Composition of Malaysian Foods, 4th Edition. Institute for Medical Research (IMR), Kuala Lumpur.",1997-01-01,https://myfcd.moh.gov.my/myfcd97/index.php/site/detail_product/108027/0/10/-1/0/0,2026-09-05T23:03:30.551426,per_100g,100.0,g,1 whole,1.0,58.9,g,133.0,,79.3,16.3,7.5,0.0,0.0,1.0,,,,,,,123.0,228.0,11.0,195.0,4.3,,,,,4.1,0.21,0.51,2.9,57.0,0.0,1,
MyFCD 1997,108029,"MUTTON CURRY, CANNED (KARI DAGING KAMBING DALAM TIN)","Mutton Curry, Canned",KARI DAGING KAMBING DALAM TIN,Meat and meat products,"Tee ES, Mohd Ismail N, Mohd Nasir A, Khatijah I (1997). Nutrient Composition of Malaysian Foods, 4th Edition. Institute for Medical Research (IMR), Kuala Lumpur.",1997-01-01,https://myfcd.moh.gov.my/myfcd97/index.php/site/detail_product/108029/0/10/-1/0/0,2026-09-05T23:03:30.576348,per_100g,100.0,g,1 tin,1.0,167.0,g,217.0,,65.7,10.8,17.3,4.6,0.0,1.6,,,,,,,424.0,159.0,18.0,81.0,3.8,,,,,6.6,0.04,0.12,1.7,38.0,29.0,1,
MyFCD 1997,108028,"MUTTON, LEAN (DAGING KAMBING) ; OVIS AERIES",Daging Kambing,DAGING KAMBING,Meat and meat products,"Tee ES, Mohd Ismail N, Mohd Nasir A, Khatijah I (1997). Nutrient Composition of Malaysian Foods, 4th Edition. Institute for Medical Research (IMR), Kuala Lumpur.",1997-01-01,https://myfcd.moh.gov.my/myfcd97/index.php/site/detail_product/108028/0/10/-1/0/0,2026-09-05T23:03:30.586356,per_100g,100.0,g,1/2 cup (chopped),1.0,99.3,g,129.0,,74.0,20.0,5.4,0.0,0.0,1.7,,,,,,,91.0,256.0,10.0,146.0,2.3,,,,,0.8,0.13,0.28,3.7,22.0,0.0,1,
MyFCD 1997,108032,"BACON, LEAN","Bacon, Lean",,Pork and pork products,"Tee ES, Mohd Ismail N, Mohd Nasir A, Khatijah I (1997). Nutrient Composition of Malaysian Foods, 4th Edition. Institute for Medical Research (IMR), Kuala Lumpur.",1997-01-01,https://myfcd.moh.gov.my/myfcd97/index.php/site/detail_product/108032/0/10/-1/0/0,2026-09-05T23:03:30.628128,per_100g,100.0,g,"1 small piece, (LxWxT, 10x1.5x1 cm)",1.0,22.6,g,229.0,,61.5,19.0,17.0,0.0,0.0,2.5,,,,,,,,,9.0,,1.1,,,,,,,,,,,1,
MyFCD 1997,108031,"BACON, FATTY","Bacon, Fatty",,Pork and pork products,"Tee ES, Mohd Ismail N, Mohd Nasir A, Khatijah I (1997). Nutrient Composition of Malaysian Foods, 4th Edition. Institute for Medical Research (IMR), Kuala Lumpur.",1997-01-01,https://myfcd.moh.gov.my/myfcd97/index.php/site/detail_product/108031/0/10/-1/0/0,2026-09-05T23:03:30.650477,per_100g,100.0,g,"1 piece (LxW, 13x7 cm)",1.0,26.4,g,391.0,,43.5,19.0,35.0,0.0,0.0,2.5,,,,,,,,,9.0,,1.1,,,,,0.0,0.84,0.26,1.8,0.0,,1,
MyFCD 1997,108030,"RABBIT, DOMESTICATED, WHOLE CARCASS (ARNAB) ; ORYCTOLAGUS CUNICULUS",Arnab,ARNAB,Meat and meat products,"Tee ES, Mohd Ismail N, Mohd Nasir A, Khatijah I (1997). Nutrient Composition of Malaysian Foods, 4th Edition. Institute for Medical Research (IMR), Kuala Lumpur.",1997-01-01,https://myfcd.moh.gov.my/myfcd97/index.php/site/detail_product/108030/0/10/-1/0/0,2026-09-05T23:03:30.654103,per_100g,100.0,g,1 whole,1.0,410.3,g,114.0,,75.9,21.1,3.3,0.0,0.0,1.1,,,,,,,46.0,348.0,10.0,202.0,0.9,,,,,2.7,0.06,0.07,6.4,26.0,0.0,1,
MyFCD 1997,108033,"BRAIN, PIG","Brain, Pig",,Pork and pork products,"Tee ES, Mohd Ismail N, Mohd Nasir A, Khatijah I (1997). Nutrient Composition of Malaysian Foods, 4th Edition. Institute for Medical Research (IMR), Kuala Lumpur.",1997-01-01,https://myfcd.moh.gov.my/myfcd97/index.php/site/detail_product/108033/0/10/-1/0/0,2026-09-05T23:03:30.688858,per_100g,100.0,g,,,,,118.0,,81.0,8.8,9.2,0.0,0.0,1.0,,,,,,,,,13.0,,2.0,,,,,0.0,0.18,0.26,4.2,0.0,0.0,1,
MyFCD 1997,108035,"LIVER, PIG","Liver, Pig",,Pork and pork products,"Tee ES, Mohd Ismail N, Mohd Nasir A, Khatijah I (1997). Nutrient Composition of Malaysian Foods, 4th Edition. Institute for Medical Research (IMR), Kuala Lumpur.",1997-01-01,https://myfcd.moh.gov.my/myfcd97/index.php/site/detail_product/108035/0/10/-1/0/0,2026-09-05T23:03:30.707114,per_100g,100.0,g,"1 small piece (LxWxT, 5.5x1.7x1 cm)",1.0,13.2,g,135.0,,69.9,23.8,4.2,0.5,0.0,1.6,,,,,,,,,10.0,313.0,13.9,,,,,23.7,0.51,3.2,10.4,4630.0,,1,
MyFCD 1997,108034,HAM,Ham,,Pork and pork products,"Tee ES, Mohd Ismail N, Mohd Nasir A, Khatijah I (1997). Nutrient Composition of Malaysian Foods, 4th Edition. Institute for Medical Research (IMR), Kuala Lumpur.",1997-01-01,https://myfcd.moh.gov.my/myfcd97/index.php/site/detail_product/108034/0/10/-1/0/0,2026-09-05T23:03:30.708853,per_100g,100.0,g,"1 rectangular piece (LxWxT, 15x10x0.3 cm)",1.0,45.4,g,299.0,,57.1,17.4,25.5,0.0,0.0,0.1,,,,,,,,,13.0,204.0,2.0,,,,,0.0,0.84,0.19,4.2,0.0,0.0,1,
MyFCD 1997,108036,"PORK, LEAN (DAGING BABI) ; SUS SCROFA",Daging Babi,DAGING BABI,Pork and pork products,"Tee ES, Mohd Ismail N, Mohd Nasir A, Khatijah I (1997). Nutrient Composition of Malaysian Foods, 4th Edition. Institute for Medical Research (IMR), Kuala Lumpur.",1997-01-01,https://myfcd.moh.gov.my/myfcd97/index.php/site/detail_product/108036/0/10/-1/0/0,2026-09-05T23:03:30.747163,per_100g,100.0,g,"1 small piece, (LxWxT, 10x1.5x1 cm)",1.0,22.6,g,189.0,,61.1,17.0,21.0,0.0,0.0,0.9,,,,,,,95.0,187.0,11.0,111.0,1.7,,,,,1.0,0.85,0.3,3.2,0.0,0.0,1,
MyFCD 1997,108037,"PORK, MEDIUM","Pork, Medium",,Pork and pork products,"Tee ES, Mohd Ismail N, Mohd Nasir A, Khatijah I (1997). Nutrient Composition of Malaysian Foods, 4th Edition. Institute for Medical Research (IMR), Kuala Lumpur.",1997-01-01,https://myfcd.moh.gov.my/myfcd97/index.php/site/detail_product/108037/0/10/-1/0/0,2026-09-05T23:03:30.766051,per_100g,100.0,g,"1 small piece, (LxWxT, 3x5.5x1.5 cm)",1.0,25.0,g,527.0,,35.5,10.7,53.8,0.0,0.0,0.1,,,,,,,,,7.0,128.0,1.6,,,,,0.0,0.87,0.21,4.1,0.0,0.0,1,
MyFCD 1997,108038,"SAUSAGE, CHINESE (SOSEJ CINA)",Sosej Cina,SOSEJ CINA,Pork and pork products,"Tee ES, Mohd Ismail N, Mohd Nasir A, Khatijah I (1997). Nutrient Composition of Malaysian Foods, 4th Edition. Institute for Medical Research (IMR), Kuala Lumpur.",1997-01-01,https://myfcd.moh.gov.my/myfcd97/index.php/site/detail_product/108038/0/10/-1/0/0,2026-09-05T23:03:30.767066,per_100g,100.0,g,"1 piece (LxD, 12 X 1 cm)",1.0,42.0,g,516.0,,19.2,27.7,40.7,10.3,0.0,2.7,,,,,,,,,28.0,,2.5,,,,,0.0,0.31,,,0.0,0.0,1,
MyFCD 1997,109001,CENTURY EGG (PEI-TAN),Pei-Tan,PEI-TAN,Eggs,"Tee ES, Mohd Ismail N, Mohd Nasir A, Khatijah I (1997). Nutrient Composition of Malaysian Foods, 4th Edition. Institute for Medical Research (IMR), Kuala Lumpur.",1997-01-01,https://myfcd.moh.gov.my/myfcd97/index.php/site/detail_product/109001/0/10/-1/0/0,2026-09-05T23:03:30.822667,per_100g,100.0,g,"1 whole ( LxD, 6x4 cm)",1.0,58.8,g,165.0,,67.4,13.9,9.3,6.5,0.0,2.9,,,,,,,385.0,101.0,68.0,218.0,3.2,,,,,0.0,0.01,0.6,0.4,143.0,247.0,1,
MyFCD 1997,109002,"DUCK EGG, WHOLE (TELUR ITIK, SEBIJI)","Telur Itik, Sebiji","TELUR ITIK, SEBIJI",Eggs,"Tee ES, Mohd Ismail N, Mohd Nasir A, Khatijah I (1997). Nutrient Composition of Malaysian Foods, 4th Edition. Institute for Medical Research (IMR), Kuala Lumpur.",1997-01-01,https://myfcd.moh.gov.my/myfcd97/index.php/site/detail_product/109002/0/10/-1/0/0,2026-09-05T23:03:30.840105,per_100g,100.0,g,"1 whole (LxD, 7x4.5 cm)",1.0,64.9,g,183.0,,70.3,13.7,13.6,1.4,0.0,1.0,,,,,,,107.0,100.0,66.0,170.0,3.7,,,,,0.3,0.28,0.29,0.1,234.0,426.0,1,
MyFCD 1997,109003,"DUCK EGG, YOLK (TELUR ITIK, KUNING TELUR)","Telur Itik, Kuning Telur","TELUR ITIK, KUNING TELUR",Eggs,"Tee ES, Mohd Ismail N, Mohd Nasir A, Khatijah I (1997). Nutrient Composition of Malaysian Foods, 4th Edition. Institute for Medical Research (IMR), Kuala Lumpur.",1997-01-01,https://myfcd.moh.gov.my/myfcd97/index.php/site/detail_product/109003/0/10/-1/0/0,2026-09-05T23:03:30.846656,per_100g,100.0,g,"1 whole, egg yolk (D, 4.5 cm)",1.0,31.1,g,368.0,,49.9,13.0,34.8,0.8,0.0,1.5,,,,,,,59.0,77.0,166.0,360.0,3.8,,,,,0.0,0.87,0.6,2.6,340.0,38.0,1,
MyFCD 1997,109004,"DUCK EGG, SALTED, WHOLE (TELUR ASIN, SEBIJI)","Telur Asin, Sebiji","TELUR ASIN, SEBIJI",Eggs,"Tee ES, Mohd Ismail N, Mohd Nasir A, Khatijah I (1997). Nutrient Composition of Malaysian Foods, 4th Edition. Institute for Medical Research (IMR), Kuala Lumpur.",1997-01-01,https://myfcd.moh.gov.my/myfcd97/index.php/site/detail_product/109004/0/10/-1/0/0,2026-09-05T23:03:30.859662,per_100g,100.0,g,"1 whole (LxD, 7.5x4 cm)",1.0,47.3,g,197.0,,63.5,14.4,14.6,2.1,0.0,5.4,,,,,,,526.0,153.0,74.0,240.0,2.7,,,,,0.0,0.21,1.6,1.0,179.0,17.0,1,
MyFCD 1997,109006,"HEN EGG, WHOLE (TELUR AYAM, SEBIJI)","Telur Ayam, Sebiji","TELUR AYAM, SEBIJI",Eggs,"Tee ES, Mohd Ismail N, Mohd Nasir A, Khatijah I (1997). Nutrient Composition of Malaysian Foods, 4th Edition. Institute for Medical Research (IMR), Kuala Lumpur.",1997-01-01,https://myfcd.moh.gov.my/myfcd97/index.php/site/detail_product/109006/0/10/-1/0/0,2026-09-05T23:03:30.935424,per_100g,100.0,g,"1 whole (LxD, 6x3.5 cm)",1.0,46.0,g,155.0,,74.1,12.9,11.1,0.9,0.0,1.0,,,,,,,122.0,138.0,57.0,179.0,2.4,,,,,0.0,0.15,0.58,0.4,350.0,0.0,1,
MyFCD 1997,109005,"DUCK EGG, SALTED, YOLK (TELUR ASIN, KUNING TELUR)","Telur Asin, Kuning Telur","TELUR ASIN, KUNING TELUR",Eggs,"Tee ES, Mohd Ismail N, Mohd Nasir A, Khatijah I (1997). Nutrient Composition of Malaysian Foods, 4th Edition. Institute for Medical Research (IMR), Kuala Lumpur.",1997-01-01,https://myfcd.moh.gov.my/myfcd97/index.php/site/detail_product/109005/0/10/-1/0/0,2026-09-05T23:03:30.936060,per_100g,100.0,g,"1 whole, egg yolk (D, 3 cm)",1.0,17.3,g,568.0,,25.5,22.8,53.0,0.0,0.0,2.8,,,,,,,307.0,78.0,185.0,672.0,8.7,,,,,0.0,0.63,0.4,0.0,413.0,463.0,1,
MyFCD 1997,109007,"HEN EGG, YOLK (TELUR AYAM, KUNING TELUR)","Telur Ayam, Kuning Telur","TELUR AYAM, KUNING TELUR",Eggs,"Tee ES, Mohd Ismail N, Mohd Nasir A, Khatijah I (1997). Nutrient Composition of Malaysian Foods, 4th Edition. Institute for Medical Research (IMR), Kuala Lumpur.",1997-01-01,https://myfcd.moh.gov.my/myfcd97/index.php/site/detail_product/109007/0/10/-1/0/0,2026-09-05T23:03:30.959413,per_100g,100.0,g,"1 whole, egg yolk (D, 3 cm)",1.0,11.7,g,343.0,,50.9,15.0,30.9,1.2,0.0,2.0,,,,,,,78.0,110.0,147.0,586.0,7.9,,,,,0.0,0.44,0.37,0.0,570.0,0.0,1,
MyFCD 1997,109009,"QUAIL EGG, WHOLE (TELUR PUYUH, SEBIJI)","Telur Puyuh, Sebiji","TELUR PUYUH, SEBIJI",Eggs,"Tee ES, Mohd Ismail N, Mohd Nasir A, Khatijah I (1997). Nutrient Composition of Malaysian Foods, 4th Edition. Institute for Medical Research (IMR), Kuala Lumpur.",1997-01-01,https://myfcd.moh.gov.my/myfcd97/index.php/site/detail_product/109009/0/10/-1/0/0,2026-09-05T23:03:30.979717,per_100g,100.0,g,"5 whole (LxD, 3x2 cm)",1.0,50.6,g,168.0,,72.8,12.3,12.7,1.2,0.0,1.0,,,,,,,113.0,133.0,56.0,218.0,3.1,,,,,0.0,0.14,1.3,0.4,196.0,18.0,1,
MyFCD 1997,109010,"TURTLE EGG, WHOLE (TELUR PENYU, SEBIJI)","Telur Penyu, Sebiji","TELUR PENYU, SEBIJI",Eggs,"Tee ES, Mohd Ismail N, Mohd Nasir A, Khatijah I (1997). Nutrient Composition of Malaysian Foods, 4th Edition. Institute for Medical Research (IMR), Kuala Lumpur.",1997-01-01,https://myfcd.moh.gov.my/myfcd97/index.php/site/detail_product/109010/0/10/-1/0/0,2026-09-05T23:03:31.008627,per_100g,100.0,g,"1 whole (D, 4 cm)",1.0,37.0,g,123.0,,78.5,12.0,8.2,0.3,0.0,1.0,,,,,,,121.0,150.0,46.0,193.0,1.4,,,,,0.0,0.17,0.17,0.0,19.0,3.0,1,
MyFCD 1997,109012,"TURTLE EGG, WHITE (TELUR PENYU, PUTIH TELUR)","Telur Penyu, Putih Telur","TELUR PENYU, PUTIH TELUR",Eggs,"Tee ES, Mohd Ismail N, Mohd Nasir A, Khatijah I (1997). Nutrient Composition of Malaysian Foods, 4th Edition. Institute for Medical Research (IMR), Kuala Lumpur.",1997-01-01,https://myfcd.moh.gov.my/myfcd97/index.php/site/detail_product/109012/0/10/-1/0/0,2026-09-05T23:03:31.053950,per_100g,100.0,g,"1 whole, egg white",1.0,15.2,g,4.0,,98.4,1.1,0.0,0.0,0.0,0.5,,,,,,,154.0,124.0,14.0,28.0,0.3,,,,,0.0,0.0,0.19,0.0,50.0,0.0,1,
MyFCD 1997,109011,"TURTLE EGG, YOLK (TELUR PENYU, KUNING TELUR)","Telur Penyu, Kuning Telur","TELUR PENYU, KUNING TELUR",Eggs,"Tee ES, Mohd Ismail N, Mohd Nasir A, Khatijah I (1997). Nutrient Composition of Malaysian Foods, 4th Edition. Institute for Medical Research (IMR), Kuala Lumpur.",1997-01-01,https://myfcd.moh.gov.my/myfcd97/index.php/site/detail_product/109011/0/10/-1/0/0,2026-09-05T23:03:31.054914,per_100g,100.0,g,"1 whole, egg yolk",1.0,20.1,g,279.0,,51.8,26.2,18.6,1.6,0.0,1.8,,,,,,,103.0,132.0,155.0,495.0,2.7,,,,,0.0,0.22,0.21,0.1,42.0,0.0,1,
MyFCD 1997,109008,"HEN EGG, WHITE (TELUR AYAM, PUTIH TELUR)","Telur Ayam, Putih Telur","TELUR AYAM, PUTIH TELUR",Eggs,"Tee ES, Mohd Ismail N, Mohd Nasir A, Khatijah I (1997). Nutrient Composition of Malaysian Foods, 4th Edition. Institute for Medical Research (IMR), Kuala Lumpur.",1997-01-01,https://myfcd.moh.gov.my/myfcd97/index.php/site/detail_product/109008/0/10/-1/0/0,2026-09-05T23:03:31.056068,per_100g,100.0,g,"1 whole, egg white",1.0,33.6,g,51.0,,86.6,10.6,0.0,2.1,0.0,0.7,,,,,,,175.0,149.0,6.0,17.0,0.1,,,,,0.0,0.0,0.27,0.5,6.0,0.0,1,
MyFCD 1997,110001,"ANCHOVY, FRESH, WHOLE (IKAN BILIS, SEGAR, BAHAGIAN KESELURUHAN) ; STOLEPHORUS COMMERSONII","Ikan Bilis, Segar, Bahagian Keseluruhan","IKAN BILIS, SEGAR, BAHAGIAN KESELURUHAN","Fish, shellfish and products","Tee ES, Mohd Ismail N, Mohd Nasir A, Khatijah I (1997). Nutrient Composition of Malaysian Foods, 4th Edition. Institute for Medical Research (IMR), Kuala Lumpur.",1997-01-01,https://myfcd.moh.gov.my/myfcd97/index.php/site/detail_product/110001/0/10/-1/0/0,2026-09-05T23:03:31.087760,per_100g,100.0,g,"5 pieces (LxWxT, 11x2x0.5 cm)",1.0,23.9,g,79.0,,79.3,16.6,1.1,0.7,0.0,2.3,,,,,,,573.0,130.0,134.0,162.0,0.6,,,,,0.3,0.15,0.09,1.2,35.0,0.0,1,
MyFCD 1997,110002,"ANCHOVY, DRIED, WITHOUT HEAD & ENTRAILS ; (IKAN BILIS, KERING, TANPA KEPALA DAN USUS)","Ikan Bilis, Kering, Tanpa Kepala Dan Usus","IKAN BILIS, KERING, TANPA KEPALA DAN USUS","Fish, shellfish and products","Tee ES, Mohd Ismail N, Mohd Nasir A, Khatijah I (1997). Nutrient Composition of Malaysian Foods, 4th Edition. Institute for Medical Research (IMR), Kuala Lumpur.",1997-01-01,https://myfcd.moh.gov.my/myfcd97/index.php/site/detail_product/110002/0/10/-1/0/0,2026-09-05T23:03:31.124195,per_100g,100.0,g,"10 pieces (LxWxT, 4.5x0.7x0.3 cm)",1.0,2.9,g,264.0,,22.1,60.7,2.3,0.5,0.0,14.4,,,,,,,3969.0,904.0,500.0,786.0,3.0,,,,,0.0,0.17,0.12,13.2,130.0,0.0,1,
MyFCD 1997,110003,"ANCHOVY, DRIED, WHOLE (IKAN BILIS, KERING, BAHAGIAN KESELURUHAN)","Ikan Bilis, Kering, Bahagian Keseluruhan","IKAN BILIS, KERING, BAHAGIAN KESELURUHAN","Fish, shellfish and products","Tee ES, Mohd Ismail N, Mohd Nasir A, Khatijah I (1997). Nutrient Composition of Malaysian Foods, 4th Edition. Institute for Medical Research (IMR), Kuala Lumpur.",1997-01-01,https://myfcd.moh.gov.my/myfcd97/index.php/site/detail_product/110003/0/10/-1/0/0,2026-09-05T23:03:31.157721,per_100g,100.0,g,"20 pieces (LxW, 2.5x0.3 cm)",1.0,1.8,g,259.0,,20.2,56.7,3.1,1.0,0.0,19.0,,,,,,,363.0,679.0,1576.0,855.0,5.3,,,,,0.0,0.15,0.08,3.9,9.0,0.0,1,
MyFCD 1997,110005,"BLADDER, FISH, FRIED (YI-PIU, DIGORENG)","Yi-Piu, Digoreng","YI-PIU, DIGORENG","Fish, shellfish and products","Tee ES, Mohd Ismail N, Mohd Nasir A, Khatijah I (1997). Nutrient Composition of Malaysian Foods, 4th Edition. Institute for Medical Research (IMR), Kuala Lumpur.",1997-01-01,https://myfcd.moh.gov.my/myfcd97/index.php/site/detail_product/110005/0/10/-1/0/0,2026-09-05T23:03:31.185543,per_100g,100.0,g,,,,,544.0,,7.0,73.0,28.0,0.0,0.0,0.3,,,,,,,64.0,17.0,21.0,52.0,2.1,,,,,0.0,0.01,0.0,0.0,74.0,0.0,1,
MyFCD 1997,110006,"BREAM, AFRICAN (TILAPIA) ; TILAPIA MOSSAMBICA",Tilapia,TILAPIA,"Fish, shellfish and products","Tee ES, Mohd Ismail N, Mohd Nasir A, Khatijah I (1997). Nutrient Composition of Malaysian Foods, 4th Edition. Institute for Medical Research (IMR), Kuala Lumpur.",1997-01-01,https://myfcd.moh.gov.my/myfcd97/index.php/site/detail_product/110006/0/10/-1/0/0,2026-09-05T23:03:31.186897,per_100g,100.0,g,"1 piece, tail portion (LxWxT, 12.8x8.3x2 cm)",1.0,39.0,g,95.0,,78.7,16.4,2.7,1.2,0.0,1.0,,,,,,,48.0,253.0,28.0,168.0,1.1,,,,,0.6,0.02,0.26,1.6,21.0,0.0,1,
MyFCD 1997,110004,"BLADDER, FISH, UNSPECIFIED, DRIED (YI-PIU, KERING)","Yi-Piu, Kering","YI-PIU, KERING","Fish, shellfish and products","Tee ES, Mohd Ismail N, Mohd Nasir A, Khatijah I (1997). Nutrient Composition of Malaysian Foods, 4th Edition. Institute for Medical Research (IMR), Kuala Lumpur.",1997-01-01,https://myfcd.moh.gov.my/myfcd97/index.php/site/detail_product/110004/0/10/-1/0/0,2026-09-05T23:03:31.201553,per_100g,100.0,g,"1 piece (LxW, 12x5 cm)",1.0,25.0,g,341.0,,17.1,81.0,1.9,0.0,0.0,0.1,,,,,,,14.0,13.0,19.0,39.0,1.9,,,,,0.0,0.01,0.05,0.0,29.0,0.0,1,
MyFCD 1997,110007,"BREAM, AFRICAN, RED (TILAPIA MERAH) ; TILAPIA SPP.",Tilapia Merah,TILAPIA MERAH,"Fish, shellfish and products","Tee ES, Mohd Ismail N, Mohd Nasir A, Khatijah I (1997). Nutrient Composition of Malaysian Foods, 4th Edition. Institute for Medical Research (IMR), Kuala Lumpur.",1997-01-01,https://myfcd.moh.gov.my/myfcd97/index.php/site/detail_product/110007/0/10/-1/0/0,2026-09-05T23:03:31.225838,per_100g,100.0,g,"1 piece, tail portion (LxWxT, 12.8x8.3x2 cm)",1.0,39.0,g,96.0,,77.0,19.7,1.8,0.3,0.0,1.2,,,,,,,32.0,319.0,26.0,227.0,0.5,,,,,0.9,0.0,0.02,1.3,18.0,0.0,1,
MyFCD 1997,110008,"BREAM, THREADFIN, JAPANESE (KERISI) ; NEMIPTERUS JAPONICUS",Kerisi,KERISI,"Fish, shellfish and products","Tee ES, Mohd Ismail N, Mohd Nasir A, Khatijah I (1997). Nutrient Composition of Malaysian Foods, 4th Edition. Institute for Medical Research (IMR), Kuala Lumpur.",1997-01-01,https://myfcd.moh.gov.my/myfcd97/index.php/site/detail_product/110008/0/10/-1/0/0,2026-09-05T23:03:31.243202,per_100g,100.0,g,"1 piece, tail portion (LxWxT, 15.1x6x2.5 cm)",1.0,52.2,g,97.0,,76.9,18.4,2.1,1.1,0.0,1.5,,,,,,,246.0,279.0,53.0,220.0,0.8,,,,,0.0,0.04,0.07,2.3,21.0,0.0,1,
MyFCD 1997,110009,CARP (TEBAL SISIK) ; PUNTIUS BINOTATUS,Tebal Sisik,TEBAL SISIK,"Fish, shellfish and products","Tee ES, Mohd Ismail N, Mohd Nasir A, Khatijah I (1997). Nutrient Composition of Malaysian Foods, 4th Edition. Institute for Medical Research (IMR), Kuala Lumpur.",1997-01-01,https://myfcd.moh.gov.my/myfcd97/index.php/site/detail_product/110009/0/10/-1/0/0,2026-09-05T23:03:31.278873,per_100g,100.0,g,"1 slice (LxWxT, 10x3x4 cm)",1.0,81.1,g,135.0,,73.7,17.3,6.8,1.2,0.0,1.0,,,,,,,23.0,278.0,25.0,192.0,1.9,,,,,2.3,0.0,0.04,1.0,151.0,0.0,1,
MyFCD 1997,110011,"CARP, COMMON (LEE KOH) ; CYPRINUS CARPIO",Lee Koh,LEE KOH,"Fish, shellfish and products","Tee ES, Mohd Ismail N, Mohd Nasir A, Khatijah I (1997). Nutrient Composition of Malaysian Foods, 4th Edition. Institute for Medical Research (IMR), Kuala Lumpur.",1997-01-01,https://myfcd.moh.gov.my/myfcd97/index.php/site/detail_product/110011/0/10/-1/0/0,2026-09-05T23:03:31.312411,per_100g,100.0,g,"1 slice (LxWxT, 10.5x5x11.6 cm)",1.0,199.3,g,89.0,,79.3,15.6,2.1,1.9,0.0,1.1,,,,,,,67.0,286.0,25.0,206.0,1.6,,,,,0.3,0.0,0.06,2.3,26.0,0.0,1,
MyFCD 1997,110010,"CARP, BIG HEAD (KAP KEPALA BESAR) ; ARISTICHTHYS NOBILIS",Kap Kepala Besar,KAP KEPALA BESAR,"Fish, shellfish and products","Tee ES, Mohd Ismail N, Mohd Nasir A, Khatijah I (1997). Nutrient Composition of Malaysian Foods, 4th Edition. Institute for Medical Research (IMR), Kuala Lumpur.",1997-01-01,https://myfcd.moh.gov.my/myfcd97/index.php/site/detail_product/110010/0/10/-1/0/0,2026-09-05T23:03:31.328798,per_100g,100.0,g,"1 slice (LxWxT,11.8x6.4x8.2 cm)",1.0,302.2,g,127.0,,75.6,16.3,6.8,0.2,0.0,1.1,,,,,,,50.0,211.0,33.0,197.0,1.5,,,,,4.9,0.01,0.05,1.5,12.0,0.0,1,
MyFCD 1997,110012,"CARP, GRASS (KAP RUMPUT) ; CTENOPHARYNGODON IDELLUS",Kap Rumput,KAP RUMPUT,"Fish, shellfish and products","Tee ES, Mohd Ismail N, Mohd Nasir A, Khatijah I (1997). Nutrient Composition of Malaysian Foods, 4th Edition. Institute for Medical Research (IMR), Kuala Lumpur.",1997-01-01,https://myfcd.moh.gov.my/myfcd97/index.php/site/detail_product/110012/0/10/-1/0/0,2026-09-05T23:03:31.333963,per_100g,100.0,g,"1 slice (LxWxT,8x4x3.5 cm)",1.0,68.7,g,100.0,,78.5,16.9,3.6,0.0,0.0,1.0,,,,,,,49.0,178.0,28.0,192.0,1.4,,,,,2.2,0.01,0.05,1.6,39.0,0.0,1,
MyFCD 1997,110014,CATFISH (KELI) ; CLARIAS BATRACHU,Keli,KELI,"Fish, shellfish and products","Tee ES, Mohd Ismail N, Mohd Nasir A, Khatijah I (1997). Nutrient Composition of Malaysian Foods, 4th Edition. Institute for Medical Research (IMR), Kuala Lumpur.",1997-01-01,https://myfcd.moh.gov.my/myfcd97/index.php/site/detail_product/110014/0/10/-1/0/0,2026-09-05T23:03:31.373908,per_100g,100.0,g,"1 piece, tail portion (LxWxT, 15x6x2.5 cm)",1.0,40.0,g,106.0,,76.3,18.3,3.1,1.2,0.0,1.1,,,,,,,33.0,302.0,42.0,211.0,1.6,,,,,1.7,0.06,0.08,2.4,44.0,27.0,1,
MyFCD 1997,110013,"CARP, JAVANESE (LAMPAM JAWA) ; PUNTIUS GONIONOTUS",Lampam Jawa,LAMPAM JAWA,"Fish, shellfish and products","Tee ES, Mohd Ismail N, Mohd Nasir A, Khatijah I (1997). Nutrient Composition of Malaysian Foods, 4th Edition. Institute for Medical Research (IMR), Kuala Lumpur.",1997-01-01,https://myfcd.moh.gov.my/myfcd97/index.php/site/detail_product/110013/0/10/-1/0/0,2026-09-05T23:03:31.377254,per_100g,100.0,g,"1 slice (LxWxT, 10x3x4 cm)",1.0,72.0,g,146.0,,73.6,16.2,9.0,0.1,0.0,1.1,,,,,,,41.0,302.0,35.0,186.0,1.0,,,,,0.5,0.02,0.03,2.2,36.0,0.0,1,
MyFCD 1997,110015,"CATFISH, GIANT SEA (JAHAN) ; NETUMA THALASSINA",Jahan,JAHAN,"Fish, shellfish and products","Tee ES, Mohd Ismail N, Mohd Nasir A, Khatijah I (1997). Nutrient Composition of Malaysian Foods, 4th Edition. Institute for Medical Research (IMR), Kuala Lumpur.",1997-01-01,https://myfcd.moh.gov.my/myfcd97/index.php/site/detail_product/110015/0/10/-1/0/0,2026-09-05T23:03:31.432738,per_100g,100.0,g,"1 slice (LxWxT, 9x4x3 cm)",1.0,60.1,g,78.0,,79.5,18.3,0.2,0.7,0.0,1.3,,,,,,,83.0,434.0,16.0,189.0,0.5,,,,,0.0,0.05,0.08,2.0,19.0,0.0,1,
MyFCD 1997,110018,CATFISH EEL (SEMILANG) ; PLOTOSUS CANIUS,Semilang,SEMILANG,"Fish, shellfish and products","Tee ES, Mohd Ismail N, Mohd Nasir A, Khatijah I (1997). Nutrient Composition of Malaysian Foods, 4th Edition. Institute for Medical Research (IMR), Kuala Lumpur.",1997-01-01,https://myfcd.moh.gov.my/myfcd97/index.php/site/detail_product/110018/0/10/-1/0/0,2026-09-05T23:03:31.460968,per_100g,100.0,g,"1 piece, tail portion (LxWxT, 9x4x4 cm)",1.0,26.2,g,120.0,,75.2,17.5,5.0,1.2,0.0,1.1,,,,,,,76.0,275.0,14.0,177.0,0.8,,,,,1.6,0.01,0.04,1.8,41.0,0.0,1,
MyFCD 1997,110016,"CATFISH, MALAYSIA RIVER (PATIN) ; PANGASIUS PANGASIUS","Catfish, Malaysia River ; Pangasius Pangasius",PATIN,"Fish, shellfish and products","Tee ES, Mohd Ismail N, Mohd Nasir A, Khatijah I (1997). Nutrient Composition of Malaysian Foods, 4th Edition. Institute for Medical Research (IMR), Kuala Lumpur.",1997-01-01,https://myfcd.moh.gov.my/myfcd97/index.php/site/detail_product/110016/0/10/-1/0/0,2026-09-05T23:03:31.469319,per_100g,100.0,g,"1 slice (LxWxT, 9x4x3 cm)",1.0,59.8,g,118.0,,76.2,16.6,5.5,0.6,0.0,1.1,,,,,,,38.0,253.0,11.0,192.0,0.5,,,,,3.1,0.07,0.16,1.6,48.0,6.0,1,
MyFCD 1997,110017,"CATFISH, RIVER (BAUNG) ; MYSTUS NEMURUS",Baung,BAUNG,"Fish, shellfish and products","Tee ES, Mohd Ismail N, Mohd Nasir A, Khatijah I (1997). Nutrient Composition of Malaysian Foods, 4th Edition. Institute for Medical Research (IMR), Kuala Lumpur.",1997-01-01,https://myfcd.moh.gov.my/myfcd97/index.php/site/detail_product/110017/0/10/-1/0/0,2026-09-05T23:03:31.470603,per_100g,100.0,g,"1 piece, tail portion (LxWxT, 20x2.6x4.5 cm)",1.0,41.6,g,83.0,,79.1,17.8,0.9,0.9,0.0,1.3,,,,,,,15.0,296.0,16.0,217.0,1.0,,,,,0.9,0.0,0.05,1.8,109.0,0.0,1,
MyFCD 1997,110020,"COCKLES, FRESH (KERANG) ; ARCA GRANOSA",Kerang,KERANG,"Fish, shellfish and products","Tee ES, Mohd Ismail N, Mohd Nasir A, Khatijah I (1997). Nutrient Composition of Malaysian Foods, 4th Edition. Institute for Medical Research (IMR), Kuala Lumpur.",1997-01-01,https://myfcd.moh.gov.my/myfcd97/index.php/site/detail_product/110020/0/10/-1/0/0,2026-09-05T23:03:31.510494,per_100g,100.0,g,"10 cockles (LxWxT, 3x2x2 cm)",1.0,29.8,g,74.0,,80.0,12.0,1.2,3.9,0.0,2.9,,,,,,,264.0,280.0,238.0,117.0,13.2,,,,,0.0,0.01,0.77,2.8,108.0,79.0,1,
MyFCD 1997,110019,CLAM (LALA),Lala,LALA,"Fish, shellfish and products","Tee ES, Mohd Ismail N, Mohd Nasir A, Khatijah I (1997). Nutrient Composition of Malaysian Foods, 4th Edition. Institute for Medical Research (IMR), Kuala Lumpur.",1997-01-01,https://myfcd.moh.gov.my/myfcd97/index.php/site/detail_product/110019/0/10/-1/0/0,2026-09-05T23:03:31.511430,per_100g,100.0,g,"10 clams (LxWxT, 4.5x2.7x1 cm)",1.0,50.4,g,63.0,,83.1,11.2,1.1,2.0,0.0,2.6,,,,,,,240.0,246.0,118.0,162.0,6.7,,,,,0.0,0.0,0.81,2.6,62.0,0.0,1,
MyFCD 1997,110021,"COCKLES, BOILED 5 MINS. (KERANG, DIREBUS 5 MINIT)","Kerang, Direbus 5 Minit","KERANG, DIREBUS 5 MINIT","Fish, shellfish and products","Tee ES, Mohd Ismail N, Mohd Nasir A, Khatijah I (1997). Nutrient Composition of Malaysian Foods, 4th Edition. Institute for Medical Research (IMR), Kuala Lumpur.",1997-01-01,https://myfcd.moh.gov.my/myfcd97/index.php/site/detail_product/110021/0/10/-1/0/0,2026-09-05T23:03:31.569715,per_100g,100.0,g,"10 cockles (LxWxT, 3x2x2 cm)",1.0,25.9,g,59.0,,84.6,8.5,0.5,5.0,0.0,1.4,,,,,,,350.0,130.0,49.0,49.0,7.9,,,,,0.0,0.02,0.1,1.6,87.0,116.0,1,
MyFCD 1997,110022,"COD, CORAL (KERAPU) ; EPINEPHELUS SEXFASCIATUS",Kerapu,KERAPU,"Fish, shellfish and products","Tee ES, Mohd Ismail N, Mohd Nasir A, Khatijah I (1997). Nutrient Composition of Malaysian Foods, 4th Edition. Institute for Medical Research (IMR), Kuala Lumpur.",1997-01-01,https://myfcd.moh.gov.my/myfcd97/index.php/site/detail_product/110022/0/10/-1/0/0,2026-09-05T23:03:31.634703,per_100g,100.0,g,"1 piece, tail portion (LxWxT, 11x5x2 cm)",1.0,15.3,g,80.0,,79.5,18.4,0.5,0.4,0.0,1.2,,,,,,,109.0,260.0,48.0,184.0,0.4,,,,,1.0,0.15,0.04,1.4,13.0,0.0,1,
MyFCD 1997,110023,"CRAB, BLUE/SEA CRAB, BOILED (KETAM BUNGA, DIREBUS)","Ketam Bunga, Direbus","KETAM BUNGA, DIREBUS","Fish, shellfish and products","Tee ES, Mohd Ismail N, Mohd Nasir A, Khatijah I (1997). Nutrient Composition of Malaysian Foods, 4th Edition. Institute for Medical Research (IMR), Kuala Lumpur.",1997-01-01,https://myfcd.moh.gov.my/myfcd97/index.php/site/detail_product/110023/0/10/-1/0/0,2026-09-05T23:03:31.638718,per_100g,100.0,g,1 whole,1.0,128.4,g,85.0,,78.1,18.0,1.2,0.5,0.0,2.2,,,,,,,322.0,206.0,168.0,226.0,0.6,,,,,0.0,0.02,0.26,2.7,68.0,120.0,1,
MyFCD 1997,110024,"CRAB, SWIMMING/LIVE CRAB, BOILED (KETAM BATU, DIREBUS)","Ketam Batu, Direbus","KETAM BATU, DIREBUS","Fish, shellfish and products","Tee ES, Mohd Ismail N, Mohd Nasir A, Khatijah I (1997). Nutrient Composition of Malaysian Foods, 4th Edition. Institute for Medical Research (IMR), Kuala Lumpur.",1997-01-01,https://myfcd.moh.gov.my/myfcd97/index.php/site/detail_product/110024/0/10/-1/0/0,2026-09-05T23:03:31.642074,per_100g,100.0,g,1 whole,1.0,146.7,g,107.0,,74.1,19.2,2.3,2.3,0.0,2.1,,,,,,,267.0,166.0,226.0,314.0,1.0,,,,,0.0,0.06,0.3,0.9,75.0,248.0,1,
MyFCD 1997,110026,"CUTTLEFISH, DRIED (SOTONG, KERING)","Sotong, Kering","SOTONG, KERING","Fish, shellfish and products","Tee ES, Mohd Ismail N, Mohd Nasir A, Khatijah I (1997). Nutrient Composition of Malaysian Foods, 4th Edition. Institute for Medical Research (IMR), Kuala Lumpur.",1997-01-01,https://myfcd.moh.gov.my/myfcd97/index.php/site/detail_product/110026/0/10/-1/0/0,2026-09-05T23:03:31.658187,per_100g,100.0,g,"1/4 piece, large (LxWxT, 9.5x8x0.5 cm)",1.0,13.3,g,300.0,,23.2,60.6,2.8,8.2,0.0,5.2,,,,,,,1038.0,605.0,96.0,758.0,2.7,,,,,0.0,0.05,0.12,9.7,97.0,0.0,1,
MyFCD 1997,110025,"CUTTLEFISH, FRESH (SOTONG) ; SEPIA OFFICINALIS",Sotong,SOTONG,"Fish, shellfish and products","Tee ES, Mohd Ismail N, Mohd Nasir A, Khatijah I (1997). Nutrient Composition of Malaysian Foods, 4th Edition. Institute for Medical Research (IMR), Kuala Lumpur.",1997-01-01,https://myfcd.moh.gov.my/myfcd97/index.php/site/detail_product/110025/0/10/-1/0/0,2026-09-05T23:03:31.662129,per_100g,100.0,g,"1 whole, medium (body, LxW, 12.5x6 cm)",1.0,81.1,g,76.0,,81.4,15.9,1.3,0.1,0.0,1.3,,,,,,,96.0,80.0,23.0,174.0,1.8,,,,,2.0,0.01,0.1,1.9,26.0,0.0,1,
MyFCD 1997,110027,CUTTLEFISH CRACKERS (KEROPOK SOTONG),Keropok Sotong,KEROPOK SOTONG,"Fish, shellfish and products","Tee ES, Mohd Ismail N, Mohd Nasir A, Khatijah I (1997). Nutrient Composition of Malaysian Foods, 4th Edition. Institute for Medical Research (IMR), Kuala Lumpur.",1997-01-01,https://myfcd.moh.gov.my/myfcd97/index.php/site/detail_product/110027/0/10/-1/0/0,2026-09-05T23:03:31.705222,per_100g,100.0,g,1 small packet,1.0,20.0,g,429.0,,4.1,5.2,10.7,77.9,0.0,2.1,,,,,,,527.0,110.0,46.0,81.0,1.8,,,,,8.7,0.01,0.05,0.8,34.0,0.0,1,
MyFCD 1997,110029,PREPARED CUTTLEFISH SNACK (BRAND LB) (SNEK SOTONG),Brand Lb,BRAND LB,"Fish, shellfish and products","Tee ES, Mohd Ismail N, Mohd Nasir A, Khatijah I (1997). Nutrient Composition of Malaysian Foods, 4th Edition. Institute for Medical Research (IMR), Kuala Lumpur.",1997-01-01,https://myfcd.moh.gov.my/myfcd97/index.php/site/detail_product/110029/0/10/-1/0/0,2026-09-05T23:03:31.756805,per_100g,100.0,g,1 small packet,1.0,40.0,g,296.0,,20.9,62.1,3.1,4.9,0.2,8.8,,,,,,,1352.0,585.0,143.0,717.0,6.5,,,,,1.2,0.02,0.29,7.0,107.0,0.0,1,
MyFCD 1997,110030,DART / LADYFISH / MOONFISH; (NYIOR-NYIOR) ; TRACHINOTUS BLOCHII,Nyior-Nyior,NYIOR-NYIOR,"Fish, shellfish and products","Tee ES, Mohd Ismail N, Mohd Nasir A, Khatijah I (1997). Nutrient Composition of Malaysian Foods, 4th Edition. Institute for Medical Research (IMR), Kuala Lumpur.",1997-01-01,https://myfcd.moh.gov.my/myfcd97/index.php/site/detail_product/110030/0/10/-1/0/0,2026-09-05T23:03:31.776053,per_100g,100.0,g,"1 piece, tail portion (LxWxT, 20x11.5x3 cm)",1.0,94.2,g,95.0,,76.7,21.7,0.9,0.0,0.0,1.3,,,,,,,85.0,455.0,41.0,234.0,0.7,,,,,0.0,0.06,0.16,3.3,21.0,0.0,1,
MyFCD 1997,110028,PREPARED CUTTLEFISH SNACK (BRAND K) (SNEK SOTONG),Brand K,BRAND K,"Fish, shellfish and products","Tee ES, Mohd Ismail N, Mohd Nasir A, Khatijah I (1997). Nutrient Composition of Malaysian Foods, 4th Edition. Institute for Medical Research (IMR), Kuala Lumpur.",1997-01-01,https://myfcd.moh.gov.my/myfcd97/index.php/site/detail_product/110028/0/10/-1/0/0,2026-09-05T23:03:31.790562,per_100g,100.0,g,1 small packet,1.0,40.0,g,353.0,,9.0,37.5,0.8,49.0,0.2,3.5,,,,,,,923.0,271.0,51.0,364.0,4.6,,,,,1.2,0.03,0.08,2.9,46.0,9.0,1,
MyFCD 1997,110031,FEATHERBACK (BELIDA) ; NOTOPTERUS SPP.,Belida,BELIDA,"Fish, shellfish and products","Tee ES, Mohd Ismail N, Mohd Nasir A, Khatijah I (1997). Nutrient Composition of Malaysian Foods, 4th Edition. Institute for Medical Research (IMR), Kuala Lumpur.",1997-01-01,https://myfcd.moh.gov.my/myfcd97/index.php/site/detail_product/110031/0/10/-1/0/0,2026-09-05T23:03:31.791907,per_100g,100.0,g,"1 slice (LxWxT,11x3x4.5 cm)",1.0,59.8,g,105.0,,75.7,20.1,2.5,0.5,0.0,1.2,,,,,,,20.0,260.0,87.0,241.0,0.2,,,,,5.2,0.0,0.03,3.9,92.0,0.0,1,
MyFCD 1997,110032,"FISH, UNSPECIFIED, DRIED, SALTED (IKAN ASIN)",Ikan Asin,IKAN ASIN,"Fish, shellfish and products","Tee ES, Mohd Ismail N, Mohd Nasir A, Khatijah I (1997). Nutrient Composition of Malaysian Foods, 4th Edition. Institute for Medical Research (IMR), Kuala Lumpur.",1997-01-01,https://myfcd.moh.gov.my/myfcd97/index.php/site/detail_product/110032/0/10/-1/0/0,2026-09-05T23:03:31.824663,per_100g,100.0,g,"1 piece (LxWxT, 7x3.5x0.4 cm)",1.0,25.0,g,183.0,,43.2,42.0,1.5,0.4,0.0,12.9,,,,,,,1730.0,242.0,174.0,70.0,1.7,,,,,0.0,0.06,0.31,4.6,0.0,0.0,1,
MyFCD 1997,110033,FISH BALL (BEBOLA IKAN),Bebola Ikan,BEBOLA IKAN,"Fish, shellfish and products","Tee ES, Mohd Ismail N, Mohd Nasir A, Khatijah I (1997). Nutrient Composition of Malaysian Foods, 4th Edition. Institute for Medical Research (IMR), Kuala Lumpur.",1997-01-01,https://myfcd.moh.gov.my/myfcd97/index.php/site/detail_product/110033/0/10/-1/0/0,2026-09-05T23:03:31.844247,per_100g,100.0,g,"5 whole, small (D, 2 cm)",1.0,44.5,g,83.0,,79.8,12.9,3.4,0.2,0.0,2.9,,,,,,,665.0,72.0,57.0,100.0,1.1,,,,,0.0,0.01,0.13,0.8,28.0,0.0,1,
MyFCD 1997,110034,"FISH CURRY, CANNED (KARI IKAN DALAM TIN)","Fish Curry, Canned",KARI IKAN DALAM TIN,"Fish, shellfish and products","Tee ES, Mohd Ismail N, Mohd Nasir A, Khatijah I (1997). Nutrient Composition of Malaysian Foods, 4th Edition. Institute for Medical Research (IMR), Kuala Lumpur.",1997-01-01,https://myfcd.moh.gov.my/myfcd97/index.php/site/detail_product/110034/0/10/-1/0/0,2026-09-05T23:03:31.899741,per_100g,100.0,g,1 tin,1.0,163.4,g,94.0,,76.0,12.1,1.6,7.9,0.0,2.9,,,,,,,646.0,174.0,274.0,254.0,3.7,,,,,0.0,0.09,0.19,1.8,59.0,12.0,1,
MyFCD 1997,110035,"FISH ROE, FRESH (TELUR IKAN KERAPU)",Telur Ikan Kerapu,TELUR IKAN KERAPU,"Fish, shellfish and products","Tee ES, Mohd Ismail N, Mohd Nasir A, Khatijah I (1997). Nutrient Composition of Malaysian Foods, 4th Edition. Institute for Medical Research (IMR), Kuala Lumpur.",1997-01-01,https://myfcd.moh.gov.my/myfcd97/index.php/site/detail_product/110035/0/10/-1/0/0,2026-09-05T23:03:31.933970,per_100g,100.0,g,"1 piece (LxWxT, 11x2.5x1 cm)",1.0,23.0,g,144.0,,69.8,22.4,5.7,0.8,0.0,1.3,,,,,,,146.0,151.0,13.0,301.0,1.8,,,,,3.6,0.0,0.23,0.5,71.0,0.0,1,
MyFCD 1997,110036,FISH,Fish,,"Fish, shellfish and products","Tee ES, Mohd Ismail N, Mohd Nasir A, Khatijah I (1997). Nutrient Composition of Malaysian Foods, 4th Edition. Institute for Medical Research (IMR), Kuala Lumpur.",1997-01-01,https://myfcd.moh.gov.my/myfcd97/index.php/site/detail_product/110036/0/10/-1/0/0,2026-09-05T23:03:31.941933,per_100g,100.0,g,5 sticks,1.0,45.2,g,380.0,,15.2,13.9,12.2,53.7,0.8,4.2,,,,,,,841.0,358.0,81.0,175.0,4.1,,,,,1.2,0.02,0.1,2.0,42.0,0.0,1,
MyFCD 1997,110037,FISH SAUCE (BUDU),Budu,BUDU,"Fish, shellfish and products","Tee ES, Mohd Ismail N, Mohd Nasir A, Khatijah I (1997). Nutrient Composition of Malaysian Foods, 4th Edition. Institute for Medical Research (IMR), Kuala Lumpur.",1997-01-01,https://myfcd.moh.gov.my/myfcd97/index.php/site/detail_product/110037/0/10/-1/0/0,2026-09-05T23:03:31.946202,per_100g,100.0,g,1 tablespoon,1.0,16.3,g,107.0,,57.6,5.1,1.4,18.6,0.0,17.3,,,,,,,6329.0,18.0,384.0,312.0,3.2,,,,,0.0,0.0,0.15,3.2,73.0,37.0,1,
MyFCD 1997,110038,GOBY (KETUTU) ; OXYELEOTRIS MARMORATUS,Ketutu,KETUTU,"Fish, shellfish and products","Tee ES, Mohd Ismail N, Mohd Nasir A, Khatijah I (1997). Nutrient Composition of Malaysian Foods, 4th Edition. Institute for Medical Research (IMR), Kuala Lumpur.",1997-01-01,https://myfcd.moh.gov.my/myfcd97/index.php/site/detail_product/110038/0/10/-1/0/0,2026-09-05T23:03:31.968750,per_100g,100.0,g,"1 piece, tail portion (LxWxT, 11x5x2 cm)",1.0,15.2,g,74.0,,80.9,17.1,0.3,0.7,0.0,1.0,,,,,,,32.0,269.0,29.0,173.0,0.8,,,,,3.5,0.01,0.19,1.1,17.0,0.0,1,
MyFCD 1997,110039,"GOURAMY, GIANT (KALUI) ; OSPHRONEMUS GORAMY",Kalui,KALUI,"Fish, shellfish and products","Tee ES, Mohd Ismail N, Mohd Nasir A, Khatijah I (1997). Nutrient Composition of Malaysian Foods, 4th Edition. Institute for Medical Research (IMR), Kuala Lumpur.",1997-01-01,https://myfcd.moh.gov.my/myfcd97/index.php/site/detail_product/110039/0/10/-1/0/0,2026-09-05T23:03:31.988981,per_100g,100.0,g,"1 piece (LxWxT, 13x3.5x3 cm)",1.0,109.7,g,102.0,,77.4,17.7,3.2,0.6,0.0,1.1,,,,,,,21.0,328.0,24.0,188.0,0.5,,,,,0.7,0.1,0.1,1.4,47.0,0.0,1,
MyFCD 1997,110040,"GOURAMY, SNAKESKIN (SEPAT SIAM) ; TRICHOGASTER PECTORALIS",Sepat Siam,SEPAT SIAM,"Fish, shellfish and products","Tee ES, Mohd Ismail N, Mohd Nasir A, Khatijah I (1997). Nutrient Composition of Malaysian Foods, 4th Edition. Institute for Medical Research (IMR), Kuala Lumpur.",1997-01-01,https://myfcd.moh.gov.my/myfcd97/index.php/site/detail_product/110040/0/10/-1/0/0,2026-09-05T23:03:32.024758,per_100g,100.0,g,,,,,89.0,,78.8,17.9,1.7,0.5,0.0,1.1,,,,,,,10.0,282.0,47.0,198.0,1.3,,,,,2.6,0.09,0.37,1.5,25.0,0.0,1,
MyFCD 1997,110041,"GROUPER, GREASY (KERTANG) ; EPINEPHELUS TAUVINA",Kertang,KERTANG,"Fish, shellfish and products","Tee ES, Mohd Ismail N, Mohd Nasir A, Khatijah I (1997). Nutrient Composition of Malaysian Foods, 4th Edition. Institute for Medical Research (IMR), Kuala Lumpur.",1997-01-01,https://myfcd.moh.gov.my/myfcd97/index.php/site/detail_product/110041/0/10/-1/0/0,2026-09-05T23:03:32.068632,per_100g,100.0,g,"1 whole, small (LxWxT, 22x6.7x2.7 cm)",1.0,35.2,g,82.0,,79.1,19.5,0.4,0.0,0.0,1.2,,,,,,,76.0,344.0,64.0,180.0,0.5,,,,,0.0,0.03,0.1,1.6,10.0,0.0,1,
MyFCD 1997,110043,"HALIBUT, INDIAN (SABELAH) ; PSETTODES ERUMEI",Sabelah,SABELAH,"Fish, shellfish and products","Tee ES, Mohd Ismail N, Mohd Nasir A, Khatijah I (1997). Nutrient Composition of Malaysian Foods, 4th Edition. Institute for Medical Research (IMR), Kuala Lumpur.",1997-01-01,https://myfcd.moh.gov.my/myfcd97/index.php/site/detail_product/110043/0/10/-1/0/0,2026-09-05T23:03:32.069574,per_100g,100.0,g,"1 piece (LxWxT, 11x2.8x4.5 cm)",1.0,60.0,g,81.0,,78.6,19.4,0.2,0.5,0.0,1.3,,,,,,,101.0,420.0,43.0,216.0,0.4,,,,,0.0,0.04,0.06,3.4,25.0,0.0,1,
MyFCD 1997,110042,"GRUNTER, SILVER (GERUT-GERUT) ; POMADASYS HASTA",Gerut-Gerut,GERUT-GERUT,"Fish, shellfish and products","Tee ES, Mohd Ismail N, Mohd Nasir A, Khatijah I (1997). Nutrient Composition of Malaysian Foods, 4th Edition. Institute for Medical Research (IMR), Kuala Lumpur.",1997-01-01,https://myfcd.moh.gov.my/myfcd97/index.php/site/detail_product/110042/0/10/-1/0/0,2026-09-05T23:03:32.071120,per_100g,100.0,g,"1 piece, tail portion (LxWxT, 12x6.3x2.4 cm)",1.0,25.5,g,84.0,,78.3,19.5,0.4,0.5,0.0,1.3,,,,,,,58.0,460.0,23.0,219.0,0.7,,,,,0.0,0.01,0.1,3.1,15.0,5.0,1,
MyFCD 1997,110044,"HERRING, ROUND (TAMBAN BULAT) ; DUSSUMIERIA HASSELTI",Tamban Bulat,TAMBAN BULAT,"Fish, shellfish and products","Tee ES, Mohd Ismail N, Mohd Nasir A, Khatijah I (1997). Nutrient Composition of Malaysian Foods, 4th Edition. Institute for Medical Research (IMR), Kuala Lumpur.",1997-01-01,https://myfcd.moh.gov.my/myfcd97/index.php/site/detail_product/110044/0/10/-1/0/0,2026-09-05T23:03:32.108807,per_100g,100.0,g,"1 whole, medium (LxWxT, 15x3x2 cm)",1.0,39.2,g,118.0,,73.7,21.5,3.5,0.0,0.0,1.4,,,,,,,97.0,318.0,77.0,274.0,1.3,,,,,0.0,0.13,0.29,4.2,24.0,0.0,1,
MyFCD 1997,110045,"HERRING, WOLF (IKAN PARANG) ; CHIROCENTRUS DORAB",Ikan Parang,IKAN PARANG,"Fish, shellfish and products","Tee ES, Mohd Ismail N, Mohd Nasir A, Khatijah I (1997). Nutrient Composition of Malaysian Foods, 4th Edition. Institute for Medical Research (IMR), Kuala Lumpur.",1997-01-01,https://myfcd.moh.gov.my/myfcd97/index.php/site/detail_product/110045/0/10/-1/0/0,2026-09-05T23:03:32.109359,per_100g,100.0,g,"1 slice (LxWxT, 10x2.5x12 cm)",1.0,194.0,g,102.0,,75.6,20.4,1.9,0.7,0.0,1.4,,,,,,,67.0,276.0,51.0,261.0,0.8,,,,,0.9,0.04,0.04,2.7,26.0,0.0,1,
MyFCD 1997,110047,"JEWFISH, BROWN (GELAMA KLING) ; SCIAENA DUSSUMIERI",Gelama Kling,GELAMA KLING,"Fish, shellfish and products","Tee ES, Mohd Ismail N, Mohd Nasir A, Khatijah I (1997). Nutrient Composition of Malaysian Foods, 4th Edition. Institute for Medical Research (IMR), Kuala Lumpur.",1997-01-01,https://myfcd.moh.gov.my/myfcd97/index.php/site/detail_product/110047/0/10/-1/0/0,2026-09-05T23:03:32.199100,per_100g,100.0,g,"1 piece, tail portion (LxWxT, 10.1x7x3 cm)",1.0,10.9,g,93.0,,77.3,19.4,1.5,0.4,0.0,1.4,,,,,,,129.0,340.0,42.0,191.0,0.4,,,,,0.0,0.1,0.16,2.0,29.0,0.0,1,
MyFCD 1997,110046,JELAWAT (JELAWAT) ; LEPTOBARBUS HOEVENII,Jelawat,JELAWAT,"Fish, shellfish and products","Tee ES, Mohd Ismail N, Mohd Nasir A, Khatijah I (1997). Nutrient Composition of Malaysian Foods, 4th Edition. Institute for Medical Research (IMR), Kuala Lumpur.",1997-01-01,https://myfcd.moh.gov.my/myfcd97/index.php/site/detail_product/110046/0/10/-1/0/0,2026-09-05T23:03:32.205502,per_100g,100.0,g,"1 slice (LxWxT, 8x4x3.5 cm)",1.0,68.1,g,220.0,,66.6,17.3,16.7,0.0,0.0,1.0,,,,,,,34.0,297.0,32.0,181.0,0.6,,,,,1.9,0.0,0.02,2.2,23.0,0.0,1,
MyFCD 1997,110049,KISSING GOURAMY (TEMAKANG) ; HELOSTOMA TEMMINCKI,Temakang,TEMAKANG,"Fish, shellfish and products","Tee ES, Mohd Ismail N, Mohd Nasir A, Khatijah I (1997). Nutrient Composition of Malaysian Foods, 4th Edition. Institute for Medical Research (IMR), Kuala Lumpur.",1997-01-01,https://myfcd.moh.gov.my/myfcd97/index.php/site/detail_product/110049/0/10/-1/0/0,2026-09-05T23:03:32.243777,per_100g,100.0,g,"1 piece, tail portion (LxWxT, 9x2.5x11 cm)",1.0,47.5,g,85.0,,78.3,19.8,0.6,0.0,0.0,1.3,,,,,,,18.0,303.0,77.0,241.0,0.8,,,,,3.1,0.03,0.46,3.0,38.0,0.0,1,
MyFCD 1997,110048,"JEWFISH, SILVER (GELAMA PAPAN) ; JOHNIUS (PREUDOSCIAENA) SOLDADO",Gelama Papan,GELAMA PAPAN,"Fish, shellfish and products","Tee ES, Mohd Ismail N, Mohd Nasir A, Khatijah I (1997). Nutrient Composition of Malaysian Foods, 4th Edition. Institute for Medical Research (IMR), Kuala Lumpur.",1997-01-01,https://myfcd.moh.gov.my/myfcd97/index.php/site/detail_product/110048/0/10/-1/0/0,2026-09-05T23:03:32.245019,per_100g,100.0,g,"1 piece, tail portion (LxWxT, 11x6.5x3 cm)",1.0,12.8,g,97.0,,76.8,18.7,1.9,1.2,0.0,1.4,,,,,,,91.0,405.0,34.0,211.0,0.4,,,,,0.0,0.08,0.14,2.7,19.0,0.0,1,
MyFCD 1997,110050,LOBSTER (UDANG GALAH) ; MACROBRACHIUM ROSENBERGI,Udang Galah,UDANG GALAH,"Fish, shellfish and products","Tee ES, Mohd Ismail N, Mohd Nasir A, Khatijah I (1997). Nutrient Composition of Malaysian Foods, 4th Edition. Institute for Medical Research (IMR), Kuala Lumpur.",1997-01-01,https://myfcd.moh.gov.my/myfcd97/index.php/site/detail_product/110050/0/10/-1/0/0,2026-09-05T23:03:32.266495,per_100g,100.0,g,"1 whole, medium piece (LxW, 15x3.3 cm)",1.0,27.0,g,83.0,,74.7,18.0,1.0,0.5,0.0,1.3,,,,,,,97.0,209.0,50.0,200.0,0.0,,,,,5.0,0.1,0.13,2.1,29.0,95.0,1,
MyFCD 1997,110051,LONG TONGUE SOLE (LIDAH PASIR) ; CYNOGLOSSUS LINGUA,Lidah Pasir,LIDAH PASIR,"Fish, shellfish and products","Tee ES, Mohd Ismail N, Mohd Nasir A, Khatijah I (1997). Nutrient Composition of Malaysian Foods, 4th Edition. Institute for Medical Research (IMR), Kuala Lumpur.",1997-01-01,https://myfcd.moh.gov.my/myfcd97/index.php/site/detail_product/110051/0/10/-1/0/0,2026-09-05T23:03:32.288320,per_100g,100.0,g,"1 piece (LxWxT, 6.5x1.2x3.5 cm)",1.0,19.0,g,77.0,,80.0,18.0,0.4,0.3,0.0,1.3,,,,,,,230.0,206.0,33.0,151.0,0.4,,,,,0.8,0.01,0.14,1.0,10.0,0.0,1,
MyFCD 1997,110053,"MACKEREL, INDIAN (KEMBONG) ; RASTRELLIGER KANAGURTA",Kembong,KEMBONG,"Fish, shellfish and products","Tee ES, Mohd Ismail N, Mohd Nasir A, Khatijah I (1997). Nutrient Composition of Malaysian Foods, 4th Edition. Institute for Medical Research (IMR), Kuala Lumpur.",1997-01-01,https://myfcd.moh.gov.my/myfcd97/index.php/site/detail_product/110053/0/10/-1/0/0,2026-09-05T23:03:32.491819,per_100g,100.0,g,"1 piece, tail portion (LxWxT, 11.7x6x2.5 cm)",1.0,30.9,g,122.0,,73.1,20.9,3.9,0.7,0.0,1.4,,,,,,,59.0,370.0,48.0,263.0,1.8,,,,,0.0,0.09,0.14,4.7,25.0,4.0,1,
MyFCD 1997,110052,"MACKEREL, BARRED SPANISH (TENGGIRI BATANG) ; SCOMBEROMORUS COMMERSONII",Tenggiri Batang,TENGGIRI BATANG,"Fish, shellfish and products","Tee ES, Mohd Ismail N, Mohd Nasir A, Khatijah I (1997). Nutrient Composition of Malaysian Foods, 4th Edition. Institute for Medical Research (IMR), Kuala Lumpur.",1997-01-01,https://myfcd.moh.gov.my/myfcd97/index.php/site/detail_product/110052/0/10/-1/0/0,2026-09-05T23:03:32.500342,per_100g,100.0,g,"1 slice (LxWxT, 6.5x2x11 cm)",1.0,133.6,g,109.0,,75.5,21.5,2.6,0.0,0.0,1.4,,,,,,,67.0,324.0,25.0,231.0,0.5,,,,,0.0,0.06,0.31,3.2,22.0,0.0,1,
MyFCD 1997,110056,"OYSTER, WITHOUT SHELL (TIRAM) ; OSTREA SPP.",Tiram,TIRAM,"Fish, shellfish and products","Tee ES, Mohd Ismail N, Mohd Nasir A, Khatijah I (1997). Nutrient Composition of Malaysian Foods, 4th Edition. Institute for Medical Research (IMR), Kuala Lumpur.",1997-01-01,https://myfcd.moh.gov.my/myfcd97/index.php/site/detail_product/110056/0/10/-1/0/0,2026-09-05T23:03:32.515110,per_100g,100.0,g,"10 oysters, small (LxWxT, 1.5x1.7x0.3 cm)",1.0,12.0,g,64.0,,85.2,9.0,2.0,2.4,0.0,1.4,,,,,,,19.0,15.0,140.0,111.0,6.1,,,,,14.0,0.24,0.22,2.6,82.0,0.0,1,
MyFCD 1997,110055,"MULLET, BLUETAIL (BELANAK) ; VALAMUGIL SEHELI",Belanak,BELANAK,"Fish, shellfish and products","Tee ES, Mohd Ismail N, Mohd Nasir A, Khatijah I (1997). Nutrient Composition of Malaysian Foods, 4th Edition. Institute for Medical Research (IMR), Kuala Lumpur.",1997-01-01,https://myfcd.moh.gov.my/myfcd97/index.php/site/detail_product/110055/0/10/-1/0/0,2026-09-05T23:03:32.516649,per_100g,100.0,g,"1 piece, tail portion (LxWxT, 7.2x3.3x2 cm)",1.0,8.7,g,118.0,,74.5,18.9,4.2,1.2,0.0,1.2,,,,,,,58.0,323.0,39.0,213.0,1.2,,,,,0.0,0.01,0.29,2.6,31.0,0.0,1,
MyFCD 1997,110054,"MACKEREL, SPANISH (TENGGIRI) ; SCOMBEROMORUS GUTTATUS",Tenggiri,TENGGIRI,"Fish, shellfish and products","Tee ES, Mohd Ismail N, Mohd Nasir A, Khatijah I (1997). Nutrient Composition of Malaysian Foods, 4th Edition. Institute for Medical Research (IMR), Kuala Lumpur.",1997-01-01,https://myfcd.moh.gov.my/myfcd97/index.php/site/detail_product/110054/0/10/-1/0/0,2026-09-05T23:03:32.518395,per_100g,100.0,g,"1 piece, tail portion (LxWxT, 22x7x3.5 cm)",1.0,99.3,g,101.0,,75.9,19.0,1.9,1.9,0.0,1.3,,,,,,,73.0,170.0,18.0,217.0,1.1,,,,,0.0,0.04,0.08,1.9,18.0,0.0,1,
MyFCD 1997,110057,"OYSTER, SAUCE (SOS TIRAM)",Sos Tiram,SOS TIRAM,"Fish, shellfish and products","Tee ES, Mohd Ismail N, Mohd Nasir A, Khatijah I (1997). Nutrient Composition of Malaysian Foods, 4th Edition. Institute for Medical Research (IMR), Kuala Lumpur.",1997-01-01,https://myfcd.moh.gov.my/myfcd97/index.php/site/detail_product/110057/0/10/-1/0/0,2026-09-05T23:03:32.534912,per_100g,100.0,g,1 tablespoon,1.0,19.9,g,86.0,,69.0,3.3,0.5,17.1,0.0,10.1,,,,,,,3917.0,69.0,17.0,30.0,0.5,,,,,0.0,0.01,0.13,0.8,6.0,0.0,1,
MyFCD 1997,110058,PAINTED SWEETLIP (KACI) ; SPILOTICHTHYS PICTUS,Kaci,KACI,"Fish, shellfish and products","Tee ES, Mohd Ismail N, Mohd Nasir A, Khatijah I (1997). Nutrient Composition of Malaysian Foods, 4th Edition. Institute for Medical Research (IMR), Kuala Lumpur.",1997-01-01,https://myfcd.moh.gov.my/myfcd97/index.php/site/detail_product/110058/0/10/-1/0/0,2026-09-05T23:03:32.595109,per_100g,100.0,g,"1 piece (LxWxT, 6x2x15 cm)",1.0,135.2,g,83.0,,78.2,19.8,0.2,0.5,0.0,1.3,,,,,,,84.0,365.0,39.0,211.0,0.4,,,,,0.0,0.01,0.09,3.1,29.0,0.0,1,
MyFCD 1997,110059,"PERCH, CLIMBING (PUYU / BETOK) ; ANABAS TESTUDINEUS",Puyu / Betok,PUYU / BETOK,"Fish, shellfish and products","Tee ES, Mohd Ismail N, Mohd Nasir A, Khatijah I (1997). Nutrient Composition of Malaysian Foods, 4th Edition. Institute for Medical Research (IMR), Kuala Lumpur.",1997-01-01,https://myfcd.moh.gov.my/myfcd97/index.php/site/detail_product/110059/0/10/-1/0/0,2026-09-05T23:03:32.598814,per_100g,100.0,g,,,,,147.0,,72.2,18.3,8.2,0.1,0.0,1.2,,,,,,,25.0,268.0,89.0,211.0,1.8,,,,,1.0,0.04,0.46,2.1,46.0,0.0,1,
MyFCD 1997,110060,"PERCH, GIANT SEA (SIAKAP) ; LATES CALCARIFER",Siakap,SIAKAP,"Fish, shellfish and products","Tee ES, Mohd Ismail N, Mohd Nasir A, Khatijah I (1997). Nutrient Composition of Malaysian Foods, 4th Edition. Institute for Medical Research (IMR), Kuala Lumpur.",1997-01-01,https://myfcd.moh.gov.my/myfcd97/index.php/site/detail_product/110060/0/10/-1/0/0,2026-09-05T23:03:32.621834,per_100g,100.0,g,"1 slice (LxWxT, 8.5x3.5x2.6 cm)",1.0,54.8,g,83.0,,78.1,19.5,0.1,1.0,0.0,1.3,,,,,,,76.0,416.0,28.0,220.0,0.4,,,,,0.0,0.2,0.2,2.4,14.0,0.0,1,
MyFCD 1997,110061,"PERCH, SEA (SIAKAP) ; LATES CALCARIFER",Siakap,SIAKAP,"Fish, shellfish and products","Tee ES, Mohd Ismail N, Mohd Nasir A, Khatijah I (1997). Nutrient Composition of Malaysian Foods, 4th Edition. Institute for Medical Research (IMR), Kuala Lumpur.",1997-01-01,https://myfcd.moh.gov.my/myfcd97/index.php/site/detail_product/110061/0/10/-1/0/0,2026-09-05T23:03:32.623285,per_100g,100.0,g,"1 whole, medium (LxWxT, 30x7x3 cm)",1.0,180.6,g,109.0,,75.4,20.1,3.1,0.2,0.0,1.2,,,,,,,35.0,301.0,26.0,195.0,0.5,,,,,0.0,0.05,0.1,2.0,16.0,0.0,1,
MyFCD 1997,110063,"POMFRET, CHINESE (BAWAL TAMBAK) ; PAMPUS CHINENSIS",Bawal Tambak,BAWAL TAMBAK,"Fish, shellfish and products","Tee ES, Mohd Ismail N, Mohd Nasir A, Khatijah I (1997). Nutrient Composition of Malaysian Foods, 4th Edition. Institute for Medical Research (IMR), Kuala Lumpur.",1997-01-01,https://myfcd.moh.gov.my/myfcd97/index.php/site/detail_product/110063/0/10/-1/0/0,2026-09-05T23:03:32.625702,per_100g,100.0,g,"1 piece, tail portion (LxWxT, 3.5x13x3 cm)",1.0,52.2,g,96.0,,78.4,17.7,2.8,0.0,0.0,1.3,,,,,,,153.0,283.0,28.0,217.0,0.2,,,,,0.0,0.6,0.1,1.9,47.0,0.0,1,
MyFCD 1997,110062,"POMFRET, BLACK (BAWAL HITAM) ; PARASTROMATEUS NIGER",Bawal Hitam,BAWAL HITAM,"Fish, shellfish and products","Tee ES, Mohd Ismail N, Mohd Nasir A, Khatijah I (1997). Nutrient Composition of Malaysian Foods, 4th Edition. Institute for Medical Research (IMR), Kuala Lumpur.",1997-01-01,https://myfcd.moh.gov.my/myfcd97/index.php/site/detail_product/110062/0/10/-1/0/0,2026-09-05T23:03:32.635918,per_100g,100.0,g,"1 piece, tail portion (LxWxT, 3.5x13x3 cm)",1.0,52.2,g,95.0,,76.5,20.3,1.4,0.4,0.0,1.4,,,,,,,57.0,226.0,39.0,237.0,0.5,,,,,0.0,0.28,0.18,4.2,48.0,0.0,1,
MyFCD 1997,110065,"PONYFISH, GREATER (KIKEK GEDEBANG) ; LEIOGNATHUS EQUULUS",Kikek Gedebang,KIKEK GEDEBANG,"Fish, shellfish and products","Tee ES, Mohd Ismail N, Mohd Nasir A, Khatijah I (1997). Nutrient Composition of Malaysian Foods, 4th Edition. Institute for Medical Research (IMR), Kuala Lumpur.",1997-01-01,https://myfcd.moh.gov.my/myfcd97/index.php/site/detail_product/110065/0/10/-1/0/0,2026-09-05T23:03:32.691793,per_100g,100.0,g,"5 whole, small (LxWxT, 11x5.5x1 cm)",1.0,108.2,g,77.0,,79.8,19.3,0.0,0.0,0.0,1.4,,,,,,,99.0,227.0,54.0,213.0,0.6,,,,,0.0,0.01,0.07,2.8,12.0,0.0,1,
MyFCD 1997,110064,"POMFRET, WHITE (BAWAL PUTIH) ; PAMPUS ARGENTEUS",Bawal Putih,BAWAL PUTIH,"Fish, shellfish and products","Tee ES, Mohd Ismail N, Mohd Nasir A, Khatijah I (1997). Nutrient Composition of Malaysian Foods, 4th Edition. Institute for Medical Research (IMR), Kuala Lumpur.",1997-01-01,https://myfcd.moh.gov.my/myfcd97/index.php/site/detail_product/110064/0/10/-1/0/0,2026-09-05T23:03:32.712861,per_100g,100.0,g,"1 piece, tail portion (LxWxT, 16x12.3x2.2 cm)",1.0,63.8,g,113.0,,76.1,19.3,4.0,0.0,0.0,1.2,,,,,,,123.0,316.0,16.0,182.0,0.5,,,,,0.6,0.19,0.09,1.9,27.0,0.0,1,
MyFCD 1997,110068,PRAWN CRACKERS (KEROPOK UDANG),Keropok Udang,KEROPOK UDANG,"Fish, shellfish and products","Tee ES, Mohd Ismail N, Mohd Nasir A, Khatijah I (1997). Nutrient Composition of Malaysian Foods, 4th Edition. Institute for Medical Research (IMR), Kuala Lumpur.",1997-01-01,https://myfcd.moh.gov.my/myfcd97/index.php/site/detail_product/110068/0/10/-1/0/0,2026-09-05T23:03:32.734338,per_100g,100.0,g,1 small packet,1.0,25.0,g,424.0,,3.3,6.2,9.8,77.7,0.0,3.0,,,,,,,750.0,116.0,94.0,98.0,1.1,,,,,7.0,0.03,0.05,1.0,58.0,0.0,1,
MyFCD 1997,110066,"PRAWN, PINK (UDANG MERAH ROS) ; METAPENAEUS AFFINIS",Udang Merah Ros,UDANG MERAH ROS,"Fish, shellfish and products","Tee ES, Mohd Ismail N, Mohd Nasir A, Khatijah I (1997). Nutrient Composition of Malaysian Foods, 4th Edition. Institute for Medical Research (IMR), Kuala Lumpur.",1997-01-01,https://myfcd.moh.gov.my/myfcd97/index.php/site/detail_product/110066/0/10/-1/0/0,2026-09-05T23:03:32.735430,per_100g,100.0,g,"5 whole, medium (LxW, 11x1.4 cm)",1.0,32.5,g,75.0,,80.5,17.2,0.3,0.9,0.0,1.1,,,,,,,105.0,186.0,60.0,222.0,1.0,,,,,0.0,0.07,0.04,2.7,31.0,0.0,1,
MyFCD 1997,110069,PRAWN PASTE (HAY-KO),Hay-Ko,HAY-KO,"Fish, shellfish and products","Tee ES, Mohd Ismail N, Mohd Nasir A, Khatijah I (1997). Nutrient Composition of Malaysian Foods, 4th Edition. Institute for Medical Research (IMR), Kuala Lumpur.",1997-01-01,https://myfcd.moh.gov.my/myfcd97/index.php/site/detail_product/110069/0/10/-1/0/0,2026-09-05T23:03:32.740557,per_100g,100.0,g,1 tablespoon,1.0,16.4,g,155.0,,28.0,30.0,3.9,31.4,0.0,6.7,,,,,,,1742.0,332.0,338.0,86.0,24.6,,,,,0.0,0.0,0.1,0.3,105.0,0.0,1,
MyFCD 1997,110067,"PRAWN, SALTED, DRIED (UDANG KERING)",Udang Kering,UDANG KERING,"Fish, shellfish and products","Tee ES, Mohd Ismail N, Mohd Nasir A, Khatijah I (1997). Nutrient Composition of Malaysian Foods, 4th Edition. Institute for Medical Research (IMR), Kuala Lumpur.",1997-01-01,https://myfcd.moh.gov.my/myfcd97/index.php/site/detail_product/110067/0/10/-1/0/0,2026-09-05T23:03:32.749957,per_100g,100.0,g,1 tablespoon,1.0,10.0,g,229.0,,32.9,51.7,1.8,1.4,0.0,12.2,,,,,,,2554.0,631.0,205.0,727.0,14.1,,,,,0.0,0.06,0.31,4.6,84.0,0.0,1,
MyFCD 1997,110070,QUEENFISH (TALANG) ; CHORINEMUS LYSAN,Talang,TALANG,"Fish, shellfish and products","Tee ES, Mohd Ismail N, Mohd Nasir A, Khatijah I (1997). Nutrient Composition of Malaysian Foods, 4th Edition. Institute for Medical Research (IMR), Kuala Lumpur.",1997-01-01,https://myfcd.moh.gov.my/myfcd97/index.php/site/detail_product/110070/0/10/-1/0/0,2026-09-05T23:03:32.790474,per_100g,100.0,g,"1 piece, tail portion (LxWxT, 13x7x3 cm)",1.0,53.4,g,94.0,,76.2,20.5,1.1,0.6,0.0,1.6,,,,,,,81.0,331.0,146.0,319.0,0.7,,,,,1.2,0.18,0.13,3.8,14.0,0.0,1,
MyFCD 1997,110071,"RABBITFISH, STREAKED (DENGKIS) ; SIGANUS JAVUS",Dengkis,DENGKIS,"Fish, shellfish and products","Tee ES, Mohd Ismail N, Mohd Nasir A, Khatijah I (1997). Nutrient Composition of Malaysian Foods, 4th Edition. Institute for Medical Research (IMR), Kuala Lumpur.",1997-01-01,https://myfcd.moh.gov.my/myfcd97/index.php/site/detail_product/110071/0/10/-1/0/0,2026-09-05T23:03:32.814330,per_100g,100.0,g,"1 piece (LxWxT, 3.5x12x1.5 cm)",1.0,60.6,g,90.0,,77.4,20.2,0.8,0.4,0.0,1.2,,,,,,,66.0,342.0,23.0,203.0,0.3,,,,,0.0,0.13,0.44,3.4,20.0,0.0,1,
MyFCD 1997,110074,SARDINE (PUCUK TAMBAN) ; CLUPEOIDES SPP.,Pucuk Tamban,PUCUK TAMBAN,"Fish, shellfish and products","Tee ES, Mohd Ismail N, Mohd Nasir A, Khatijah I (1997). Nutrient Composition of Malaysian Foods, 4th Edition. Institute for Medical Research (IMR), Kuala Lumpur.",1997-01-01,https://myfcd.moh.gov.my/myfcd97/index.php/site/detail_product/110074/0/10/-1/0/0,2026-09-05T23:03:32.851528,per_100g,100.0,g,"2 whole, small (LxWxT, 18x3.5x2 cm)",1.0,61.8,g,118.0,,73.7,21.5,3.5,0.0,0.0,1.4,,,,,,,97.0,318.0,77.0,274.0,1.3,,,,,0.0,0.13,0.29,4.2,24.0,0.0,1,
MyFCD 1997,110072,RIBBONFISH (TIMAH) ; TRICHIURUS HAUMELA,Timah,TIMAH,"Fish, shellfish and products","Tee ES, Mohd Ismail N, Mohd Nasir A, Khatijah I (1997). Nutrient Composition of Malaysian Foods, 4th Edition. Institute for Medical Research (IMR), Kuala Lumpur.",1997-01-01,https://myfcd.moh.gov.my/myfcd97/index.php/site/detail_product/110072/0/10/-1/0/0,2026-09-05T23:03:32.853185,per_100g,100.0,g,"1 piece, tail portion (LxWxT, 23.5x4x1 cm)",1.0,13.8,g,88.0,,78.4,19.1,1.2,0.1,0.0,1.2,,,,,,,105.0,280.0,32.0,197.0,0.5,,,,,0.0,0.11,0.09,0.2,15.0,0.0,1,
MyFCD 1997,110075,"SARDINE, CANNED (SARDINE DALAM TIN)","Sardine, Canned",SARDINE DALAM TIN,"Fish, shellfish and products","Tee ES, Mohd Ismail N, Mohd Nasir A, Khatijah I (1997). Nutrient Composition of Malaysian Foods, 4th Edition. Institute for Medical Research (IMR), Kuala Lumpur.",1997-01-01,https://myfcd.moh.gov.my/myfcd97/index.php/site/detail_product/110075/0/10/-1/0/0,2026-09-05T23:03:32.854752,per_100g,100.0,g,"1 piece (LxWxT, 3.5x2.5x8 cm)",1.0,34.1,g,117.0,,75.2,15.4,5.3,1.8,0.0,2.3,,,,,,,307.0,1637.0,234.0,159.0,2.7,,,,,5.9,0.02,0.32,3.5,242.0,857.0,1,
MyFCD 1997,110073,ROHU (ROHU) ; LABEO ROHITA,Rohu,ROHU,"Fish, shellfish and products","Tee ES, Mohd Ismail N, Mohd Nasir A, Khatijah I (1997). Nutrient Composition of Malaysian Foods, 4th Edition. Institute for Medical Research (IMR), Kuala Lumpur.",1997-01-01,https://myfcd.moh.gov.my/myfcd97/index.php/site/detail_product/110073/0/10/-1/0/0,2026-09-05T23:03:32.879816,per_100g,100.0,g,"1 whole, small (LxWxT, 42x10x4.5 cm)",1.0,339.5,g,87.0,,79.2,16.9,1.5,1.4,0.0,1.0,,,,,,,32.0,86.0,19.0,174.0,1.2,,,,,0.0,0.01,0.08,2.7,5.0,0.0,1,
MyFCD 1997,110076,"SCAD, HAIRTAIL (CINCARU) ; MEGALASPIS CORDYLA",Cincaru,CINCARU,"Fish, shellfish and products","Tee ES, Mohd Ismail N, Mohd Nasir A, Khatijah I (1997). Nutrient Composition of Malaysian Foods, 4th Edition. Institute for Medical Research (IMR), Kuala Lumpur.",1997-01-01,https://myfcd.moh.gov.my/myfcd97/index.php/site/detail_product/110076/0/10/-1/0/0,2026-09-05T23:03:32.897480,per_100g,100.0,g,"1 piece, tail portion (LxWxT, 19x7x3.5 cm)",1.0,64.9,g,102.0,,74.8,20.4,1.3,2.1,0.0,1.4,,,,,,,72.0,263.0,64.0,277.0,2.5,,,,,0.0,0.05,0.25,3.6,29.0,0.0,1,
MyFCD 1997,110077,"SCAD, HAIRTAIL, DRIED (CINCARU, KERING)","Cincaru, Kering","CINCARU, KERING","Fish, shellfish and products","Tee ES, Mohd Ismail N, Mohd Nasir A, Khatijah I (1997). Nutrient Composition of Malaysian Foods, 4th Edition. Institute for Medical Research (IMR), Kuala Lumpur.",1997-01-01,https://myfcd.moh.gov.my/myfcd97/index.php/site/detail_product/110077/0/10/-1/0/0,2026-09-05T23:03:32.926167,per_100g,100.0,g,"1 piece, tail portion (LxWxT, 4x1.2 cm)",1.0,15.0,g,167.0,,45.7,36.3,2.0,0.0,0.0,16.5,,,,,,,5924.0,228.0,98.0,159.0,3.3,,,,,0.0,0.03,0.11,5.3,71.0,0.0,1,
MyFCD 1997,110078,"SCAD, ONE-FINLET (SELAR GELEK) ; SELAR (ATULE) MATE",Selar Gelek,SELAR GELEK,"Fish, shellfish and products","Tee ES, Mohd Ismail N, Mohd Nasir A, Khatijah I (1997). Nutrient Composition of Malaysian Foods, 4th Edition. Institute for Medical Research (IMR), Kuala Lumpur.",1997-01-01,https://myfcd.moh.gov.my/myfcd97/index.php/site/detail_product/110078/0/10/-1/0/0,2026-09-05T23:03:32.964868,per_100g,100.0,g,"1 piece, tail portion (LxWxT, 14x6.5x3 cm)",1.0,43.2,g,93.0,,76.8,20.6,1.1,0.2,0.0,1.3,,,,,,,52.0,300.0,77.0,101.0,1.1,,,,,0.9,0.08,0.1,3.2,30.0,0.0,1,
MyFCD 1997,110080,"SEA PIKE, BLUNT-JAWED (KACANG-KACANG) ; SPHYRAENA OBTUSATA",Kacang-Kacang,KACANG-KACANG,"Fish, shellfish and products","Tee ES, Mohd Ismail N, Mohd Nasir A, Khatijah I (1997). Nutrient Composition of Malaysian Foods, 4th Edition. Institute for Medical Research (IMR), Kuala Lumpur.",1997-01-01,https://myfcd.moh.gov.my/myfcd97/index.php/site/detail_product/110080/0/10/-1/0/0,2026-09-05T23:03:32.965843,per_100g,100.0,g,"1 whole, medium (LxWxT, 33x4.6x3 cm)",1.0,122.8,g,87.0,,78.3,20.0,0.8,0.0,0.0,1.4,,,,,,,95.0,381.0,30.0,227.0,0.4,,,,,0.0,0.06,0.15,2.5,18.0,0.0,1,
MyFCD 1997,110079,"SCAD, YELLOWTAIL (PELATA) ; CARANX (ALEPES) DJEDDABA",Pelata,PELATA,"Fish, shellfish and products","Tee ES, Mohd Ismail N, Mohd Nasir A, Khatijah I (1997). Nutrient Composition of Malaysian Foods, 4th Edition. Institute for Medical Research (IMR), Kuala Lumpur.",1997-01-01,https://myfcd.moh.gov.my/myfcd97/index.php/site/detail_product/110079/0/10/-1/0/0,2026-09-05T23:03:32.989354,per_100g,100.0,g,"1 piece, tail portion (LxWxT, 13x6.5x3.0 cm)",1.0,49.7,g,103.0,,75.4,21.5,1.9,0.0,0.0,1.4,,,,,,,55.0,303.0,80.0,252.0,0.8,,,,,0.0,0.11,0.26,4.1,20.0,21.0,1,
MyFCD 1997,110081,"SEA SLUG/SEA CUCUMBER, CLEANED (TREPANG, DIBERSIH) ; STICHOPUS SPP.","Trepang, Dibersih","TREPANG, DIBERSIH","Fish, shellfish and products","Tee ES, Mohd Ismail N, Mohd Nasir A, Khatijah I (1997). Nutrient Composition of Malaysian Foods, 4th Edition. Institute for Medical Research (IMR), Kuala Lumpur.",1997-01-01,https://myfcd.moh.gov.my/myfcd97/index.php/site/detail_product/110081/0/10/-1/0/0,2026-09-05T23:03:33.005528,per_100g,100.0,g,"1 whole, small (LxWxT, 11x2.5x1.5 cm)",1.0,39.3,g,20.0,,95.0,4.5,0.2,0.1,0.0,0.2,,,,,,,18.0,23.0,20.0,5.0,0.4,,,,,0.0,0.0,0.0,0.3,5.0,0.0,1,
MyFCD 1997,110082,"SHAD, GIZZARD (SELANGAT) ; ANODONTOSTOMA CHACUNDA",Selangat,SELANGAT,"Fish, shellfish and products","Tee ES, Mohd Ismail N, Mohd Nasir A, Khatijah I (1997). Nutrient Composition of Malaysian Foods, 4th Edition. Institute for Medical Research (IMR), Kuala Lumpur.",1997-01-01,https://myfcd.moh.gov.my/myfcd97/index.php/site/detail_product/110082/0/10/-1/0/0,2026-09-05T23:03:33.029314,per_100g,100.0,g,"1 whole, small (LxWxT, 14x8x1.7 cm)",1.0,21.5,g,132.0,,74.1,19.7,5.9,0.0,0.0,1.7,,,,,,,124.0,358.0,105.0,260.0,0.8,,,,,0.0,0.0,0.26,2.1,33.0,0.0,1,
MyFCD 1997,110083,"SHAD, LONGTAIL (TERUBOK) ; HILSA (CLUPEA) MACRURA",Terubok,TERUBOK,"Fish, shellfish and products","Tee ES, Mohd Ismail N, Mohd Nasir A, Khatijah I (1997). Nutrient Composition of Malaysian Foods, 4th Edition. Institute for Medical Research (IMR), Kuala Lumpur.",1997-01-01,https://myfcd.moh.gov.my/myfcd97/index.php/site/detail_product/110083/0/10/-1/0/0,2026-09-05T23:03:33.056295,per_100g,100.0,g,"1 slice (LxWxT, 11x4x4 cm)",1.0,115.5,g,197.0,,66.5,18.4,13.7,0.1,0.0,1.3,,,,,,,67.0,227.0,55.0,242.0,1.1,,,,,0.0,0.01,0.12,2.6,35.0,3.0,1,
MyFCD 1997,110084,"SHAD, SLENDER (BELIAK MATA) ; ILISHA ELONGATA",Beliak Mata,BELIAK MATA,"Fish, shellfish and products","Tee ES, Mohd Ismail N, Mohd Nasir A, Khatijah I (1997). Nutrient Composition of Malaysian Foods, 4th Edition. Institute for Medical Research (IMR), Kuala Lumpur.",1997-01-01,https://myfcd.moh.gov.my/myfcd97/index.php/site/detail_product/110084/0/10/-1/0/0,2026-09-05T23:03:33.078331,per_100g,100.0,g,"1 piece, tail portion (LxWxT, 14.3x7.4x2.4 cm)",1.0,42.5,g,85.0,,78.7,18.9,1.0,0.0,0.0,1.4,,,,,,,183.0,314.0,56.0,195.0,0.4,,,,,0.0,0.0,0.05,2.5,24.0,0.0,1,
MyFCD 1997,110085,"SHARK, DOG (YU PASIR) ; SCOLIODON SORRAKOWAH",Yu Pasir,YU PASIR,"Fish, shellfish and products","Tee ES, Mohd Ismail N, Mohd Nasir A, Khatijah I (1997). Nutrient Composition of Malaysian Foods, 4th Edition. Institute for Medical Research (IMR), Kuala Lumpur.",1997-01-01,https://myfcd.moh.gov.my/myfcd97/index.php/site/detail_product/110085/0/10/-1/0/0,2026-09-05T23:03:33.094477,per_100g,100.0,g,"1 whole, small (LxWxT, 41x6x4 cm)",1.0,92.9,g,104.0,,75.6,25.6,0.2,0.0,0.0,1.1,,,,,,,74.0,300.0,13.0,219.0,0.4,,,,,1.2,0.04,0.07,3.3,12.0,0.0,1,
MyFCD 1997,110086,SHARK'S FIN (YI-CEE),Yi-Cee,YI-CEE,"Fish, shellfish and products","Tee ES, Mohd Ismail N, Mohd Nasir A, Khatijah I (1997). Nutrient Composition of Malaysian Foods, 4th Edition. Institute for Medical Research (IMR), Kuala Lumpur.",1997-01-01,https://myfcd.moh.gov.my/myfcd97/index.php/site/detail_product/110086/0/10/-1/0/0,2026-09-05T23:03:33.116425,per_100g,100.0,g,,,,,382.0,,3.7,95.5,0.0,0.0,0.0,1.2,,,,,,,28.0,21.0,425.0,213.0,2.5,,,,,0.0,0.0,0.07,0.2,0.0,0.0,1,
MyFCD 1997,110087,SHARPTOOTH BASS (KERISI BALI) ; PRISTIPOMOIDES TYPUS,Kerisi Bali,KERISI BALI,"Fish, shellfish and products","Tee ES, Mohd Ismail N, Mohd Nasir A, Khatijah I (1997). Nutrient Composition of Malaysian Foods, 4th Edition. Institute for Medical Research (IMR), Kuala Lumpur.",1997-01-01,https://myfcd.moh.gov.my/myfcd97/index.php/site/detail_product/110087/0/10/-1/0/0,2026-09-05T23:03:33.120591,per_100g,100.0,g,"1 piece, tail portion (LxWxT, 11.5x6x2.2 cm)",1.0,27.6,g,93.0,,77.2,20.2,1.3,0.0,0.0,1.4,,,,,,,53.0,217.0,45.0,214.0,0.3,,,,,0.0,0.04,0.04,3.9,19.0,0.0,1,
MyFCD 1997,110088,"SHRIMP, FERMENTED (CINCALUK)",Cincaluk,CINCALUK,"Fish, shellfish and products","Tee ES, Mohd Ismail N, Mohd Nasir A, Khatijah I (1997). Nutrient Composition of Malaysian Foods, 4th Edition. Institute for Medical Research (IMR), Kuala Lumpur.",1997-01-01,https://myfcd.moh.gov.my/myfcd97/index.php/site/detail_product/110088/0/10/-1/0/0,2026-09-05T23:03:33.155492,per_100g,100.0,g,1 tablespoon,1.0,20.0,g,54.0,,74.6,9.1,0.8,2.6,0.0,12.9,,,,,,,4485.0,89.0,464.0,232.0,3.1,,,,,0.0,0.01,0.07,2.4,122.0,0.0,1,
MyFCD 1997,110089,"SHRIMP, SMOOTH SHELL (UDANG MINYAK) ; PARAPENEOPSIS TENELLA",Udang Minyak,UDANG MINYAK,"Fish, shellfish and products","Tee ES, Mohd Ismail N, Mohd Nasir A, Khatijah I (1997). Nutrient Composition of Malaysian Foods, 4th Edition. Institute for Medical Research (IMR), Kuala Lumpur.",1997-01-01,https://myfcd.moh.gov.my/myfcd97/index.php/site/detail_product/110089/0/10/-1/0/0,2026-09-05T23:03:33.169126,per_100g,100.0,g,2 tablespoon (without shell),1.0,34.0,g,80.0,,79.4,18.2,0.5,0.6,0.0,1.3,,,,,,,134.0,188.0,59.0,176.0,1.5,,,,,0.0,0.05,0.06,2.3,66.0,154.0,1,
MyFCD 1997,110090,SHRIMP PASTE (BELACAN),Belacan,BELACAN,"Fish, shellfish and products","Tee ES, Mohd Ismail N, Mohd Nasir A, Khatijah I (1997). Nutrient Composition of Malaysian Foods, 4th Edition. Institute for Medical Research (IMR), Kuala Lumpur.",1997-01-01,https://myfcd.moh.gov.my/myfcd97/index.php/site/detail_product/110090/0/10/-1/0/0,2026-09-05T23:03:33.194141,per_100g,100.0,g,"1 piece (LxWxT, 3.5x3.2x3 cm)",1.0,44.0,g,161.0,,43.1,28.7,2.1,6.8,0.0,19.3,,,,,,,1430.0,706.0,1812.0,306.0,11.5,,,,,0.0,0.09,0.0,2.8,437.0,0.0,1,
MyFCD 1997,110091,"SICKLEFISH, SPOTTED (DAUN BAHARU) ; DREPANE PUNCTATA",Daun Baharu,DAUN BAHARU,"Fish, shellfish and products","Tee ES, Mohd Ismail N, Mohd Nasir A, Khatijah I (1997). Nutrient Composition of Malaysian Foods, 4th Edition. Institute for Medical Research (IMR), Kuala Lumpur.",1997-01-01,https://myfcd.moh.gov.my/myfcd97/index.php/site/detail_product/110091/0/10/-1/0/0,2026-09-05T23:03:33.210771,per_100g,100.0,g,"1 whole, small (LxWxT, 12x10x1 cm)",1.0,34.8,g,92.0,,76.3,19.8,0.5,2.1,0.0,1.3,,,,,,,82.0,299.0,33.0,198.0,0.5,,,,,2.0,0.01,0.11,3.5,26.0,10.0,1,
MyFCD 1997,110092,SNAKEHEAD (HARUAN) ; OPHICEPHALUS (CHANNA) STRIATUS,Haruan,HARUAN,"Fish, shellfish and products","Tee ES, Mohd Ismail N, Mohd Nasir A, Khatijah I (1997). Nutrient Composition of Malaysian Foods, 4th Edition. Institute for Medical Research (IMR), Kuala Lumpur.",1997-01-01,https://myfcd.moh.gov.my/myfcd97/index.php/site/detail_product/110092/0/10/-1/0/0,2026-09-05T23:03:33.232082,per_100g,100.0,g,"1 piece (LxWxT, 5x4x2.2 cm)",1.0,29.7,g,87.0,,78.9,18.4,1.5,0.0,0.0,1.2,,,,,,,20.0,323.0,36.0,189.0,1.4,,,,,1.4,0.06,0.16,2.3,45.0,0.0,1,
MyFCD 1997,110093,"SNAPPER, GOLDEN STRIPPED (JENAHAK) ; LUTIANUS JOHNI",Jenahak,JENAHAK,"Fish, shellfish and products","Tee ES, Mohd Ismail N, Mohd Nasir A, Khatijah I (1997). Nutrient Composition of Malaysian Foods, 4th Edition. Institute for Medical Research (IMR), Kuala Lumpur.",1997-01-01,https://myfcd.moh.gov.my/myfcd97/index.php/site/detail_product/110093/0/10/-1/0/0,2026-09-05T23:03:33.234149,per_100g,100.0,g,"1 whole, small (LxWxT, 22x6.7x2.7 cm)",1.0,41.6,g,102.0,,75.9,21.0,1.9,0.1,0.0,1.1,,,,,,,80.0,327.0,21.0,189.0,0.5,,,,,0.8,0.03,0.08,3.1,8.0,0.0,1,
MyFCD 1997,110094,"SNAPPER, RED (MERAH) ; LUTIANUS ARGENTIMACULATUS",Merah,MERAH,"Fish, shellfish and products","Tee ES, Mohd Ismail N, Mohd Nasir A, Khatijah I (1997). Nutrient Composition of Malaysian Foods, 4th Edition. Institute for Medical Research (IMR), Kuala Lumpur.",1997-01-01,https://myfcd.moh.gov.my/myfcd97/index.php/site/detail_product/110094/0/10/-1/0/0,2026-09-05T23:03:33.264785,per_100g,100.0,g,"1 piece (LxWxT, 6x2x15 cm)",1.0,150.4,g,106.0,,75.8,20.8,2.3,0.0,0.0,1.3,,,,,,,85.0,271.0,20.0,128.0,0.6,,,,,0.0,0.14,0.1,3.4,37.0,0.0,1,
MyFCD 1997,110095,"SNAPPER, RUSSELL'S (TANDA) ; LUTIANUS RUSSELLI",Tanda,TANDA,"Fish, shellfish and products","Tee ES, Mohd Ismail N, Mohd Nasir A, Khatijah I (1997). Nutrient Composition of Malaysian Foods, 4th Edition. Institute for Medical Research (IMR), Kuala Lumpur.",1997-01-01,https://myfcd.moh.gov.my/myfcd97/index.php/site/detail_product/110095/0/10/-1/0/0,2026-09-05T23:03:33.278285,per_100g,100.0,g,"1 piece, tail portion (LxWxT, 11.5x6x2.2 cm)",1.0,27.6,g,88.0,,77.0,20.1,0.3,1.3,0.0,1.3,,,,,,,85.0,321.0,80.0,250.0,0.5,,,,,0.0,0.04,0.1,2.2,4.0,0.0,1,
MyFCD 1997,110096,STARRY TRIGGERFISH (JEBONG) ; ABALISTES STELLARIS,Jebong,JEBONG,"Fish, shellfish and products","Tee ES, Mohd Ismail N, Mohd Nasir A, Khatijah I (1997). Nutrient Composition of Malaysian Foods, 4th Edition. Institute for Medical Research (IMR), Kuala Lumpur.",1997-01-01,https://myfcd.moh.gov.my/myfcd97/index.php/site/detail_product/110096/0/10/-1/0/0,2026-09-05T23:03:33.297890,per_100g,100.0,g,"1 piece, tail portion (LxWxT, 12x11x2.5 cm)",1.0,106.0,g,75.0,,80.1,18.5,0.1,0.0,0.0,1.4,,,,,,,173.0,311.0,23.0,80.0,0.7,,,,,0.0,0.01,0.03,2.9,23.0,0.0,1,
MyFCD 1997,110097,STING RAY (PARI NYIRU) ; DASYATIS ZUGEI,Pari Nyiru,PARI NYIRU,"Fish, shellfish and products","Tee ES, Mohd Ismail N, Mohd Nasir A, Khatijah I (1997). Nutrient Composition of Malaysian Foods, 4th Edition. Institute for Medical Research (IMR), Kuala Lumpur.",1997-01-01,https://myfcd.moh.gov.my/myfcd97/index.php/site/detail_product/110097/0/10/-1/0/0,2026-09-05T23:03:33.323166,per_100g,100.0,g,"1 slice (LxWxT, 6x3x25 cm)",1.0,192.3,g,100.0,,76.1,24.2,0.3,0.0,0.0,1.3,,,,,,,87.0,240.0,10.0,106.0,0.7,,,,,0.0,0.04,0.06,2.9,12.0,2.0,1,
MyFCD 1997,110098,THREADFIN (KURAU) ; POLYNEMUS INDICUS,Kurau,KURAU,"Fish, shellfish and products","Tee ES, Mohd Ismail N, Mohd Nasir A, Khatijah I (1997). Nutrient Composition of Malaysian Foods, 4th Edition. Institute for Medical Research (IMR), Kuala Lumpur.",1997-01-01,https://myfcd.moh.gov.my/myfcd97/index.php/site/detail_product/110098/0/10/-1/0/0,2026-09-05T23:03:33.349454,per_100g,100.0,g,"1 slice (LxWxT, 6x2.5x10.5 cm)",1.0,93.0,g,90.0,,77.7,19.7,1.0,0.5,0.0,1.1,,,,,,,51.0,286.0,14.0,181.0,0.9,,,,,1.2,0.05,0.03,2.8,8.0,0.0,1,
MyFCD 1997,110099,"THREADFIN, DRIED (KURAU, KERING)","Kurau, Kering","KURAU, KERING","Fish, shellfish and products","Tee ES, Mohd Ismail N, Mohd Nasir A, Khatijah I (1997). Nutrient Composition of Malaysian Foods, 4th Edition. Institute for Medical Research (IMR), Kuala Lumpur.",1997-01-01,https://myfcd.moh.gov.my/myfcd97/index.php/site/detail_product/110099/0/10/-1/0/0,2026-09-05T23:03:33.352478,per_100g,100.0,g,"1 slice (LxWxT, 7x1.5x4 cm)",1.0,40.0,g,178.0,,44.8,40.1,1.9,0.0,0.0,15.3,,,,,,,3158.0,122.0,112.0,166.0,1.0,,,,,0.0,0.08,0.15,3.9,44.0,0.0,1,
MyFCD 1997,110100,THREADFIN (SENANGIN) ; ELEUTHERONEMA TETRADACTYLUM,Senangin,SENANGIN,"Fish, shellfish and products","Tee ES, Mohd Ismail N, Mohd Nasir A, Khatijah I (1997). Nutrient Composition of Malaysian Foods, 4th Edition. Institute for Medical Research (IMR), Kuala Lumpur.",1997-01-01,https://myfcd.moh.gov.my/myfcd97/index.php/site/detail_product/110100/0/10/-1/0/0,2026-09-05T23:03:33.414832,per_100g,100.0,g,"1 piece, tail portion (LxWxT, 2x6.5x3 cm)",1.0,35.7,g,117.0,,74.2,21.7,3.4,0.0,0.0,1.3,,,,,,,32.0,254.0,16.0,227.0,0.6,,,,,1.4,0.17,0.07,4.0,10.0,2.0,1,
MyFCD 1997,110101,TOMAN (TOMAN) ; CHANNA MICROPELTES,Toman,TOMAN,"Fish, shellfish and products","Tee ES, Mohd Ismail N, Mohd Nasir A, Khatijah I (1997). Nutrient Composition of Malaysian Foods, 4th Edition. Institute for Medical Research (IMR), Kuala Lumpur.",1997-01-01,https://myfcd.moh.gov.my/myfcd97/index.php/site/detail_product/110101/0/10/-1/0/0,2026-09-05T23:03:33.416061,per_100g,100.0,g,"1 piece (LxWxT,5x4.3x2.2 cm)",1.0,30.0,g,81.0,,78.8,19.7,0.2,0.1,0.0,1.2,,,,,,,16.0,335.0,32.0,214.0,0.4,,,,,1.2,0.02,0.09,2.2,19.0,0.0,1,
MyFCD 1997,110102,"TREVALLY, MALABAR (RAMBAI) ; CARANGOIDES MALABARICUS",Rambai,RAMBAI,"Fish, shellfish and products","Tee ES, Mohd Ismail N, Mohd Nasir A, Khatijah I (1997). Nutrient Composition of Malaysian Foods, 4th Edition. Institute for Medical Research (IMR), Kuala Lumpur.",1997-01-01,https://myfcd.moh.gov.my/myfcd97/index.php/site/detail_product/110102/0/10/-1/0/0,2026-09-05T23:03:33.417082,per_100g,100.0,g,"1 piece, tail portion (LxWxT, 10x11.5x2.8 cm)",1.0,71.2,g,100.0,,76.7,20.8,1.9,0.0,0.0,1.1,,,,,,,82.0,217.0,46.0,187.0,0.6,,,,,0.0,0.03,0.2,3.4,27.0,0.0,1,
MyFCD 1997,110103,"TREVALLY, YELLOW-BANDED (SELAR KUNING) ; SELAROIDES LEPTOLEPIS",Selar Kuning,SELAR KUNING,"Fish, shellfish and products","Tee ES, Mohd Ismail N, Mohd Nasir A, Khatijah I (1997). Nutrient Composition of Malaysian Foods, 4th Edition. Institute for Medical Research (IMR), Kuala Lumpur.",1997-01-01,https://myfcd.moh.gov.my/myfcd97/index.php/site/detail_product/110103/0/10/-1/0/0,2026-09-05T23:03:33.454606,per_100g,100.0,g,"1 piece, tail portion (LxWxT, 14x6.5x3 cm)",1.0,43.2,g,106.0,,75.5,21.4,2.3,0.0,0.0,1.4,,,,,,,43.0,391.0,54.0,260.0,0.9,,,,,0.0,0.05,0.22,3.4,18.0,2.0,1,
MyFCD 1997,110105,"TUNA, LITTLE / BONITO (AYA KURIK) ; EUTHYNNUS AFFINIS",Aya Kurik,AYA KURIK,"Fish, shellfish and products","Tee ES, Mohd Ismail N, Mohd Nasir A, Khatijah I (1997). Nutrient Composition of Malaysian Foods, 4th Edition. Institute for Medical Research (IMR), Kuala Lumpur.",1997-01-01,https://myfcd.moh.gov.my/myfcd97/index.php/site/detail_product/110105/0/10/-1/0/0,2026-09-05T23:03:33.492902,per_100g,100.0,g,"1 piece (LxWxT, 8.2x3.5x3 cm)",1.0,62.8,g,117.0,,72.7,23.2,2.7,0.0,0.0,1.4,,,,,,,51.0,344.0,20.0,273.0,1.6,,,,,0.0,0.1,0.22,7.1,13.0,0.0,1,
MyFCD 1997,110104,"TREVALLY, YELLOW-BANDED, DRIED (SELAR KUNING, KERING)","Selar Kuning, Kering","SELAR KUNING, KERING","Fish, shellfish and products","Tee ES, Mohd Ismail N, Mohd Nasir A, Khatijah I (1997). Nutrient Composition of Malaysian Foods, 4th Edition. Institute for Medical Research (IMR), Kuala Lumpur.",1997-01-01,https://myfcd.moh.gov.my/myfcd97/index.php/site/detail_product/110104/0/10/-1/0/0,2026-09-05T23:03:33.502175,per_100g,100.0,g,"1 whole, medium (16x4.5x1.5 cm)",1.0,16.1,g,160.0,,49.0,35.3,2.1,0.0,0.0,20.5,,,,,,,6902.0,257.0,150.0,262.0,1.7,,,,,0.0,0.07,0.03,4.6,46.0,0.0,1,
MyFCD 1997,110108,YELLOWTAIL FUSILIER (DELAH) ; CAESIO ERYTHROGASTER,Delah,DELAH,"Fish, shellfish and products","Tee ES, Mohd Ismail N, Mohd Nasir A, Khatijah I (1997). Nutrient Composition of Malaysian Foods, 4th Edition. Institute for Medical Research (IMR), Kuala Lumpur.",1997-01-01,https://myfcd.moh.gov.my/myfcd97/index.php/site/detail_product/110108/0/10/-1/0/0,2026-09-05T23:03:33.540382,per_100g,100.0,g,"1 piece, tail portion (LxWxT, 9x7.5x3.5 cm)",1.0,72.7,g,92.0,,77.4,21.1,0.8,0.0,0.0,1.4,,,,,,,47.0,487.0,32.0,235.0,0.4,,,,,0.0,0.05,0.16,2.8,19.0,0.0,1,
MyFCD 1997,110107,"WHITING, TRUMPETER (BULUS-BULUS / PUNTUNG DAMAR) ; SILLAGO MACULATA",Bulus-Bulus / Puntung Damar,BULUS-BULUS / PUNTUNG DAMAR,"Fish, shellfish and products","Tee ES, Mohd Ismail N, Mohd Nasir A, Khatijah I (1997). Nutrient Composition of Malaysian Foods, 4th Edition. Institute for Medical Research (IMR), Kuala Lumpur.",1997-01-01,https://myfcd.moh.gov.my/myfcd97/index.php/site/detail_product/110107/0/10/-1/0/0,2026-09-05T23:03:33.541764,per_100g,100.0,g,"1 whole, small (LxWxT, 15x2.5x1.5 cm)",1.0,15.0,g,81.0,,78.7,19.6,0.2,0.1,0.0,1.4,,,,,,,97.0,335.0,50.0,222.0,0.4,,,,,0.0,0.04,0.04,2.3,16.0,0.0,1,
MyFCD 1997,110109,"FISH CRACKERS, RAW (KEROPOK IKAN, MENTAH)","Keropok Ikan, Mentah","KEROPOK IKAN, MENTAH","Fish, shellfish and products","Tee ES, Mohd Ismail N, Mohd Nasir A, Khatijah I (1997). Nutrient Composition of Malaysian Foods, 4th Edition. Institute for Medical Research (IMR), Kuala Lumpur.",1997-01-01,https://myfcd.moh.gov.my/myfcd97/index.php/site/detail_product/110109/0/10/-1/0/0,2026-09-05T23:03:33.564666,per_100g,100.0,g,"5 oval pieces (LxWxT, 8.9x3.7x0.1 cm)",1.0,23.1,g,336.0,,12.9,16.1,0.8,66.0,0.0,4.2,,,,,,,1047.0,229.0,329.0,315.0,2.4,,,,,0.0,0.03,0.02,0.0,32.0,0.0,1,
MyFCD 1997,110106,"WHITING, SILVER (BULUS-BULUS / PUNTUNG DAMAR) ; SILLAGO SIHAMA",Bulus-Bulus / Puntung Damar,BULUS-BULUS / PUNTUNG DAMAR,"Fish, shellfish and products","Tee ES, Mohd Ismail N, Mohd Nasir A, Khatijah I (1997). Nutrient Composition of Malaysian Foods, 4th Edition. Institute for Medical Research (IMR), Kuala Lumpur.",1997-01-01,https://myfcd.moh.gov.my/myfcd97/index.php/site/detail_product/110106/0/10/-1/0/0,2026-09-05T23:03:33.586997,per_100g,100.0,g,"1 whole, small (LxWxT, 15x2.5x1.5 cm)",1.0,16.7,g,87.0,,78.0,20.5,0.6,0.0,0.0,1.3,,,,,,,78.0,350.0,61.0,223.0,0.3,,,,,0.0,0.07,0.05,2.0,18.0,0.0,1,
MyFCD 1997,110111,MUSSEL (SIPUT SUDU / KUPANG) ; PERNA VIRIDIS,Siput Sudu / Kupang,SIPUT SUDU / KUPANG,"Fish, shellfish and products","Tee ES, Mohd Ismail N, Mohd Nasir A, Khatijah I (1997). Nutrient Composition of Malaysian Foods, 4th Edition. Institute for Medical Research (IMR), Kuala Lumpur.",1997-01-01,https://myfcd.moh.gov.my/myfcd97/index.php/site/detail_product/110111/0/10/-1/0/0,2026-09-05T23:03:33.599507,per_100g,100.0,g,"5 whole, medium (LxWxT, 5x2.5x1.5 cm)",1.0,9.2,g,115.0,,72.3,20.1,2.8,2.4,0.0,2.4,,,,,,,479.0,126.0,64.0,254.0,3.8,,,,,3.6,0.06,0.2,3.5,278.0,356.0,1,
MyFCD 1997,110110,"FISH CRACKERS, FRIED (KEROPOK IKAN, DIGORENG)","Keropok Ikan, Digoreng","KEROPOK IKAN, DIGORENG","Fish, shellfish and products","Tee ES, Mohd Ismail N, Mohd Nasir A, Khatijah I (1997). Nutrient Composition of Malaysian Foods, 4th Edition. Institute for Medical Research (IMR), Kuala Lumpur.",1997-01-01,https://myfcd.moh.gov.my/myfcd97/index.php/site/detail_product/110110/0/10/-1/0/0,2026-09-05T23:03:33.600907,per_100g,100.0,g,"5 oval pieces (LxWxT, 15x7.5x0.2 cm)",1.0,32.7,g,510.0,,4.4,12.6,27.9,52.0,0.0,3.1,,,,,,,736.0,186.0,254.0,244.0,1.9,,,,,0.0,0.02,0.02,0.0,119.0,0.0,1,
MyFCD 1997,110112,"SCAD, ROUND (SELAYANG) ; DECAPTERUS RUSSELLI",Selayang,SELAYANG,"Fish, shellfish and products","Tee ES, Mohd Ismail N, Mohd Nasir A, Khatijah I (1997). Nutrient Composition of Malaysian Foods, 4th Edition. Institute for Medical Research (IMR), Kuala Lumpur.",1997-01-01,https://myfcd.moh.gov.my/myfcd97/index.php/site/detail_product/110112/0/10/-1/0/0,2026-09-05T23:03:33.663237,per_100g,100.0,g,"1 piece, tail portion (LxWxT, 10.5x7x3.5 cm)",1.0,38.3,g,111.0,,74.7,22.3,2.4,0.0,0.0,1.5,,,,,,,53.0,339.0,123.0,297.0,1.3,,,,,2.4,0.18,0.13,3.6,120.0,0.0,1,
MyFCD 1997,111002,"CHEESE, PROCESSED, CHEDDAR (KEJU, DALAM BUNGKUSAN PLASTIK)","Keju, Dalam Bungkusan Plastik","KEJU, DALAM BUNGKUSAN PLASTIK",Milk and milk products,"Tee ES, Mohd Ismail N, Mohd Nasir A, Khatijah I (1997). Nutrient Composition of Malaysian Foods, 4th Edition. Institute for Medical Research (IMR), Kuala Lumpur.",1997-01-01,https://myfcd.moh.gov.my/myfcd97/index.php/site/detail_product/111002/0/10/-1/0/0,2026-09-05T23:03:33.671018,per_100g,100.0,g,"1 square piece (LxWxD, 8.4x8.4x0.3 cm)",1.0,18.0,g,324.0,,41.7,21.7,22.7,8.3,0.0,5.6,,,,,,,1452.0,82.0,489.0,460.0,0.6,,,,,0.3,0.03,0.4,0.6,117.0,156.0,1,
MyFCD 1997,111001,BUTTER (MENTEGA),Mentega,MENTEGA,Milk and milk products,"Tee ES, Mohd Ismail N, Mohd Nasir A, Khatijah I (1997). Nutrient Composition of Malaysian Foods, 4th Edition. Institute for Medical Research (IMR), Kuala Lumpur.",1997-01-01,https://myfcd.moh.gov.my/myfcd97/index.php/site/detail_product/111001/0/10/-1/0/0,2026-09-05T23:03:33.674647,per_100g,100.0,g,"1 piece (LxWxT, 4.0x2.5x1 cm)",1.0,10.0,g,753.0,,8.9,1.0,79.2,9.1,0.0,1.8,,,,,,,609.0,24.0,16.0,33.0,0.5,,,,,0.4,0.01,0.08,0.1,201.0,305.0,0,R111001
MyFCD 1997,111005,GHEE (MINYAK SAPI),Minyak Sapi,MINYAK SAPI,Milk and milk products,"Tee ES, Mohd Ismail N, Mohd Nasir A, Khatijah I (1997). Nutrient Composition of Malaysian Foods, 4th Edition. Institute for Medical Research (IMR), Kuala Lumpur.",1997-01-01,https://myfcd.moh.gov.my/myfcd97/index.php/site/detail_product/111005/0/10/-1/0/0,2026-09-05T23:03:49.738757,per_100g,100.0,g,1 tablespoon,1.0,12.7,g,883.0,,0.6,0.4,97.6,0.8,0.0,0.6,,,,,,,30.0,27.0,10.0,1.0,1.8,,,,,2.5,0.0,0.0,0.7,546.0,296.0,1,
MyFCD 1997,111003,"CHEESE, PROCESSED, CHEDDAR, CANNED (KEJU, DALAM TIN)","Cheese, Processed, Cheddar, Canned","KEJU, DALAM TIN",Milk and milk products,"Tee ES, Mohd Ismail N, Mohd Nasir A, Khatijah I (1997). Nutrient Composition of Malaysian Foods, 4th Edition. Institute for Medical Research (IMR), Kuala Lumpur.",1997-01-01,https://myfcd.moh.gov.my/myfcd97/index.php/site/detail_product/111003/0/10/-1/0/0,2026-09-05T23:03:49.749059,per_100g,100.0,g,1 tablespoon,1.0,11.4,g,298.0,,42.4,21.9,17.7,12.7,0.0,5.3,,,,,,,1233.0,74.0,271.0,400.0,0.7,,,,,0.4,0.0,0.0,0.2,38.0,28.0,1,
MyFCD 1997,111004,"CREAM, 26% FAT (KRIM)",Krim,KRIM,Milk and milk products,"Tee ES, Mohd Ismail N, Mohd Nasir A, Khatijah I (1997). Nutrient Composition of Malaysian Foods, 4th Edition. Institute for Medical Research (IMR), Kuala Lumpur.",1997-01-01,https://myfcd.moh.gov.my/myfcd97/index.php/site/detail_product/111004/0/10/-1/0/0,2026-09-05T23:03:49.788872,per_100g,100.0,g,1 tablespoon,1.0,15.3,g,252.0,,68.0,2.4,25.1,4.0,0.0,0.5,,,,,,,56.0,73.0,66.0,87.0,0.9,,,,,1.2,0.02,0.37,0.3,144.0,37.0,1,
MyFCD 1997,111008,"MILK, EVAPORATED (SUSU SEJAT)",Susu Sejat,SUSU SEJAT,Milk and milk products,"Tee ES, Mohd Ismail N, Mohd Nasir A, Khatijah I (1997). Nutrient Composition of Malaysian Foods, 4th Edition. Institute for Medical Research (IMR), Kuala Lumpur.",1997-01-01,https://myfcd.moh.gov.my/myfcd97/index.php/site/detail_product/111008/0/10/-1/0/0,2026-09-05T23:03:49.808666,per_100g,100.0,g,1 cup (250 ml),1.0,261.3,g,149.0,,71.5,7.7,8.5,10.4,0.0,1.9,,,,,,,136.0,4.0,268.0,217.0,0.2,,,,,1.5,0.07,0.41,0.2,114.0,21.0,1,
MyFCD 1997,111006,ICE CREAM POWDER (SERBUK AIS KRIM),Serbuk Ais Krim,SERBUK AIS KRIM,Milk and milk products,"Tee ES, Mohd Ismail N, Mohd Nasir A, Khatijah I (1997). Nutrient Composition of Malaysian Foods, 4th Edition. Institute for Medical Research (IMR), Kuala Lumpur.",1997-01-01,https://myfcd.moh.gov.my/myfcd97/index.php/site/detail_product/111006/0/10/-1/0/0,2026-09-05T23:03:49.811624,per_100g,100.0,g,1 tablespoon,1.0,9.7,g,439.0,,2.7,12.5,13.3,67.3,0.0,4.2,,,,,,,370.0,670.0,156.0,400.0,0.2,,,,,2.0,0.1,0.5,0.2,143.0,140.0,1,
MyFCD 1997,111007,"MILK, COW, FRESH (SUSU LEMBU SEGAR)",Susu Lembu Segar,SUSU LEMBU SEGAR,Milk and milk products,"Tee ES, Mohd Ismail N, Mohd Nasir A, Khatijah I (1997). Nutrient Composition of Malaysian Foods, 4th Edition. Institute for Medical Research (IMR), Kuala Lumpur.",1997-01-01,https://myfcd.moh.gov.my/myfcd97/index.php/site/detail_product/111007/0/10/-1/0/0,2026-09-05T23:03:49.834905,per_100g,100.0,g,1 cup (250 ml),1.0,256.0,g,65.0,,88.4,3.2,4.3,3.4,0.0,0.7,,,,,,,12.0,68.0,106.0,82.0,0.5,,,,,0.9,0.04,0.21,0.4,32.0,0.0,0,R111028
MyFCD 1997,111009,"MILK, FILLED (SUSU ISIAN)",Susu Isian,SUSU ISIAN,Milk and milk products,"Tee ES, Mohd Ismail N, Mohd Nasir A, Khatijah I (1997). Nutrient Composition of Malaysian Foods, 4th Edition. Institute for Medical Research (IMR), Kuala Lumpur.",1997-01-01,https://myfcd.moh.gov.my/myfcd97/index.php/site/detail_product/111009/0/10/-1/0/0,2026-09-05T23:03:50.926111,per_100g,100.0,g,1 tablespoon,1.0,20.7,g,339.0,,25.4,8.7,9.4,54.8,0.0,1.7,,,,,,,135.0,6.0,324.0,217.0,0.3,,,,,1.2,0.72,0.66,0.2,141.0,0.0,1,
MyFCD 1997,111010,"MILK, FILLED, SWEETENED CONDENSED (SUSU ISIAN PEKAT MANIS)",Susu Isian Pekat Manis,SUSU ISIAN PEKAT MANIS,Milk and milk products,"Tee ES, Mohd Ismail N, Mohd Nasir A, Khatijah I (1997). Nutrient Composition of Malaysian Foods, 4th Edition. Institute for Medical Research (IMR), Kuala Lumpur.",1997-01-01,https://myfcd.moh.gov.my/myfcd97/index.php/site/detail_product/111010/0/10/-1/0/0,2026-09-05T23:03:50.927046,per_100g,100.0,g,1 tablespoon,1.0,20.7,g,343.0,,27.4,8.5,11.9,50.4,0.0,1.8,,,,,,,106.0,262.0,275.0,217.0,0.2,,,,,1.8,0.5,0.67,1.6,275.0,0.0,1,
MyFCD 1997,111013,"MILK, POWDER, SKIM (SUSU TEPUNG SKIM)",Susu Tepung Skim,SUSU TEPUNG SKIM,Milk and milk products,"Tee ES, Mohd Ismail N, Mohd Nasir A, Khatijah I (1997). Nutrient Composition of Malaysian Foods, 4th Edition. Institute for Medical Research (IMR), Kuala Lumpur.",1997-01-01,https://myfcd.moh.gov.my/myfcd97/index.php/site/detail_product/111013/0/10/-1/0/0,2026-09-05T23:03:50.970358,per_100g,100.0,g,1 tablespoon,1.0,7.3,g,352.0,,7.6,25.1,2.6,57.0,0.0,7.7,,,,,,,477.0,1148.0,1169.0,930.0,0.4,,,,,1.5,0.46,2.9,0.5,22.0,0.0,1,
MyFCD 1997,111011,"MILK, POWDER, INFANT FORMULA (SUSU TEPUNG BAYI)",Susu Tepung Bayi,SUSU TEPUNG BAYI,Milk and milk products,"Tee ES, Mohd Ismail N, Mohd Nasir A, Khatijah I (1997). Nutrient Composition of Malaysian Foods, 4th Edition. Institute for Medical Research (IMR), Kuala Lumpur.",1997-01-01,https://myfcd.moh.gov.my/myfcd97/index.php/site/detail_product/111011/0/10/-1/0/0,2026-09-05T23:03:50.970849,per_100g,100.0,g,1 scoop,1.0,4.4,g,502.0,,2.8,14.8,24.9,54.7,0.0,2.8,,,,,,,188.0,486.0,443.0,323.0,6.9,,,,,48.0,0.74,1.05,5.7,490.0,116.0,1,
MyFCD 1997,111012,"MILK, POWDER, INSTANT, FULL CREAM (SUSU TEPUNG PENUH KRIM)",Susu Tepung Penuh Krim,SUSU TEPUNG PENUH KRIM,Milk and milk products,"Tee ES, Mohd Ismail N, Mohd Nasir A, Khatijah I (1997). Nutrient Composition of Malaysian Foods, 4th Edition. Institute for Medical Research (IMR), Kuala Lumpur.",1997-01-01,https://myfcd.moh.gov.my/myfcd97/index.php/site/detail_product/111012/0/10/-1/0/0,2026-09-05T23:03:50.973718,per_100g,100.0,g,1 tablespoon,1.0,6.6,g,493.0,,2.8,27.2,26.6,36.3,0.0,4.9,,,,,,,301.0,744.0,632.0,656.0,1.5,,,,,6.1,0.7,1.4,5.4,451.0,153.0,1,
MyFCD 1997,111014,"MILK, STERILISED (SUSU STERIL)",Susu Steril,SUSU STERIL,Milk and milk products,"Tee ES, Mohd Ismail N, Mohd Nasir A, Khatijah I (1997). Nutrient Composition of Malaysian Foods, 4th Edition. Institute for Medical Research (IMR), Kuala Lumpur.",1997-01-01,https://myfcd.moh.gov.my/myfcd97/index.php/site/detail_product/111014/0/10/-1/0/0,2026-09-05T23:03:50.994587,per_100g,100.0,g,1 cup (250 ml),1.0,256.0,g,62.0,,88.1,3.2,3.4,4.6,0.0,0.7,,,,,,,67.0,114.0,93.0,81.0,0.1,,,,,0.5,0.03,0.17,0.1,40.0,0.0,1,
MyFCD 1997,111016,"MILK, UHT, CHOCOLATE FLAVOURED (SUSU UHT, BERPERISA COKLAT)","Susu Uht, Berperisa Coklat","SUSU UHT, BERPERISA COKLAT",Milk and milk products,"Tee ES, Mohd Ismail N, Mohd Nasir A, Khatijah I (1997). Nutrient Composition of Malaysian Foods, 4th Edition. Institute for Medical Research (IMR), Kuala Lumpur.",1997-01-01,https://myfcd.moh.gov.my/myfcd97/index.php/site/detail_product/111016/0/10/-1/0/0,2026-09-05T23:03:51.060114,per_100g,100.0,g,1 small packet (1 cup),1.0,256.3,g,68.0,,84.7,3.5,2.0,9.1,0.0,0.7,,,,,,,50.0,118.0,109.0,93.0,0.3,,,,,0.0,0.03,0.33,0.3,15.0,0.0,1,
MyFCD 1997,111015,"MILK, SWEETENED, CONDENSED (SUSU PEKAT MANIS)",Susu Pekat Manis,SUSU PEKAT MANIS,Milk and milk products,"Tee ES, Mohd Ismail N, Mohd Nasir A, Khatijah I (1997). Nutrient Composition of Malaysian Foods, 4th Edition. Institute for Medical Research (IMR), Kuala Lumpur.",1997-01-01,https://myfcd.moh.gov.my/myfcd97/index.php/site/detail_product/111015/0/10/-1/0/0,2026-09-05T23:03:51.060581,per_100g,100.0,g,1 tablespoon,1.0,18.7,g,335.0,,25.6,8.8,8.9,54.9,0.0,1.8,,,,,,,125.0,6.0,330.0,216.0,0.3,,,,,1.4,0.6,0.51,0.2,232.0,46.0,0,R111044
MyFCD 1997,111019,"YOGHURT, APRICOT FLAVOUR (YOGURT, BERPERISA APRIKOT)","Yogurt, Berperisa Aprikot","YOGURT, BERPERISA APRIKOT",Milk and milk products,"Tee ES, Mohd Ismail N, Mohd Nasir A, Khatijah I (1997). Nutrient Composition of Malaysian Foods, 4th Edition. Institute for Medical Research (IMR), Kuala Lumpur.",1997-01-01,https://myfcd.moh.gov.my/myfcd97/index.php/site/detail_product/111019/0/10/-1/0/0,2026-09-05T23:03:51.095160,per_100g,100.0,g,1,1.0,150.0,g,267.0,,57.4,3.1,20.0,18.6,0.0,0.9,,,,,,,80.0,153.0,127.0,113.0,0.2,,,,,2.4,0.04,0.25,0.7,59.0,32.0,1,
MyFCD 1997,111017,"MILK, UHT, FULL CREAM, RECOMBINED ; (SUSU UHT, PENUH KRIM, CAMPURAN)","Susu Uht, Penuh Krim, Campuran","SUSU UHT, PENUH KRIM, CAMPURAN",Milk and milk products,"Tee ES, Mohd Ismail N, Mohd Nasir A, Khatijah I (1997). Nutrient Composition of Malaysian Foods, 4th Edition. Institute for Medical Research (IMR), Kuala Lumpur.",1997-01-01,https://myfcd.moh.gov.my/myfcd97/index.php/site/detail_product/111017/0/10/-1/0/0,2026-09-05T23:03:51.108045,per_100g,100.0,g,1 small packet (1 cup),1.0,255.7,g,73.0,,85.3,3.5,3.4,7.1,0.0,0.7,,,,,,,36.0,98.0,109.0,93.0,0.1,,,,,0.0,0.03,0.4,0.8,26.0,0.0,1,
MyFCD 1997,112001,MARGARINE (MARJERIN),Marjerin,MARJERIN,Oils and fats,"Tee ES, Mohd Ismail N, Mohd Nasir A, Khatijah I (1997). Nutrient Composition of Malaysian Foods, 4th Edition. Institute for Medical Research (IMR), Kuala Lumpur.",1997-01-01,https://myfcd.moh.gov.my/myfcd97/index.php/site/detail_product/112001/0/10/-1/0/0,2026-09-05T23:03:51.116278,per_100g,100.0,g,1 tablespoon,1.0,13.2,g,732.0,,15.2,0.7,80.3,1.6,0.0,2.2,,,,,,,384.0,23.0,13.0,23.0,0.3,,,,,0.6,0.02,0.08,0.2,611.0,797.0,1,
MyFCD 1997,112002,"OIL, BLENDED (PALM, PEANUT, SESAME) (MINYAK CAMPURAN)","Palm, Peanut, Sesame","PALM, PEANUT, SESAME",Oils and fats,"Tee ES, Mohd Ismail N, Mohd Nasir A, Khatijah I (1997). Nutrient Composition of Malaysian Foods, 4th Edition. Institute for Medical Research (IMR), Kuala Lumpur.",1997-01-01,https://myfcd.moh.gov.my/myfcd97/index.php/site/detail_product/112002/0/10/-1/0/0,2026-09-05T23:03:51.153950,per_100g,100.0,g,1 tablespoon,1.0,13.4,g,900.0,,0.0,0.0,100.0,0.0,0.0,0.0,,,,,,,12.0,0.0,0.0,0.0,0.8,,,,,0.0,0.0,0.0,0.0,0.0,0.0,1,
MyFCD 1997,112003,"OIL, CORN (MINYAK JAGUNG)",Minyak Jagung,MINYAK JAGUNG,Oils and fats,"Tee ES, Mohd Ismail N, Mohd Nasir A, Khatijah I (1997). Nutrient Composition of Malaysian Foods, 4th Edition. Institute for Medical Research (IMR), Kuala Lumpur.",1997-01-01,https://myfcd.moh.gov.my/myfcd97/index.php/site/detail_product/112003/0/10/-1/0/0,2026-09-05T23:03:51.154597,per_100g,100.0,g,1 tablespoon,1.0,13.4,g,900.0,,0.0,0.0,100.0,0.0,0.0,0.0,,,,,,,2.0,0.0,6.0,0.0,0.6,,,,,0.0,0.0,0.0,0.4,0.0,0.0,1,
MyFCD 1997,112005,"OIL, OLIVE (MINYAK ZAITUN) ; OLEA EUROPAEA",Minyak Zaitun,MINYAK ZAITUN,Oils and fats,"Tee ES, Mohd Ismail N, Mohd Nasir A, Khatijah I (1997). Nutrient Composition of Malaysian Foods, 4th Edition. Institute for Medical Research (IMR), Kuala Lumpur.",1997-01-01,https://myfcd.moh.gov.my/myfcd97/index.php/site/detail_product/112005/0/10/-1/0/0,2026-09-05T23:03:51.202861,per_100g,100.0,g,1 tablespoon,1.0,12.9,g,891.0,,0.0,0.0,100.0,0.0,0.0,0.0,,,,,,,7.0,0.0,14.0,0.0,1.2,,,,,0.0,0.0,0.0,5.0,0.0,0.0,1,
MyFCD 1997,112004,"OIL, GINGELLY / SESAME (MINYAK BIJAN) ; SESAMUM INDICUM",Minyak Bijan,MINYAK BIJAN,Oils and fats,"Tee ES, Mohd Ismail N, Mohd Nasir A, Khatijah I (1997). Nutrient Composition of Malaysian Foods, 4th Edition. Institute for Medical Research (IMR), Kuala Lumpur.",1997-01-01,https://myfcd.moh.gov.my/myfcd97/index.php/site/detail_product/112004/0/10/-1/0/0,2026-09-05T23:03:51.207645,per_100g,100.0,g,1 tablespoon,1.0,13.1,g,900.0,,0.0,0.0,100.0,0.0,0.0,0.0,,,,,,,16.0,18.0,9.0,0.0,0.0,,,,,0.0,0.09,0.0,0.1,0.0,0.0,1,
MyFCD 1997,112007,"OIL, PALM OLEIN (MINYAK OLEIN SAWIT)",Minyak Olein Sawit,MINYAK OLEIN SAWIT,Oils and fats,"Tee ES, Mohd Ismail N, Mohd Nasir A, Khatijah I (1997). Nutrient Composition of Malaysian Foods, 4th Edition. Institute for Medical Research (IMR), Kuala Lumpur.",1997-01-01,https://myfcd.moh.gov.my/myfcd97/index.php/site/detail_product/112007/0/10/-1/0/0,2026-09-05T23:03:51.252979,per_100g,100.0,g,1 tablespoon,1.0,12.0,g,900.0,,0.0,0.0,100.0,0.0,0.0,0.0,,,,,,,5.0,0.0,4.0,0.0,0.0,,,,,0.0,0.0,0.0,0.4,0.0,0.0,1,
MyFCD 1997,112008,"OIL, SOYA BEAN (MINYAK KACANG SOYA)",Minyak Kacang Soya,MINYAK KACANG SOYA,Oils and fats,"Tee ES, Mohd Ismail N, Mohd Nasir A, Khatijah I (1997). Nutrient Composition of Malaysian Foods, 4th Edition. Institute for Medical Research (IMR), Kuala Lumpur.",1997-01-01,https://myfcd.moh.gov.my/myfcd97/index.php/site/detail_product/112008/0/10/-1/0/0,2026-09-05T23:03:51.258212,per_100g,100.0,g,1 tablespoon,1.0,13.4,g,900.0,,0.0,0.0,100.0,0.0,0.0,0.0,,,,,,,4.0,0.0,4.0,0.0,0.1,,,,,0.0,0.0,0.0,0.6,0.0,0.0,1,
MyFCD 1997,112006,"OIL, PALM, CRUDE (MINYAK SAWIT MENTAH) ; ELAEIS GUINEENSIS",Minyak Sawit Mentah,MINYAK SAWIT MENTAH,Oils and fats,"Tee ES, Mohd Ismail N, Mohd Nasir A, Khatijah I (1997). Nutrient Composition of Malaysian Foods, 4th Edition. Institute for Medical Research (IMR), Kuala Lumpur.",1997-01-01,https://myfcd.moh.gov.my/myfcd97/index.php/site/detail_product/112006/0/10/-1/0/0,2026-09-05T23:03:51.267174,per_100g,100.0,g,1 tablespoon,1.0,10.5,g,900.0,,0.0,0.0,100.0,0.0,0.0,0.0,,,,,,,0.0,0.0,0.0,0.0,0.0,,,,,0.0,0.1,0.0,0.0,9520.0,57100.0,1,
MyFCD 1997,112009,VANASPATI (VANASPATI),Vanaspati,VANASPATI,Oils and fats,"Tee ES, Mohd Ismail N, Mohd Nasir A, Khatijah I (1997). Nutrient Composition of Malaysian Foods, 4th Edition. Institute for Medical Research (IMR), Kuala Lumpur.",1997-01-01,https://myfcd.moh.gov.my/myfcd97/index.php/site/detail_product/112009/0/10/-1/0/0,2026-09-05T23:03:51.318662,per_100g,100.0,g,1 tablespoon,1.0,13.3,g,900.0,,0.0,0.0,100.0,0.0,0.0,0.0,,,,,,,3.0,0.0,6.0,0.0,0.7,,,,,0.0,0.0,0.0,0.1,260.0,528.0,1,
MyFCD 1997,113001,"COFFEE MIXTURE, POWDER (SERBUK KOPI CAMPURAN)",Serbuk Kopi Campuran,SERBUK KOPI CAMPURAN,Beverages,"Tee ES, Mohd Ismail N, Mohd Nasir A, Khatijah I (1997). Nutrient Composition of Malaysian Foods, 4th Edition. Institute for Medical Research (IMR), Kuala Lumpur.",1997-01-01,https://myfcd.moh.gov.my/myfcd97/index.php/site/detail_product/113001/0/10/-1/0/0,2026-09-05T23:03:51.322406,per_100g,100.0,g,1 tablespoon,1.0,7.3,g,387.0,,1.8,11.2,8.2,67.0,8.0,3.8,,,,,,,404.0,905.0,180.0,153.0,4.7,,,,,0.0,0.0,0.1,0.0,705.0,0.0,1,
MyFCD 1997,113002,"COFFEE POWDER, INSTANT (SERBUK KOPI SEGERA)",Serbuk Kopi Segera,SERBUK KOPI SEGERA,Beverages,"Tee ES, Mohd Ismail N, Mohd Nasir A, Khatijah I (1997). Nutrient Composition of Malaysian Foods, 4th Edition. Institute for Medical Research (IMR), Kuala Lumpur.",1997-01-01,https://myfcd.moh.gov.my/myfcd97/index.php/site/detail_product/113002/0/10/-1/0/0,2026-09-05T23:03:51.361689,per_100g,100.0,g,1 teaspoon,1.0,1.2,g,341.0,,4.6,11.8,0.1,73.2,0.0,10.3,,,,,,,113.0,360.0,179.0,383.0,0.2,,,,,0.0,0.0,0.21,30.6,0.0,0.0,1,
MyFCD 1997,113003,MALTED MILK POWDER (TEPUNG SUSU BERMALT),Tepung Susu Bermalt,TEPUNG SUSU BERMALT,Beverages,"Tee ES, Mohd Ismail N, Mohd Nasir A, Khatijah I (1997). Nutrient Composition of Malaysian Foods, 4th Edition. Institute for Medical Research (IMR), Kuala Lumpur.",1997-01-01,https://myfcd.moh.gov.my/myfcd97/index.php/site/detail_product/113003/0/10/-1/0/0,2026-09-05T23:03:51.379335,per_100g,100.0,g,1 tablespoon,1.0,6.4,g,395.0,,5.9,12.7,6.9,70.4,0.0,4.1,,,,,,,148.0,677.0,370.0,431.0,6.1,,,,,65.0,1.9,1.76,13.0,711.0,0.0,1,
MyFCD 1997,113004,"MALTED MILK DRINK (PACKET) (MINUMAN SUSU BERMALT, BUNGKUS)",Packet,PACKET,Beverages,"Tee ES, Mohd Ismail N, Mohd Nasir A, Khatijah I (1997). Nutrient Composition of Malaysian Foods, 4th Edition. Institute for Medical Research (IMR), Kuala Lumpur.",1997-01-01,https://myfcd.moh.gov.my/myfcd97/index.php/site/detail_product/113004/0/10/-1/0/0,2026-09-05T23:03:51.415491,per_100g,100.0,g,1 packet (230 ml),1.0,241.1,g,97.0,,85.0,2.0,7.8,4.7,0.0,0.5,,,,,,,10.0,109.0,54.0,87.0,2.0,,,,,1.8,0.24,0.5,2.9,69.0,0.0,1,
MyFCD 1997,113006,"ORANGE FLAVOURED DRINK, POWDER (SERBUK MINUMAN BERPERISA OREN)",Serbuk Minuman Berperisa Oren,SERBUK MINUMAN BERPERISA OREN,Beverages,"Tee ES, Mohd Ismail N, Mohd Nasir A, Khatijah I (1997). Nutrient Composition of Malaysian Foods, 4th Edition. Institute for Medical Research (IMR), Kuala Lumpur.",1997-01-01,https://myfcd.moh.gov.my/myfcd97/index.php/site/detail_product/113006/0/10/-1/0/0,2026-09-05T23:03:51.429292,per_100g,100.0,g,1 tablespoon,1.0,11.2,g,392.0,,0.9,0.1,0.0,97.8,0.0,1.2,,,,,,,91.0,236.0,12.0,18.0,0.2,,,,,49.9,0.09,0.03,0.5,25.0,150.0,1,
MyFCD 1997,113005,"MILK BASED DIET SUPPLEMENT, POWDER (TAMBAHAN DIET BERASASKAN SUSU)",Tambahan Diet Berasaskan Susu,TAMBAHAN DIET BERASASKAN SUSU,Beverages,"Tee ES, Mohd Ismail N, Mohd Nasir A, Khatijah I (1997). Nutrient Composition of Malaysian Foods, 4th Edition. Institute for Medical Research (IMR), Kuala Lumpur.",1997-01-01,https://myfcd.moh.gov.my/myfcd97/index.php/site/detail_product/113005/0/10/-1/0/0,2026-09-05T23:03:51.443723,per_100g,100.0,g,1 packet (230 ml),1.0,6.3,g,385.0,,5.7,21.9,5.9,61.3,0.0,5.2,,,,,,,315.0,745.0,711.0,621.0,3.5,,,,,88.0,2.1,2.4,14.3,540.0,0.0,1,
MyFCD 1997,113007,"SUGAR CANE, JUICE (AIR TEBU) SACCHARUM OFFICINARUM",Air Tebu,AIR TEBU,Beverages,"Tee ES, Mohd Ismail N, Mohd Nasir A, Khatijah I (1997). Nutrient Composition of Malaysian Foods, 4th Edition. Institute for Medical Research (IMR), Kuala Lumpur.",1997-01-01,https://myfcd.moh.gov.my/myfcd97/index.php/site/detail_product/113007/0/10/-1/0/0,2026-09-05T23:03:51.491674,per_100g,100.0,g,1 cup (250 ml),1.0,258.3,g,71.0,,82.0,0.4,0.0,17.4,0.0,0.2,,,,,,,1.0,58.0,8.0,11.0,0.2,,,,,0.0,0.0,0.0,0.0,7.0,44.0,1,
MyFCD 1997,114001,"SEAWEED, AGAR (AGAR-AGAR)",Agar-Agar,AGAR-AGAR,Miscellaneous,"Tee ES, Mohd Ismail N, Mohd Nasir A, Khatijah I (1997). Nutrient Composition of Malaysian Foods, 4th Edition. Institute for Medical Research (IMR), Kuala Lumpur.",1997-01-01,https://myfcd.moh.gov.my/myfcd97/index.php/site/detail_product/114001/0/10/-1/0/0,2026-09-05T23:03:51.509998,per_100g,100.0,g,"1 small packet (LxW, 36x6 cm)",1.0,20.0,g,304.0,,21.1,0.5,0.1,75.2,0.0,3.1,,,,,,,239.0,29.0,470.0,44.0,5.4,,,,,0.0,0.0,0.0,0.0,0.0,0.0,1,
MyFCD 1997,114002,"CHOCOLATE, MILK (COKLAT SUSU)",Coklat Susu,COKLAT SUSU,Miscellaneous,"Tee ES, Mohd Ismail N, Mohd Nasir A, Khatijah I (1997). Nutrient Composition of Malaysian Foods, 4th Edition. Institute for Medical Research (IMR), Kuala Lumpur.",1997-01-01,https://myfcd.moh.gov.my/myfcd97/index.php/site/detail_product/114002/0/10/-1/0/0,2026-09-05T23:03:51.528088,per_100g,100.0,g,"1 small bar (LxWxT, 5x3x0.5 cm)",1.0,10.0,g,549.0,,1.7,7.4,32.8,56.0,0.0,2.1,,,,,,,84.0,340.0,222.0,215.0,1.8,,,,,0.0,0.11,0.38,0.4,102.0,45.0,0,R114016
MyFCD 1997,114003,"CHOCOLATE, RAISIN (COKLAT BERKISMIS)",Coklat Berkismis,COKLAT BERKISMIS,Miscellaneous,"Tee ES, Mohd Ismail N, Mohd Nasir A, Khatijah I (1997). Nutrient Composition of Malaysian Foods, 4th Edition. Institute for Medical Research (IMR), Kuala Lumpur.",1997-01-01,https://myfcd.moh.gov.my/myfcd97/index.php/site/detail_product/114003/0/10/-1/0/0,2026-09-05T23:03:51.530486,per_100g,100.0,g,"1 small bar (LxW, 12x5 cm)",1.0,60.0,g,483.0,,6.5,7.3,23.4,60.9,0.2,1.7,,,,,,,75.0,351.0,178.0,184.0,2.1,,,,,2.7,0.05,0.08,0.0,27.0,0.0,0,R114017
MyFCD 1997,114004,CHOCOLATE SPRINKLE (PERCIKAN COKLAT),Percikan Coklat,PERCIKAN COKLAT,Miscellaneous,"Tee ES, Mohd Ismail N, Mohd Nasir A, Khatijah I (1997). Nutrient Composition of Malaysian Foods, 4th Edition. Institute for Medical Research (IMR), Kuala Lumpur.",1997-01-01,https://myfcd.moh.gov.my/myfcd97/index.php/site/detail_product/114004/0/10/-1/0/0,2026-09-05T23:03:51.544608,per_100g,100.0,g,1 teaspoon,1.0,4.6,g,503.0,,1.6,5.3,23.2,68.3,0.0,1.6,,,,,,,30.0,566.0,80.0,135.0,6.8,,,,,2.8,0.03,0.15,0.0,61.0,0.0,1,
MyFCD 1997,114005,"CHOCOLATE WAFER, ROUNDED (WAFER COKLAT BERBENTUK BULAT)",Wafer Coklat Berbentuk Bulat,WAFER COKLAT BERBENTUK BULAT,Miscellaneous,"Tee ES, Mohd Ismail N, Mohd Nasir A, Khatijah I (1997). Nutrient Composition of Malaysian Foods, 4th Edition. Institute for Medical Research (IMR), Kuala Lumpur.",1997-01-01,https://myfcd.moh.gov.my/myfcd97/index.php/site/detail_product/114005/0/10/-1/0/0,2026-09-05T23:03:51.599516,per_100g,100.0,g,1 packet,1.0,15.0,g,517.0,,2.6,10.1,26.6,59.2,0.0,1.5,,,,,,,86.0,309.0,166.0,189.0,2.2,,,,,3.8,0.06,0.39,1.4,8.0,0.0,1,
MyFCD 1997,114006,CHOCOLATE WAFER (WAFER COKLAT),Wafer Coklat,WAFER COKLAT,Miscellaneous,"Tee ES, Mohd Ismail N, Mohd Nasir A, Khatijah I (1997). Nutrient Composition of Malaysian Foods, 4th Edition. Institute for Medical Research (IMR), Kuala Lumpur.",1997-01-01,https://myfcd.moh.gov.my/myfcd97/index.php/site/detail_product/114006/0/10/-1/0/0,2026-09-05T23:03:51.612558,per_100g,100.0,g,"1 rectangular piece (LxW, 10x3 cm)",1.0,14.0,g,500.0,,2.2,5.1,22.7,68.9,0.1,1.0,,,,,,,153.0,97.0,75.0,90.0,2.5,,,,,3.3,0.05,0.23,1.4,33.0,0.0,1,
MyFCD 1997,114007,CHOCOLATE BISCUIT (BISKUT COKLAT),Biskut Coklat,BISKUT COKLAT,Miscellaneous,"Tee ES, Mohd Ismail N, Mohd Nasir A, Khatijah I (1997). Nutrient Composition of Malaysian Foods, 4th Edition. Institute for Medical Research (IMR), Kuala Lumpur.",1997-01-01,https://myfcd.moh.gov.my/myfcd97/index.php/site/detail_product/114007/0/10/-1/0/0,2026-09-05T23:03:51.671008,per_100g,100.0,g,"5 long pieces (LxW, 7.5x1 cm)",1.0,21.1,g,459.0,,1.4,7.6,13.8,76.1,0.3,0.8,,,,,,,151.0,140.0,24.0,75.0,2.6,,,,,0.0,0.04,0.27,4.0,19.0,2.0,1,
MyFCD 1997,114009,MILK CHOCOLATE BEANS (BUTIRAN COKLAT BERSUSU),Butiran Coklat Bersusu,BUTIRAN COKLAT BERSUSU,Miscellaneous,"Tee ES, Mohd Ismail N, Mohd Nasir A, Khatijah I (1997). Nutrient Composition of Malaysian Foods, 4th Edition. Institute for Medical Research (IMR), Kuala Lumpur.",1997-01-01,https://myfcd.moh.gov.my/myfcd97/index.php/site/detail_product/114009/0/10/-1/0/0,2026-09-05T23:03:51.671793,per_100g,100.0,g,1 small tube,1.0,12.0,g,377.0,,2.5,2.2,2.6,86.2,0.0,6.5,,,,,,,36.0,117.0,54.0,38.0,9.0,,,,,4.7,0.0,0.09,1.1,15.0,0.0,1,
MyFCD 1997,114008,MILK CHOCOLATE WITH PEANUTS (COKLAT BERSUSU DAN BERKACANG),Coklat Bersusu Dan Berkacang,COKLAT BERSUSU DAN BERKACANG,Miscellaneous,"Tee ES, Mohd Ismail N, Mohd Nasir A, Khatijah I (1997). Nutrient Composition of Malaysian Foods, 4th Edition. Institute for Medical Research (IMR), Kuala Lumpur.",1997-01-01,https://myfcd.moh.gov.my/myfcd97/index.php/site/detail_product/114008/0/10/-1/0/0,2026-09-05T23:03:51.684456,per_100g,100.0,g,10 pieces,1.0,30.8,g,509.0,,6.8,17.2,30.9,40.5,2.6,2.0,,,,,,,83.0,295.0,152.0,245.0,2.5,,,,,1.2,0.33,0.4,6.4,57.0,0.0,1,
MyFCD 1997,114010,"COCOA, POWDER (KOKO, SERBUK) ; THEOBROMA CACAO","Koko, Serbuk","KOKO, SERBUK",Miscellaneous,"Tee ES, Mohd Ismail N, Mohd Nasir A, Khatijah I (1997). Nutrient Composition of Malaysian Foods, 4th Edition. Institute for Medical Research (IMR), Kuala Lumpur.",1997-01-01,https://myfcd.moh.gov.my/myfcd97/index.php/site/detail_product/114010/0/10/-1/0/0,2026-09-05T23:03:51.703805,per_100g,100.0,g,1 tablespoon,1.0,6.1,g,462.0,,3.3,14.8,22.4,50.3,0.9,8.3,,,,,,,95.0,2975.0,82.0,685.0,8.6,,,,,0.0,0.12,0.33,1.7,185.0,55.0,1,
MyFCD 1997,114011,"CREAMER, NON-DAIRY (KRIMER, BUKAN TENUSU)","Krimer, Bukan Tenusu","KRIMER, BUKAN TENUSU",Miscellaneous,"Tee ES, Mohd Ismail N, Mohd Nasir A, Khatijah I (1997). Nutrient Composition of Malaysian Foods, 4th Edition. Institute for Medical Research (IMR), Kuala Lumpur.",1997-01-01,https://myfcd.moh.gov.my/myfcd97/index.php/site/detail_product/114011/0/10/-1/0/0,2026-09-05T23:03:51.718310,per_100g,100.0,g,1 tablespoon,1.0,7.2,g,378.0,,4.7,3.6,1.4,87.7,0.0,2.6,,,,,,,104.0,788.0,12.0,420.0,0.1,,,,,0.9,0.0,0.0,0.5,24.0,0.0,1,
MyFCD 1997,114013,"VINEGAR, WHITE (CUKA, PUTIH)","Cuka, Putih","CUKA, PUTIH",Miscellaneous,"Tee ES, Mohd Ismail N, Mohd Nasir A, Khatijah I (1997). Nutrient Composition of Malaysian Foods, 4th Edition. Institute for Medical Research (IMR), Kuala Lumpur.",1997-01-01,https://myfcd.moh.gov.my/myfcd97/index.php/site/detail_product/114013/0/10/-1/0/0,2026-09-05T23:03:51.760820,per_100g,100.0,g,1 tablespoon,1.0,12.3,g,6.0,,98.4,0.4,0.0,1.1,0.0,0.1,,,,,,,6.0,11.0,9.0,25.0,0.4,,,,,0.0,0.07,0.0,0.2,0.0,0.0,1,
MyFCD 1997,114012,"ESSENCE OF CHICKEN, PROPRIETARY BRAND (PATI AYAM)",Pati Ayam,PATI AYAM,Miscellaneous,"Tee ES, Mohd Ismail N, Mohd Nasir A, Khatijah I (1997). Nutrient Composition of Malaysian Foods, 4th Edition. Institute for Medical Research (IMR), Kuala Lumpur.",1997-01-01,https://myfcd.moh.gov.my/myfcd97/index.php/site/detail_product/114012/0/10/-1/0/0,2026-09-05T23:03:51.761752,per_100g,100.0,g,1 bottle (70 ml),1.0,70.0,g,34.0,,90.7,8.4,0.0,0.2,0.0,0.7,,,,,,,73.0,96.0,6.0,42.0,0.2,,,,,0.0,0.03,0.19,1.0,0.0,0.0,1,
MyFCD 1997,114015,"YEAST, GRANULES, TINNED (YIS BIJI DALAM TIN)","Yeast, Granules, Tinned",YIS BIJI DALAM TIN,Miscellaneous,"Tee ES, Mohd Ismail N, Mohd Nasir A, Khatijah I (1997). Nutrient Composition of Malaysian Foods, 4th Edition. Institute for Medical Research (IMR), Kuala Lumpur.",1997-01-01,https://myfcd.moh.gov.my/myfcd97/index.php/site/detail_product/114015/0/10/-1/0/0,2026-09-05T23:03:51.795474,per_100g,100.0,g,1 teaspoon,1.0,4.3,g,356.0,,7.5,40.0,1.0,46.8,0.2,4.5,,,,,,,176.0,1468.0,66.0,776.0,7.9,,,,,8.1,2.5,0.1,24.6,0.0,0.0,1,
MyFCD 1997,114016,YEAST EXTRACT (PROPRIETARY BRAND) (PATI YIS),Proprietary Brand,PROPRIETARY BRAND,Miscellaneous,"Tee ES, Mohd Ismail N, Mohd Nasir A, Khatijah I (1997). Nutrient Composition of Malaysian Foods, 4th Edition. Institute for Medical Research (IMR), Kuala Lumpur.",1997-01-01,https://myfcd.moh.gov.my/myfcd97/index.php/site/detail_product/114016/0/10/-1/0/0,2026-09-05T23:03:51.834880,per_100g,100.0,g,1 teaspoon,1.0,6.6,g,237.0,,27.3,10.0,0.3,48.5,0.0,13.9,,,,,,,3720.0,1984.0,177.0,1570.0,7.3,,,,,0.0,0.6,17.2,50.2,78.0,0.0,1,
MyFCD 1997,114014,"YEAST, DRIED, BREWERS (YIS) ; SACCHAROMYCES CEREVISIAE",Yis,YIS,Miscellaneous,"Tee ES, Mohd Ismail N, Mohd Nasir A, Khatijah I (1997). Nutrient Composition of Malaysian Foods, 4th Edition. Institute for Medical Research (IMR), Kuala Lumpur.",1997-01-01,https://myfcd.moh.gov.my/myfcd97/index.php/site/detail_product/114014/0/10/-1/0/0,2026-09-05T23:03:51.836446,per_100g,100.0,g,1 teaspoon,1.0,4.0,g,326.0,,7.9,41.9,2.4,34.2,0.0,13.6,,,,,,,98.0,2358.0,420.0,1335.0,27.4,,,,,0.0,0.75,2.2,24.0,12.0,72.0,1,
MyFCD 1997,114018,"ASAM GELUGOR, PIECES (ASAM GELUGOR KEPING) ; GARCINIA ATROVIRIDIS",Asam Gelugor Keping,ASAM GELUGOR KEPING,Miscellaneous,"Tee ES, Mohd Ismail N, Mohd Nasir A, Khatijah I (1997). Nutrient Composition of Malaysian Foods, 4th Edition. Institute for Medical Research (IMR), Kuala Lumpur.",1997-01-01,https://myfcd.moh.gov.my/myfcd97/index.php/site/detail_product/114018/0/10/-1/0/0,2026-09-05T23:03:51.864120,per_100g,100.0,g,"5 round pieces (D, 3 cm)",1.0,9.4,g,230.0,,30.3,2.7,1.3,51.9,12.2,1.6,,,,,,,27.0,351.0,85.0,38.0,6.9,,,,,3.6,0.06,0.0,0.4,26.0,155.0,1,
MyFCD 1997,114019,CARDAMOM (BUAH PELAGA) ; ELETTARIA CARDAMOMUM,Buah Pelaga,BUAH PELAGA,Miscellaneous,"Tee ES, Mohd Ismail N, Mohd Nasir A, Khatijah I (1997). Nutrient Composition of Malaysian Foods, 4th Edition. Institute for Medical Research (IMR), Kuala Lumpur.",1997-01-01,https://myfcd.moh.gov.my/myfcd97/index.php/site/detail_product/114019/0/10/-1/0/0,2026-09-05T23:03:51.895540,per_100g,100.0,g,"10 seeds (LxD, 1.5x0.7 cm)",1.0,2.0,g,215.0,,18.0,10.0,3.3,36.4,22.1,10.2,,,,,,,13.0,1175.0,1631.0,139.0,19.9,,,,,0.0,0.02,0.22,1.9,0.0,0.0,1,
MyFCD 1997,114017,"ANISE SEED, DRIED (JINTAN MANIS) ; PIMPINELLA ANISUM",Jintan Manis,JINTAN MANIS,Miscellaneous,"Tee ES, Mohd Ismail N, Mohd Nasir A, Khatijah I (1997). Nutrient Composition of Malaysian Foods, 4th Edition. Institute for Medical Research (IMR), Kuala Lumpur.",1997-01-01,https://myfcd.moh.gov.my/myfcd97/index.php/site/detail_product/114017/0/10/-1/0/0,2026-09-05T23:03:51.898303,per_100g,100.0,g,1 teaspoon,1.0,1.9,g,334.0,,11.0,19.1,24.7,8.9,28.1,8.2,,,,,,,107.0,1920.0,756.0,383.0,60.5,,,,,0.0,0.35,0.28,4.8,27.0,163.0,1,
MyFCD 1997,114021,CINNAMON (KAYU MANIS),Kayu Manis,KAYU MANIS,Miscellaneous,"Tee ES, Mohd Ismail N, Mohd Nasir A, Khatijah I (1997). Nutrient Composition of Malaysian Foods, 4th Edition. Institute for Medical Research (IMR), Kuala Lumpur.",1997-01-01,https://myfcd.moh.gov.my/myfcd97/index.php/site/detail_product/114021/0/10/-1/0/0,2026-09-05T23:03:51.942311,per_100g,100.0,g,"1 piece (LxWxT, 5x1.4x0.7 cm)",1.0,1.6,g,307.0,,13.1,3.3,2.4,68.1,11.3,1.8,,,,,,,5.0,134.0,534.0,39.0,2.3,,,,,0.0,0.05,0.14,0.0,0.0,0.0,1,
MyFCD 1997,114020,"CHILLI, DRIED (LADA KERING) ; CAPSICUM ANNUUM",Lada Kering,LADA KERING,Miscellaneous,"Tee ES, Mohd Ismail N, Mohd Nasir A, Khatijah I (1997). Nutrient Composition of Malaysian Foods, 4th Edition. Institute for Medical Research (IMR), Kuala Lumpur.",1997-01-01,https://myfcd.moh.gov.my/myfcd97/index.php/site/detail_product/114020/0/10/-1/0/0,2026-09-05T23:03:51.952736,per_100g,100.0,g,"5 medium pieces (LxT, 12.5x1 cm)",1.0,5.3,g,243.0,,14.2,12.8,4.5,37.9,25.6,5.0,,,,,,,24.0,173.0,107.0,153.0,1.4,,,,,43.0,0.0,1.3,4.2,1741.0,10444.0,1,
MyFCD 1997,114024,"CUMIN SEEDS, BLACK (JINTAN HITAM) ; NIGELLA SATIVA",Jintan Hitam,JINTAN HITAM,Miscellaneous,"Tee ES, Mohd Ismail N, Mohd Nasir A, Khatijah I (1997). Nutrient Composition of Malaysian Foods, 4th Edition. Institute for Medical Research (IMR), Kuala Lumpur.",1997-01-01,https://myfcd.moh.gov.my/myfcd97/index.php/site/detail_product/114024/0/10/-1/0/0,2026-09-05T23:03:52.165290,per_100g,100.0,g,1 teaspoon,1.0,3.1,g,349.0,,13.0,12.7,14.8,41.3,12.5,5.7,,,,,,,21.0,929.0,664.0,704.0,29.9,,,,,0.0,0.63,0.2,5.9,0.0,0.0,1,
MyFCD 1997,114022,CLOVE (BUNGA CENGKIH) ; EUGENIA CARYOPHYLLATA/E. AROMATICA,Bunga Cengkih,BUNGA CENGKIH,Miscellaneous,"Tee ES, Mohd Ismail N, Mohd Nasir A, Khatijah I (1997). Nutrient Composition of Malaysian Foods, 4th Edition. Institute for Medical Research (IMR), Kuala Lumpur.",1997-01-01,https://myfcd.moh.gov.my/myfcd97/index.php/site/detail_product/114022/0/10/-1/0/0,2026-09-05T23:03:52.166357,per_100g,100.0,g,"5 cloves (LxT, 1x0.3 cm)",1.0,0.3,g,310.0,,23.3,5.4,12.4,44.3,10.0,4.6,,,,,,,282.0,961.0,740.0,97.0,5.0,,,,,0.0,0.03,0.0,0.0,44.0,265.0,1,
MyFCD 1997,114023,CORIANDER SEEDS (KETUMBAR) ; CORIANDRUM SATIVUM,Ketumbar,KETUMBAR,Miscellaneous,"Tee ES, Mohd Ismail N, Mohd Nasir A, Khatijah I (1997). Nutrient Composition of Malaysian Foods, 4th Edition. Institute for Medical Research (IMR), Kuala Lumpur.",1997-01-01,https://myfcd.moh.gov.my/myfcd97/index.php/site/detail_product/114023/0/10/-1/0/0,2026-09-05T23:03:52.189330,per_100g,100.0,g,1 tablespoon,1.0,5.8,g,279.0,,9.6,11.1,0.3,58.0,12.5,8.5,,,,,,,93.0,1819.0,605.0,371.0,34.5,,,,,0.0,0.0,0.34,0.0,13.0,77.0,1,
MyFCD 1997,114025,"CUMIN SEEDS, WHITE (JINTAN PUTIH) ; CUMINUM CYMINUM",Jintan Putih,JINTAN PUTIH,Miscellaneous,"Tee ES, Mohd Ismail N, Mohd Nasir A, Khatijah I (1997). Nutrient Composition of Malaysian Foods, 4th Edition. Institute for Medical Research (IMR), Kuala Lumpur.",1997-01-01,https://myfcd.moh.gov.my/myfcd97/index.php/site/detail_product/114025/0/10/-1/0/0,2026-09-05T23:03:52.206229,per_100g,100.0,g,1 teaspoon,1.0,2.4,g,257.0,,12.0,11.7,13.4,22.5,33.8,6.6,,,,,,,15.0,1301.0,1093.0,382.0,27.5,,,,,0.0,0.73,0.32,0.0,15.0,87.0,1,
MyFCD 1997,114026,CURRY LEAF (KARRUPILLAY) ; MURRAY KOENIGII,Karrupillay,KARRUPILLAY,Miscellaneous,"Tee ES, Mohd Ismail N, Mohd Nasir A, Khatijah I (1997). Nutrient Composition of Malaysian Foods, 4th Edition. Institute for Medical Research (IMR), Kuala Lumpur.",1997-01-01,https://myfcd.moh.gov.my/myfcd97/index.php/site/detail_product/114026/0/10/-1/0/0,2026-09-05T23:03:52.207012,per_100g,100.0,g,"5 leaves (LxW, 4x2 cm)",1.0,0.3,g,113.0,,60.2,9.7,1.7,14.7,10.3,3.4,,,,,,,9.0,450.0,760.0,60.0,3.1,,,,,12.6,0.0,0.4,0.5,806.0,4833.0,1,
MyFCD 1997,114027,CURRY POWDER (SERBUK KARI),Serbuk Kari,SERBUK KARI,Miscellaneous,"Tee ES, Mohd Ismail N, Mohd Nasir A, Khatijah I (1997). Nutrient Composition of Malaysian Foods, 4th Edition. Institute for Medical Research (IMR), Kuala Lumpur.",1997-01-01,https://myfcd.moh.gov.my/myfcd97/index.php/site/detail_product/114027/0/10/-1/0/0,2026-09-05T23:03:52.283186,per_100g,100.0,g,1 tablespoon,1.0,7.3,g,380.0,,4.9,9.5,16.9,47.4,15.9,5.4,,,,,,,78.0,1068.0,637.0,270.0,35.0,,,,,0.0,0.19,0.37,2.8,755.0,4528.0,1,
MyFCD 1997,114028,FENUGREEK SEEDS (HALBA / VENTHEUM) ; TRIGONELLA FOENUM-GRAECUM,Halba / Ventheum,HALBA / VENTHEUM,Miscellaneous,"Tee ES, Mohd Ismail N, Mohd Nasir A, Khatijah I (1997). Nutrient Composition of Malaysian Foods, 4th Edition. Institute for Medical Research (IMR), Kuala Lumpur.",1997-01-01,https://myfcd.moh.gov.my/myfcd97/index.php/site/detail_product/114028/0/10/-1/0/0,2026-09-05T23:03:52.293510,per_100g,100.0,g,1 teaspoon,1.0,4.0,g,321.0,,14.0,26.1,5.7,41.2,9.6,3.4,,,,,,,59.0,743.0,165.0,375.0,15.9,,,,,0.0,0.17,0.27,4.4,15.0,91.0,1,
MyFCD 1997,111018,"MILK, UHT, LOW-FAT, RECOMBINED ; (SUSU UHT, RENDAH LEMAK, CAMPURAN)","Susu Uht, Rendah Lemak, Campuran","SUSU UHT, RENDAH LEMAK, CAMPURAN",Milk and milk products,"Tee ES, Mohd Ismail N, Mohd Nasir A, Khatijah I (1997). Nutrient Composition of Malaysian Foods, 4th Edition. Institute for Medical Research (IMR), Kuala Lumpur.",1997-01-01,https://myfcd.moh.gov.my/myfcd97/index.php/site/detail_product/111018/0/10/-1/0/0,2026-09-05T23:03:52.330832,per_100g,100.0,g,1 small packet (1 cup),1.0,257.1,g,51.0,,88.7,4.1,1.7,4.7,0.0,0.8,,,,,,,36.0,82.0,132.0,97.0,0.2,,,,,0.0,0.04,0.45,1.4,16.0,0.0,1,
MyFCD 1997,114031,"GINGER, PICKLED (JERUK HALIA)",Jeruk Halia,JERUK HALIA,Miscellaneous,"Tee ES, Mohd Ismail N, Mohd Nasir A, Khatijah I (1997). Nutrient Composition of Malaysian Foods, 4th Edition. Institute for Medical Research (IMR), Kuala Lumpur.",1997-01-01,https://myfcd.moh.gov.my/myfcd97/index.php/site/detail_product/114031/0/10/-1/0/0,2026-09-05T23:03:52.336763,per_100g,100.0,g,"5 slices (LxWxT, 4x3x0.1 cm)",1.0,9.1,g,94.0,,73.4,2.7,0.4,20.0,3.0,0.5,,,,,,,70.0,20.0,9.0,9.0,1.5,,,,,0.0,0.03,0.02,0.4,2.0,12.0,1,
MyFCD 1997,114030,"GINGER ROOT, FRESH (HALIA)",Halia,HALIA,Miscellaneous,"Tee ES, Mohd Ismail N, Mohd Nasir A, Khatijah I (1997). Nutrient Composition of Malaysian Foods, 4th Edition. Institute for Medical Research (IMR), Kuala Lumpur.",1997-01-01,https://myfcd.moh.gov.my/myfcd97/index.php/site/detail_product/114030/0/10/-1/0/0,2026-09-05T23:03:52.337183,per_100g,100.0,g,"1 rectangular piece (LxWxT, 5.5x3x2.5 cm)",1.0,30.0,g,52.0,,86.1,2.1,1.0,8.6,1.7,0.5,,,,,,,3.0,125.0,17.0,63.0,2.5,,,,,5.3,0.04,0.04,0.7,0.0,0.0,1,
MyFCD 1997,114029,GALANGAL (LENGKUAS) ; LANGUAS GALANGA,Lengkuas,LENGKUAS,Miscellaneous,"Tee ES, Mohd Ismail N, Mohd Nasir A, Khatijah I (1997). Nutrient Composition of Malaysian Foods, 4th Edition. Institute for Medical Research (IMR), Kuala Lumpur.",1997-01-01,https://myfcd.moh.gov.my/myfcd97/index.php/site/detail_product/114029/0/10/-1/0/0,2026-09-05T23:03:52.337698,per_100g,100.0,g,"3 thin pieces (LxD, 0.3x2.7 cm)",1.0,6.2,g,36.0,,89.9,0.9,0.7,6.5,1.6,0.4,,,,,,,2.0,81.0,18.0,26.0,1.2,,,,,0.0,0.02,0.04,0.4,0.0,0.0,1,
MyFCD 1997,114032,LEMON GRASS (SERAI) ; CYMBOPOGON CITRATUS,Serai,SERAI,Miscellaneous,"Tee ES, Mohd Ismail N, Mohd Nasir A, Khatijah I (1997). Nutrient Composition of Malaysian Foods, 4th Edition. Institute for Medical Research (IMR), Kuala Lumpur.",1997-01-01,https://myfcd.moh.gov.my/myfcd97/index.php/site/detail_product/114032/0/10/-1/0/0,2026-09-05T23:03:52.427255,per_100g,100.0,g,1 tablespoon (grind),1.0,4.8,g,60.0,,83.0,0.7,0.7,12.8,2.0,0.8,,,,,,,2.0,288.0,28.0,29.0,1.1,,,,,0.0,0.04,0.05,0.4,0.0,0.0,1,
MyFCD 1997,114035,"PEPPER, POWDER, WHITE (SERBUK LADA PUTIH) ; PIPER NIGRUM",Serbuk Lada Putih,SERBUK LADA PUTIH,Miscellaneous,"Tee ES, Mohd Ismail N, Mohd Nasir A, Khatijah I (1997). Nutrient Composition of Malaysian Foods, 4th Edition. Institute for Medical Research (IMR), Kuala Lumpur.",1997-01-01,https://myfcd.moh.gov.my/myfcd97/index.php/site/detail_product/114035/0/10/-1/0/0,2026-09-05T23:03:52.457667,per_100g,100.0,g,1 teaspoon,1.0,2.5,g,362.0,,10.9,9.8,2.6,74.9,1.0,0.8,,,,,,,4.0,102.0,732.0,44.0,4.6,,,,,0.0,0.05,0.06,2.6,4.0,24.0,1,
MyFCD 1997,114033,MUSTARD SEED (BIJI SAWI) ; BRASSICA SPP.,Biji Sawi,BIJI SAWI,Miscellaneous,"Tee ES, Mohd Ismail N, Mohd Nasir A, Khatijah I (1997). Nutrient Composition of Malaysian Foods, 4th Edition. Institute for Medical Research (IMR), Kuala Lumpur.",1997-01-01,https://myfcd.moh.gov.my/myfcd97/index.php/site/detail_product/114033/0/10/-1/0/0,2026-09-05T23:03:52.458583,per_100g,100.0,g,1 teaspoon,1.0,3.3,g,506.0,,8.0,22.7,31.6,32.7,1.7,3.3,,,,,,,90.0,780.0,431.0,198.0,23.0,,,,,22.0,0.17,0.25,3.9,22.0,134.0,1,
MyFCD 1997,114037,"SALT, TABLE (GARAM)",Garam,GARAM,Miscellaneous,"Tee ES, Mohd Ismail N, Mohd Nasir A, Khatijah I (1997). Nutrient Composition of Malaysian Foods, 4th Edition. Institute for Medical Research (IMR), Kuala Lumpur.",1997-01-01,https://myfcd.moh.gov.my/myfcd97/index.php/site/detail_product/114037/0/10/-1/0/0,2026-09-05T23:03:52.467920,per_100g,100.0,g,1 teaspoon,1.0,5.6,g,0.0,,3.6,0.0,0.0,0.0,0.0,99.0,,,,,,,39173.0,109.0,31.0,0.0,0.8,,,,,0.0,0.0,0.0,0.0,0.0,0.0,1,
MyFCD 1997,114036,SAFFRON (KUMA) ; CROCUS SATIVUS,Kuma,KUMA,Miscellaneous,"Tee ES, Mohd Ismail N, Mohd Nasir A, Khatijah I (1997). Nutrient Composition of Malaysian Foods, 4th Edition. Institute for Medical Research (IMR), Kuala Lumpur.",1997-01-01,https://myfcd.moh.gov.my/myfcd97/index.php/site/detail_product/114036/0/10/-1/0/0,2026-09-05T23:03:52.468776,per_100g,100.0,g,1 teaspoon,1.0,2.1,g,69.0,,80.0,2.5,0.7,13.2,1.7,1.9,,,,,,,28.0,400.0,25.0,133.0,2.5,,,,,0.0,0.1,0.08,2.5,13.0,77.0,1,
MyFCD 1997,114034,"MUSTARD POWDER, TINNED (SERBUK BIJI SAWI DALAM TIN)","Mustard Powder, Tinned",SERBUK BIJI SAWI DALAM TIN,Miscellaneous,"Tee ES, Mohd Ismail N, Mohd Nasir A, Khatijah I (1997). Nutrient Composition of Malaysian Foods, 4th Edition. Institute for Medical Research (IMR), Kuala Lumpur.",1997-01-01,https://myfcd.moh.gov.my/myfcd97/index.php/site/detail_product/114034/0/10/-1/0/0,2026-09-05T23:03:52.469366,per_100g,100.0,g,1 teaspoon,1.0,2.5,g,547.0,,6.6,31.9,39.9,15.1,3.4,3.1,,,,,,,6.0,635.0,407.0,205.0,7.4,,,,,10.8,0.48,0.17,7.5,38.0,225.0,1,
MyFCD 1997,114038,"TAMARIND, PASTE (ASAM JAWA)",Asam Jawa,ASAM JAWA,Miscellaneous,"Tee ES, Mohd Ismail N, Mohd Nasir A, Khatijah I (1997). Nutrient Composition of Malaysian Foods, 4th Edition. Institute for Medical Research (IMR), Kuala Lumpur.",1997-01-01,https://myfcd.moh.gov.my/myfcd97/index.php/site/detail_product/114038/0/10/-1/0/0,2026-09-05T23:03:52.546243,per_100g,100.0,g,1 tablespoon,1.0,14.2,g,238.0,,26.2,2.7,0.4,55.8,8.1,6.8,,,,,,,4231.0,534.0,117.0,63.0,3.7,,,,,6.6,0.08,0.14,0.7,0.0,0.0,1,
MyFCD 1997,211001,(BIDARAN),Bidaran,BIDARAN,Rice and rice flour based,"Tee ES, Mohd Ismail N, Mohd Nasir A, Khatijah I (1997). Nutrient Composition of Malaysian Foods, 4th Edition. Institute for Medical Research (IMR), Kuala Lumpur.",1997-01-01,https://myfcd.moh.gov.my/myfcd97/index.php/site/detail_product/211001/0/10/-1/0/0,2026-09-05T23:03:52.563681,per_100g,100.0,g,1 piece,1.0,69.0,g,325.0,,34.1,5.2,14.4,43.7,1.8,0.8,,,,,,,10.0,267.0,39.0,86.0,2.0,,,,,0.0,0.07,0.1,0.5,18.0,0.0,1,
MyFCD 1997,114039,"TUMERIC ROOT, DRIED (KUNYIT, KERING)","Kunyit, Kering","KUNYIT, KERING",Miscellaneous,"Tee ES, Mohd Ismail N, Mohd Nasir A, Khatijah I (1997). Nutrient Composition of Malaysian Foods, 4th Edition. Institute for Medical Research (IMR), Kuala Lumpur.",1997-01-01,https://myfcd.moh.gov.my/myfcd97/index.php/site/detail_product/114039/0/10/-1/0/0,2026-09-05T23:03:52.605560,per_100g,100.0,g,1 teaspoon (grind),1.0,3.2,g,335.0,,14.2,2.3,5.0,70.1,3.2,5.2,,,,,,,32.0,2311.0,146.0,284.0,18.6,,,,,0.0,0.03,0.12,2.3,11.0,67.0,1,
MyFCD 1997,211004,(DODOL BERDURIAN),Dodol Berdurian,DODOL BERDURIAN,Rice and rice flour based,"Tee ES, Mohd Ismail N, Mohd Nasir A, Khatijah I (1997). Nutrient Composition of Malaysian Foods, 4th Edition. Institute for Medical Research (IMR), Kuala Lumpur.",1997-01-01,https://myfcd.moh.gov.my/myfcd97/index.php/site/detail_product/211004/0/10/-1/0/0,2026-09-05T23:03:52.606268,per_100g,100.0,g,1 piece,1.0,22.0,g,342.0,,20.1,2.5,4.8,72.1,0.1,0.4,,,,,,,40.0,60.0,13.0,23.0,6.5,,,,,0.0,0.22,0.23,0.2,128.0,211.0,1,
MyFCD 1997,211002,(BINGKA TEPUNG BERAS),Bingka Tepung Beras,BINGKA TEPUNG BERAS,Rice and rice flour based,"Tee ES, Mohd Ismail N, Mohd Nasir A, Khatijah I (1997). Nutrient Composition of Malaysian Foods, 4th Edition. Institute for Medical Research (IMR), Kuala Lumpur.",1997-01-01,https://myfcd.moh.gov.my/myfcd97/index.php/site/detail_product/211002/0/10/-1/0/0,2026-09-05T23:03:52.606891,per_100g,100.0,g,1 piece,1.0,100.0,g,189.0,,52.9,1.8,1.5,42.0,1.3,0.5,,,,,,,40.0,70.0,3.0,48.0,1.4,,,,,0.0,0.02,0.0,0.1,1.0,0.0,1,
MyFCD 1997,211003,(CHEE-PAH),Chee-Pah,CHEE-PAH,Rice and rice flour based,"Tee ES, Mohd Ismail N, Mohd Nasir A, Khatijah I (1997). Nutrient Composition of Malaysian Foods, 4th Edition. Institute for Medical Research (IMR), Kuala Lumpur.",1997-01-01,https://myfcd.moh.gov.my/myfcd97/index.php/site/detail_product/211003/0/10/-1/0/0,2026-09-05T23:03:52.607919,per_100g,100.0,g,1 piece,1.0,55.0,g,302.0,,32.7,8.1,7.6,50.3,0.8,0.5,,,,,,,40.0,110.0,8.0,80.0,0.9,,,,,0.0,0.07,0.01,2.6,2.0,0.0,1,
MyFCD 1997,211005,(DODOL),Dodol,DODOL,Rice and rice flour based,"Tee ES, Mohd Ismail N, Mohd Nasir A, Khatijah I (1997). Nutrient Composition of Malaysian Foods, 4th Edition. Institute for Medical Research (IMR), Kuala Lumpur.",1997-01-01,https://myfcd.moh.gov.my/myfcd97/index.php/site/detail_product/211005/0/10/-1/0/0,2026-09-05T23:03:52.666700,per_100g,100.0,g,1 piece,1.0,22.0,g,322.0,,24.4,2.9,4.7,66.9,0.1,1.0,,,,,,,8.0,37.0,43.0,55.0,3.6,,,,,1.6,0.21,0.19,0.8,140.0,179.0,1,
MyFCD 1997,211006,(KUIH BAKUL),Kuih Bakul,KUIH BAKUL,Rice and rice flour based,"Tee ES, Mohd Ismail N, Mohd Nasir A, Khatijah I (1997). Nutrient Composition of Malaysian Foods, 4th Edition. Institute for Medical Research (IMR), Kuala Lumpur.",1997-01-01,https://myfcd.moh.gov.my/myfcd97/index.php/site/detail_product/211006/0/10/-1/0/0,2026-09-05T23:03:52.680092,per_100g,100.0,g,1 piece,1.0,25.0,g,290.0,,27.6,2.4,0.3,69.5,0.2,0.0,,,,,,,10.0,20.0,6.0,13.0,1.2,,,,,1.3,0.03,0.07,0.4,6.0,2.0,1,
MyFCD 1997,211009,(KUIH BUAH ROTAN),Kuih Buah Rotan,KUIH BUAH ROTAN,Rice and rice flour based,"Tee ES, Mohd Ismail N, Mohd Nasir A, Khatijah I (1997). Nutrient Composition of Malaysian Foods, 4th Edition. Institute for Medical Research (IMR), Kuala Lumpur.",1997-01-01,https://myfcd.moh.gov.my/myfcd97/index.php/site/detail_product/211009/0/10/-1/0/0,2026-09-05T23:03:52.718546,per_100g,100.0,g,1 piece,1.0,3.0,g,404.0,,1.6,2.9,3.4,90.4,0.5,1.2,,,,,,,10.0,303.0,26.0,37.0,2.8,,,,,0.0,0.29,0.03,1.8,82.0,120.0,1,
MyFCD 1997,211008,(KUIH BUAH MELAKA),Kuih Buah Melaka,KUIH BUAH MELAKA,Rice and rice flour based,"Tee ES, Mohd Ismail N, Mohd Nasir A, Khatijah I (1997). Nutrient Composition of Malaysian Foods, 4th Edition. Institute for Medical Research (IMR), Kuala Lumpur.",1997-01-01,https://myfcd.moh.gov.my/myfcd97/index.php/site/detail_product/211008/0/10/-1/0/0,2026-09-05T23:03:52.719590,per_100g,100.0,g,1 piece,1.0,15.0,g,201.0,,50.3,3.2,1.2,44.4,0.5,0.8,,,,,,,152.0,59.0,30.0,28.0,2.3,,,,,1.2,0.0,0.05,0.4,3.0,0.0,1,
MyFCD 1997,211007,(KUIH BOM),Kuih Bom,KUIH BOM,Rice and rice flour based,"Tee ES, Mohd Ismail N, Mohd Nasir A, Khatijah I (1997). Nutrient Composition of Malaysian Foods, 4th Edition. Institute for Medical Research (IMR), Kuala Lumpur.",1997-01-01,https://myfcd.moh.gov.my/myfcd97/index.php/site/detail_product/211007/0/10/-1/0/0,2026-09-05T23:03:52.722891,per_100g,100.0,g,1 piece,1.0,63.0,g,337.0,,28.2,5.6,14.6,45.8,5.0,0.8,,,,,,,18.0,7.0,18.0,5.0,3.5,,,,,1.0,0.28,0.06,0.4,7.0,0.0,1,
MyFCD 1997,211010,(KUIH KARAS),Kuih Karas,KUIH KARAS,Rice and rice flour based,"Tee ES, Mohd Ismail N, Mohd Nasir A, Khatijah I (1997). Nutrient Composition of Malaysian Foods, 4th Edition. Institute for Medical Research (IMR), Kuala Lumpur.",1997-01-01,https://myfcd.moh.gov.my/myfcd97/index.php/site/detail_product/211010/0/10/-1/0/0,2026-09-05T23:03:52.729356,per_100g,100.0,g,1 piece,1.0,8.0,g,543.0,,4.5,4.2,34.0,55.0,0.1,2.2,,,,,,,9.0,17.0,10.0,41.0,2.6,,,,,0.0,0.0,0.05,0.3,5.0,0.0,1,
MyFCD 1997,211011,(KUIH KASUI),Kuih Kasui,KUIH KASUI,Rice and rice flour based,"Tee ES, Mohd Ismail N, Mohd Nasir A, Khatijah I (1997). Nutrient Composition of Malaysian Foods, 4th Edition. Institute for Medical Research (IMR), Kuala Lumpur.",1997-01-01,https://myfcd.moh.gov.my/myfcd97/index.php/site/detail_product/211011/0/10/-1/0/0,2026-09-05T23:03:52.770817,per_100g,100.0,g,1 piece,1.0,103.0,g,161.0,,60.5,2.3,1.7,34.2,0.5,0.8,,,,,,,104.0,129.0,48.0,49.0,0.6,,,,,0.0,0.01,0.04,0.1,8.0,0.0,1,
MyFCD 1997,211012,(KUIH KOCI PULUT HITAM),Kuih Koci Pulut Hitam,KUIH KOCI PULUT HITAM,Rice and rice flour based,"Tee ES, Mohd Ismail N, Mohd Nasir A, Khatijah I (1997). Nutrient Composition of Malaysian Foods, 4th Edition. Institute for Medical Research (IMR), Kuala Lumpur.",1997-01-01,https://myfcd.moh.gov.my/myfcd97/index.php/site/detail_product/211012/0/10/-1/0/0,2026-09-05T23:03:52.814970,per_100g,100.0,g,1 piece,1.0,82.0,g,200.0,,48.7,5.7,2.0,39.7,2.8,1.1,,,,,,,19.0,9.0,30.0,2.0,1.1,,,,,0.0,0.39,0.05,0.1,6.0,1.0,1,
MyFCD 1997,211014,(KUIH LAPIS),Kuih Lapis,KUIH LAPIS,Rice and rice flour based,"Tee ES, Mohd Ismail N, Mohd Nasir A, Khatijah I (1997). Nutrient Composition of Malaysian Foods, 4th Edition. Institute for Medical Research (IMR), Kuala Lumpur.",1997-01-01,https://myfcd.moh.gov.my/myfcd97/index.php/site/detail_product/211014/0/10/-1/0/0,2026-09-05T23:03:52.848123,per_100g,100.0,g,1 piece,1.0,87.0,g,152.0,,63.2,2.2,1.2,33.1,0.0,0.3,,,,,,,49.0,29.0,5.0,98.0,1.3,,,,,0.4,0.01,0.03,0.2,11.0,0.0,1,
MyFCD 1997,211013,(KUIH KOCI PULUT PUTIH),Kuih Koci Pulut Putih,KUIH KOCI PULUT PUTIH,Rice and rice flour based,"Tee ES, Mohd Ismail N, Mohd Nasir A, Khatijah I (1997). Nutrient Composition of Malaysian Foods, 4th Edition. Institute for Medical Research (IMR), Kuala Lumpur.",1997-01-01,https://myfcd.moh.gov.my/myfcd97/index.php/site/detail_product/211013/0/10/-1/0/0,2026-09-05T23:03:52.848752,per_100g,100.0,g,1 piece,1.0,82.0,g,223.0,,46.9,6.8,3.5,41.0,1.1,0.7,,,,,,,14.0,87.0,11.0,2.0,0.8,,,,,0.0,0.06,0.05,0.6,22.0,0.0,1,
MyFCD 1997,211016,(KUIH LOPES PULUT),Kuih Lopes Pulut,KUIH LOPES PULUT,Rice and rice flour based,"Tee ES, Mohd Ismail N, Mohd Nasir A, Khatijah I (1997). Nutrient Composition of Malaysian Foods, 4th Edition. Institute for Medical Research (IMR), Kuala Lumpur.",1997-01-01,https://myfcd.moh.gov.my/myfcd97/index.php/site/detail_product/211016/0/10/-1/0/0,2026-09-05T23:03:52.862730,per_100g,100.0,g,1 piece,1.0,83.0,g,202.0,,50.6,2.3,2.2,43.3,0.9,0.7,,,,,,,81.0,75.0,50.0,2.0,0.9,,,,,0.0,0.02,0.12,0.1,3.0,0.0,1,
MyFCD 1997,211017,(KUIH PENERAM),Kuih Peneram,KUIH PENERAM,Rice and rice flour based,"Tee ES, Mohd Ismail N, Mohd Nasir A, Khatijah I (1997). Nutrient Composition of Malaysian Foods, 4th Edition. Institute for Medical Research (IMR), Kuala Lumpur.",1997-01-01,https://myfcd.moh.gov.my/myfcd97/index.php/site/detail_product/211017/0/10/-1/0/0,2026-09-05T23:03:52.880243,per_100g,100.0,g,1 piece,1.0,55.0,g,465.0,,10.4,2.9,21.9,64.1,0.0,0.7,,,,,,,110.0,76.0,7.0,150.0,3.8,,,,,0.0,0.04,0.1,1.3,6.0,0.0,1,
MyFCD 1997,211015,(KUIH LOMPANG),Kuih Lompang,KUIH LOMPANG,Rice and rice flour based,"Tee ES, Mohd Ismail N, Mohd Nasir A, Khatijah I (1997). Nutrient Composition of Malaysian Foods, 4th Edition. Institute for Medical Research (IMR), Kuala Lumpur.",1997-01-01,https://myfcd.moh.gov.my/myfcd97/index.php/site/detail_product/211015/0/10/-1/0/0,2026-09-05T23:03:52.893522,per_100g,100.0,g,1 piece,1.0,86.0,g,136.0,,65.4,2.6,0.3,30.8,0.5,0.4,,,,,,,90.0,130.0,45.0,8.0,1.3,,,,,2.0,0.04,0.07,0.1,2.0,0.0,1,
MyFCD 1997,211018,(KUIH SRI MUKA),Kuih Sri Muka,KUIH SRI MUKA,Rice and rice flour based,"Tee ES, Mohd Ismail N, Mohd Nasir A, Khatijah I (1997). Nutrient Composition of Malaysian Foods, 4th Edition. Institute for Medical Research (IMR), Kuala Lumpur.",1997-01-01,https://myfcd.moh.gov.my/myfcd97/index.php/site/detail_product/211018/0/10/-1/0/0,2026-09-05T23:03:52.922127,per_100g,100.0,g,1 piece,1.0,99.0,g,194.0,,55.5,3.6,3.8,36.3,0.2,0.6,,,,,,,116.0,258.0,6.0,59.0,0.7,,,,,1.0,0.01,0.05,0.5,14.0,0.0,1,
MyFCD 1997,211019,(KUIH TALAM SERI KAYA),Kuih Talam Seri Kaya,KUIH TALAM SERI KAYA,Rice and rice flour based,"Tee ES, Mohd Ismail N, Mohd Nasir A, Khatijah I (1997). Nutrient Composition of Malaysian Foods, 4th Edition. Institute for Medical Research (IMR), Kuala Lumpur.",1997-01-01,https://myfcd.moh.gov.my/myfcd97/index.php/site/detail_product/211019/0/10/-1/0/0,2026-09-05T23:03:52.973773,per_100g,100.0,g,1 piece,1.0,122.0,g,149.0,,62.6,1.4,0.9,33.8,0.4,0.9,,,,,,,141.0,98.0,20.0,24.0,0.8,,,,,0.4,0.0,0.06,0.6,34.0,0.0,1,
MyFCD 1997,211020,(KUIH TEPUNG PELITA),Kuih Tepung Pelita,KUIH TEPUNG PELITA,Rice and rice flour based,"Tee ES, Mohd Ismail N, Mohd Nasir A, Khatijah I (1997). Nutrient Composition of Malaysian Foods, 4th Edition. Institute for Medical Research (IMR), Kuala Lumpur.",1997-01-01,https://myfcd.moh.gov.my/myfcd97/index.php/site/detail_product/211020/0/10/-1/0/0,2026-09-05T23:03:52.979490,per_100g,100.0,g,1 piece,1.0,74.0,g,137.0,,65.6,2.2,0.7,30.5,0.7,0.3,,,,,,,217.0,8.0,12.0,3.0,0.8,,,,,0.0,0.01,0.08,0.2,26.0,1.0,1,
MyFCD 1997,211022,(PULUT PANGGANG/PULUT UDANG),Pulut Panggang/Pulut Udang,PULUT PANGGANG/PULUT UDANG,Rice and rice flour based,"Tee ES, Mohd Ismail N, Mohd Nasir A, Khatijah I (1997). Nutrient Composition of Malaysian Foods, 4th Edition. Institute for Medical Research (IMR), Kuala Lumpur.",1997-01-01,https://myfcd.moh.gov.my/myfcd97/index.php/site/detail_product/211022/0/10/-1/0/0,2026-09-05T23:03:52.994352,per_100g,100.0,g,1 piece,1.0,83.0,g,222.0,,50.8,4.0,6.7,36.5,0.8,1.2,,,,,,,447.0,150.0,12.0,29.0,2.5,,,,,0.0,0.02,0.07,1.0,31.0,23.0,1,
MyFCD 1997,211023,(PUTU PIRING),Putu Piring,PUTU PIRING,Rice and rice flour based,"Tee ES, Mohd Ismail N, Mohd Nasir A, Khatijah I (1997). Nutrient Composition of Malaysian Foods, 4th Edition. Institute for Medical Research (IMR), Kuala Lumpur.",1997-01-01,https://myfcd.moh.gov.my/myfcd97/index.php/site/detail_product/211023/0/10/-1/0/0,2026-09-05T23:03:53.034683,per_100g,100.0,g,1 piece,1.0,32.0,g,234.0,,45.3,2.9,4.3,46.0,0.4,1.1,,,,,,,472.0,95.0,16.0,41.0,2.1,,,,,0.0,0.13,0.07,0.3,19.0,3.0,1,
MyFCD 1997,211021,(LOR-MAI-FAN),Lor-Mai-Fan,LOR-MAI-FAN,Rice and rice flour based,"Tee ES, Mohd Ismail N, Mohd Nasir A, Khatijah I (1997). Nutrient Composition of Malaysian Foods, 4th Edition. Institute for Medical Research (IMR), Kuala Lumpur.",1997-01-01,https://myfcd.moh.gov.my/myfcd97/index.php/site/detail_product/211021/0/10/-1/0/0,2026-09-05T23:03:53.035800,per_100g,100.0,g,1 piece,1.0,190.0,g,222.0,,48.9,5.1,4.3,40.6,0.0,1.1,,,,,,,304.0,21.0,17.0,32.0,3.8,,,,,0.0,0.02,0.03,1.2,0.0,0.0,1,
MyFCD 1997,211024,(REMPEYEK),Rempeyek,REMPEYEK,Rice and rice flour based,"Tee ES, Mohd Ismail N, Mohd Nasir A, Khatijah I (1997). Nutrient Composition of Malaysian Foods, 4th Edition. Institute for Medical Research (IMR), Kuala Lumpur.",1997-01-01,https://myfcd.moh.gov.my/myfcd97/index.php/site/detail_product/211024/0/10/-1/0/0,2026-09-05T23:03:53.057209,per_100g,100.0,g,1 piece,1.0,15.0,g,597.0,,1.6,17.4,43.3,34.4,1.1,2.2,,,,,,,322.0,450.0,43.0,321.0,3.3,,,,,4.7,0.23,0.15,5.7,26.0,2.0,1,
MyFCD 1997,211026,(TEPUNG BUNGKUS),Tepung Bungkus,TEPUNG BUNGKUS,Rice and rice flour based,"Tee ES, Mohd Ismail N, Mohd Nasir A, Khatijah I (1997). Nutrient Composition of Malaysian Foods, 4th Edition. Institute for Medical Research (IMR), Kuala Lumpur.",1997-01-01,https://myfcd.moh.gov.my/myfcd97/index.php/site/detail_product/211026/0/10/-1/0/0,2026-09-05T23:03:53.098698,per_100g,100.0,g,1 piece,1.0,85.0,g,280.0,,32.3,1.7,2.5,62.7,0.2,0.6,,,,,,,160.0,25.0,10.0,21.0,0.5,,,,,0.0,0.08,0.05,0.4,9.0,23.0,1,
MyFCD 1997,211025,(TAPAI PULUT),Tapai Pulut,TAPAI PULUT,Rice and rice flour based,"Tee ES, Mohd Ismail N, Mohd Nasir A, Khatijah I (1997). Nutrient Composition of Malaysian Foods, 4th Edition. Institute for Medical Research (IMR), Kuala Lumpur.",1997-01-01,https://myfcd.moh.gov.my/myfcd97/index.php/site/detail_product/211025/0/10/-1/0/0,2026-09-05T23:03:53.101879,per_100g,100.0,g,1 piece,1.0,80.0,g,167.0,,58.0,3.5,0.1,38.1,0.2,0.1,,,,,,,5.0,12.0,1.0,20.0,1.3,,,,,0.0,0.5,0.0,0.1,0.0,0.0,1,
MyFCD 1997,212002,"CAKE, PLAIN (KEK BIASA)",Kek Biasa,KEK BIASA,Wheat flour based,"Tee ES, Mohd Ismail N, Mohd Nasir A, Khatijah I (1997). Nutrient Composition of Malaysian Foods, 4th Edition. Institute for Medical Research (IMR), Kuala Lumpur.",1997-01-01,https://myfcd.moh.gov.my/myfcd97/index.php/site/detail_product/212002/0/10/-1/0/0,2026-09-05T23:03:53.153816,per_100g,100.0,g,1 piece,1.0,23.0,g,435.0,,14.8,7.1,19.8,57.1,0.0,1.2,,,,,,,355.0,38.0,15.0,160.0,0.8,,,,,1.0,0.06,0.05,0.6,65.0,0.0,1,
MyFCD 1997,211027,(TUMPI),Tumpi,TUMPI,Rice and rice flour based,"Tee ES, Mohd Ismail N, Mohd Nasir A, Khatijah I (1997). Nutrient Composition of Malaysian Foods, 4th Edition. Institute for Medical Research (IMR), Kuala Lumpur.",1997-01-01,https://myfcd.moh.gov.my/myfcd97/index.php/site/detail_product/211027/0/10/-1/0/0,2026-09-05T23:03:53.154586,per_100g,100.0,g,1 piece,1.0,13.0,g,528.0,,3.9,12.6,31.5,48.5,1.3,2.2,,,,,,,418.0,409.0,34.0,199.0,2.8,,,,,10.0,0.1,0.08,1.9,15.0,1.0,1,
MyFCD 1997,212001,(BAULU CERMAI),Baulu Cermai,BAULU CERMAI,Wheat flour based,"Tee ES, Mohd Ismail N, Mohd Nasir A, Khatijah I (1997). Nutrient Composition of Malaysian Foods, 4th Edition. Institute for Medical Research (IMR), Kuala Lumpur.",1997-01-01,https://myfcd.moh.gov.my/myfcd97/index.php/site/detail_product/212001/0/10/-1/0/0,2026-09-05T23:03:53.164485,per_100g,100.0,g,1 piece,1.0,6.0,g,380.0,,10.1,9.3,4.9,74.7,0.5,0.5,,,,,,,80.0,69.0,10.0,108.0,1.8,,,,,0.0,0.12,0.12,0.6,11.0,0.0,1,
MyFCD 1997,211028,(WAJIK),Wajik,WAJIK,Rice and rice flour based,"Tee ES, Mohd Ismail N, Mohd Nasir A, Khatijah I (1997). Nutrient Composition of Malaysian Foods, 4th Edition. Institute for Medical Research (IMR), Kuala Lumpur.",1997-01-01,https://myfcd.moh.gov.my/myfcd97/index.php/site/detail_product/211028/0/10/-1/0/0,2026-09-05T23:03:53.165816,per_100g,100.0,g,1 piece,1.0,23.0,g,284.0,,31.6,3.8,2.6,61.4,0.1,0.5,,,,,,,40.0,140.0,15.0,43.0,0.7,,,,,0.0,0.02,0.15,1.0,13.0,4.0,1,
MyFCD 1997,212003,"CAKE, SWISS ROLL (KEK SWISS ROLL)",Kek Swiss Roll,KEK SWISS ROLL,Wheat flour based,"Tee ES, Mohd Ismail N, Mohd Nasir A, Khatijah I (1997). Nutrient Composition of Malaysian Foods, 4th Edition. Institute for Medical Research (IMR), Kuala Lumpur.",1997-01-01,https://myfcd.moh.gov.my/myfcd97/index.php/site/detail_product/212003/0/10/-1/0/0,2026-09-05T23:03:53.202960,per_100g,100.0,g,1 piece,1.0,10.0,g,362.0,,30.6,6.7,18.1,43.1,0.6,0.9,,,,,,,110.0,32.0,93.0,127.0,1.4,,,,,2.5,0.21,0.46,1.3,88.0,128.0,0,R212010
MyFCD 1997,212005,(CUCUR UDANG),Cucur Udang,CUCUR UDANG,Wheat flour based,"Tee ES, Mohd Ismail N, Mohd Nasir A, Khatijah I (1997). Nutrient Composition of Malaysian Foods, 4th Edition. Institute for Medical Research (IMR), Kuala Lumpur.",1997-01-01,https://myfcd.moh.gov.my/myfcd97/index.php/site/detail_product/212005/0/10/-1/0/0,2026-09-05T23:03:53.259583,per_100g,100.0,g,1 piece,1.0,54.0,g,266.0,,46.4,5.7,11.5,34.8,0.2,1.4,,,,,,,279.0,39.0,34.0,94.0,0.8,,,,,0.3,0.04,0.06,0.9,56.0,18.0,1,
MyFCD 1997,212004,"CAKE, SWISS ROLL, CHOCOLATE FLAVOUR (KEK SWISS ROLL PERASA COKLAT)",Kek Swiss Roll Perasa Coklat,KEK SWISS ROLL PERASA COKLAT,Wheat flour based,"Tee ES, Mohd Ismail N, Mohd Nasir A, Khatijah I (1997). Nutrient Composition of Malaysian Foods, 4th Edition. Institute for Medical Research (IMR), Kuala Lumpur.",1997-01-01,https://myfcd.moh.gov.my/myfcd97/index.php/site/detail_product/212004/0/10/-1/0/0,2026-09-05T23:03:53.268225,per_100g,100.0,g,1 piece,1.0,10.0,g,373.0,,28.1,6.8,18.6,44.7,0.9,0.9,,,,,,,140.0,56.0,10.0,145.0,2.4,,,,,0.0,0.45,1.13,2.0,103.0,165.0,0,R212011
MyFCD 1997,212006,CURRYPUFF (KARIPAP),Karipap,KARIPAP,Wheat flour based,"Tee ES, Mohd Ismail N, Mohd Nasir A, Khatijah I (1997). Nutrient Composition of Malaysian Foods, 4th Edition. Institute for Medical Research (IMR), Kuala Lumpur.",1997-01-01,https://myfcd.moh.gov.my/myfcd97/index.php/site/detail_product/212006/0/10/-1/0/0,2026-09-05T23:03:53.275592,per_100g,100.0,g,1 piece,1.0,40.0,g,319.0,,36.2,4.7,14.1,43.2,0.2,1.6,,,,,,,170.0,164.0,24.0,61.0,1.3,,,,,0.6,0.11,0.08,0.8,49.0,54.0,1,
MyFCD 1997,212007,"CURRYPUFF, TWISTED (KARIPAP PUSING)",Karipap Pusing,KARIPAP PUSING,Wheat flour based,"Tee ES, Mohd Ismail N, Mohd Nasir A, Khatijah I (1997). Nutrient Composition of Malaysian Foods, 4th Edition. Institute for Medical Research (IMR), Kuala Lumpur.",1997-01-01,https://myfcd.moh.gov.my/myfcd97/index.php/site/detail_product/212007/0/10/-1/0/0,2026-09-05T23:03:53.276155,per_100g,100.0,g,1 piece,1.0,59.0,g,216.0,,64.7,5.2,16.7,11.2,0.7,1.5,,,,,,,286.0,212.0,37.0,56.0,1.9,,,,,0.0,0.23,0.2,1.2,56.0,32.0,1,
MyFCD 1997,212008,"CURRYPUFF, MINI (KARIPAP MINI)",Karipap Mini,KARIPAP MINI,Wheat flour based,"Tee ES, Mohd Ismail N, Mohd Nasir A, Khatijah I (1997). Nutrient Composition of Malaysian Foods, 4th Edition. Institute for Medical Research (IMR), Kuala Lumpur.",1997-01-01,https://myfcd.moh.gov.my/myfcd97/index.php/site/detail_product/212008/0/10/-1/0/0,2026-09-05T23:03:53.287163,per_100g,100.0,g,1 piece,1.0,8.0,g,545.0,,3.7,9.5,33.7,50.8,1.1,1.2,,,,,,,157.0,210.0,85.0,125.0,2.0,,,,,0.0,0.09,0.04,0.7,52.0,182.0,1,
MyFCD 1997,212009,"DUMPLING, CHICKEN (KUIH PAU AYAM)",Kuih Pau Ayam,KUIH PAU AYAM,Wheat flour based,"Tee ES, Mohd Ismail N, Mohd Nasir A, Khatijah I (1997). Nutrient Composition of Malaysian Foods, 4th Edition. Institute for Medical Research (IMR), Kuala Lumpur.",1997-01-01,https://myfcd.moh.gov.my/myfcd97/index.php/site/detail_product/212009/0/10/-1/0/0,2026-09-05T23:03:53.323901,per_100g,100.0,g,1 piece,1.0,85.0,g,239.0,,42.4,12.2,2.6,41.6,0.7,0.5,,,,,,,99.0,14.0,21.0,64.0,2.8,,,,,0.0,0.09,0.11,1.2,89.0,40.0,1,
MyFCD 1997,212010,"DUMPLING, RED GRAM (KUIH PAU KACANG MERAH)",Kuih Pau Kacang Merah,KUIH PAU KACANG MERAH,Wheat flour based,"Tee ES, Mohd Ismail N, Mohd Nasir A, Khatijah I (1997). Nutrient Composition of Malaysian Foods, 4th Edition. Institute for Medical Research (IMR), Kuala Lumpur.",1997-01-01,https://myfcd.moh.gov.my/myfcd97/index.php/site/detail_product/212010/0/10/-1/0/0,2026-09-05T23:03:53.378976,per_100g,100.0,g,1 piece,1.0,80.0,g,279.0,,33.5,6.8,3.5,55.1,0.8,0.3,,,,,,,9.0,7.0,25.0,12.0,6.2,,,,,0.0,0.1,0.08,0.7,71.0,122.0,1,
MyFCD 1997,212013,(KESARI),Kesari,KESARI,Wheat flour based,"Tee ES, Mohd Ismail N, Mohd Nasir A, Khatijah I (1997). Nutrient Composition of Malaysian Foods, 4th Edition. Institute for Medical Research (IMR), Kuala Lumpur.",1997-01-01,https://myfcd.moh.gov.my/myfcd97/index.php/site/detail_product/212013/0/10/-1/0/0,2026-09-05T23:03:53.384257,per_100g,100.0,g,1 piece,1.0,60.0,g,283.0,,41.6,2.7,13.5,37.7,0.0,4.5,,,,,,,17.0,17.0,4.0,132.0,0.4,,,,,0.0,0.01,0.66,0.8,0.0,0.0,1,
MyFCD 1997,212011,(HALWA),Halwa,HALWA,Wheat flour based,"Tee ES, Mohd Ismail N, Mohd Nasir A, Khatijah I (1997). Nutrient Composition of Malaysian Foods, 4th Edition. Institute for Medical Research (IMR), Kuala Lumpur.",1997-01-01,https://myfcd.moh.gov.my/myfcd97/index.php/site/detail_product/212011/0/10/-1/0/0,2026-09-05T23:03:53.403217,per_100g,100.0,g,1 piece,1.0,50.0,g,298.0,,36.5,0.6,10.3,50.8,0.0,1.8,,,,,,,30.0,14.0,17.0,151.0,2.3,,,,,0.0,0.0,0.34,0.0,0.0,0.0,1,
MyFCD 1997,212014,(KUIH APAM),Kuih Apam,KUIH APAM,Wheat flour based,"Tee ES, Mohd Ismail N, Mohd Nasir A, Khatijah I (1997). Nutrient Composition of Malaysian Foods, 4th Edition. Institute for Medical Research (IMR), Kuala Lumpur.",1997-01-01,https://myfcd.moh.gov.my/myfcd97/index.php/site/detail_product/212014/0/10/-1/0/0,2026-09-05T23:03:53.403765,per_100g,100.0,g,1 piece,1.0,27.0,g,193.0,,52.0,2.4,0.4,45.0,0.0,0.2,,,,,,,843.0,0.0,5.0,26.0,0.3,,,,,0.0,0.0,0.03,0.2,4.0,0.0,1,
MyFCD 1997,212012,HAM-CHI-PENG WITH GLUTINOUS RICE (HAM-CHI-PENG),Ham-Chi-Peng,HAM-CHI-PENG,Wheat flour based,"Tee ES, Mohd Ismail N, Mohd Nasir A, Khatijah I (1997). Nutrient Composition of Malaysian Foods, 4th Edition. Institute for Medical Research (IMR), Kuala Lumpur.",1997-01-01,https://myfcd.moh.gov.my/myfcd97/index.php/site/detail_product/212012/0/10/-1/0/0,2026-09-05T23:03:53.422416,per_100g,100.0,g,1 piece,1.0,75.0,g,311.0,,30.2,5.7,7.6,54.9,0.2,1.4,,,,,,,459.0,22.0,17.0,158.0,0.9,,,,,0.0,0.01,0.06,0.1,0.0,0.0,1,
MyFCD 1997,212015,(KUIH APAM BALIK),Kuih Apam Balik,KUIH APAM BALIK,Wheat flour based,"Tee ES, Mohd Ismail N, Mohd Nasir A, Khatijah I (1997). Nutrient Composition of Malaysian Foods, 4th Edition. Institute for Medical Research (IMR), Kuala Lumpur.",1997-01-01,https://myfcd.moh.gov.my/myfcd97/index.php/site/detail_product/212015/0/10/-1/0/0,2026-09-05T23:03:53.432465,per_100g,100.0,g,1 piece,1.0,115.0,g,245.0,,43.6,6.0,5.0,43.9,1.1,0.4,,,,,,,95.0,114.0,22.0,20.0,2.6,,,,,0.0,0.06,0.11,1.3,23.0,0.0,1,
MyFCD 1997,212017,(KUIH BAWANG),Kuih Bawang,KUIH BAWANG,Wheat flour based,"Tee ES, Mohd Ismail N, Mohd Nasir A, Khatijah I (1997). Nutrient Composition of Malaysian Foods, 4th Edition. Institute for Medical Research (IMR), Kuala Lumpur.",1997-01-01,https://myfcd.moh.gov.my/myfcd97/index.php/site/detail_product/212017/0/10/-1/0/0,2026-09-05T23:03:53.492064,per_100g,100.0,g,1 piece,1.0,4.0,g,488.0,,2.9,8.8,21.6,64.6,0.3,1.8,,,,,,,543.0,107.0,22.0,85.0,1.5,,,,,0.0,0.07,0.06,0.0,5.0,0.0,1,
MyFCD 1997,212018,(KUIH KAPIT),Kuih Kapit,KUIH KAPIT,Wheat flour based,"Tee ES, Mohd Ismail N, Mohd Nasir A, Khatijah I (1997). Nutrient Composition of Malaysian Foods, 4th Edition. Institute for Medical Research (IMR), Kuala Lumpur.",1997-01-01,https://myfcd.moh.gov.my/myfcd97/index.php/site/detail_product/212018/0/10/-1/0/0,2026-09-05T23:03:53.510431,per_100g,100.0,g,1 piece,1.0,4.0,g,417.0,,2.8,7.5,6.7,81.6,0.4,1.0,,,,,,,85.0,128.0,8.0,99.0,0.8,,,,,0.0,0.02,0.03,0.4,17.0,4.0,1,
MyFCD 1997,212019,(KUIH KERIA),Kuih Keria,KUIH KERIA,Wheat flour based,"Tee ES, Mohd Ismail N, Mohd Nasir A, Khatijah I (1997). Nutrient Composition of Malaysian Foods, 4th Edition. Institute for Medical Research (IMR), Kuala Lumpur.",1997-01-01,https://myfcd.moh.gov.my/myfcd97/index.php/site/detail_product/212019/0/10/-1/0/0,2026-09-05T23:03:53.527508,per_100g,100.0,g,1 piece,1.0,38.0,g,236.0,,44.2,2.6,3.9,47.7,0.8,0.8,,,,,,,81.0,164.0,29.0,59.0,0.3,,,,,0.0,0.08,0.04,0.8,29.0,57.0,1,
MyFCD 1997,212016,(KUIH APAM GULA HANGUS),Kuih Apam Gula Hangus,KUIH APAM GULA HANGUS,Wheat flour based,"Tee ES, Mohd Ismail N, Mohd Nasir A, Khatijah I (1997). Nutrient Composition of Malaysian Foods, 4th Edition. Institute for Medical Research (IMR), Kuala Lumpur.",1997-01-01,https://myfcd.moh.gov.my/myfcd97/index.php/site/detail_product/212016/0/10/-1/0/0,2026-09-05T23:03:53.541602,per_100g,100.0,g,1 piece,1.0,50.0,g,317.0,,35.6,5.6,12.5,45.4,0.0,0.9,,,,,,,195.0,191.0,27.0,42.0,3.1,,,,,0.0,0.1,0.08,0.7,25.0,0.0,1,
MyFCD 1997,212020,(KUIH KETAYAP),Kuih Ketayap,KUIH KETAYAP,Wheat flour based,"Tee ES, Mohd Ismail N, Mohd Nasir A, Khatijah I (1997). Nutrient Composition of Malaysian Foods, 4th Edition. Institute for Medical Research (IMR), Kuala Lumpur.",1997-01-01,https://myfcd.moh.gov.my/myfcd97/index.php/site/detail_product/212020/0/10/-1/0/0,2026-09-05T23:03:53.544653,per_100g,100.0,g,1 piece,1.0,65.0,g,216.0,,54.0,4.2,7.9,32.1,1.1,0.8,,,,,,,47.0,331.0,17.0,43.0,5.5,,,,,0.0,0.06,0.11,2.4,50.0,0.0,1,
MyFCD 1997,212021,(KUIH LIDAH KUCING),Kuih Lidah Kucing,KUIH LIDAH KUCING,Wheat flour based,"Tee ES, Mohd Ismail N, Mohd Nasir A, Khatijah I (1997). Nutrient Composition of Malaysian Foods, 4th Edition. Institute for Medical Research (IMR), Kuala Lumpur.",1997-01-01,https://myfcd.moh.gov.my/myfcd97/index.php/site/detail_product/212021/0/10/-1/0/0,2026-09-05T23:03:53.552975,per_100g,100.0,g,1 piece,1.0,14.0,g,526.0,,3.8,7.7,30.0,56.4,0.1,2.0,,,,,,,587.0,87.0,17.0,64.0,1.4,,,,,0.0,0.3,0.03,1.0,2.0,0.0,1,
MyFCD 1997,212022,PINEAPPLE TART (KUIH TAT NENAS),Kuih Tat Nenas,KUIH TAT NENAS,Wheat flour based,"Tee ES, Mohd Ismail N, Mohd Nasir A, Khatijah I (1997). Nutrient Composition of Malaysian Foods, 4th Edition. Institute for Medical Research (IMR), Kuala Lumpur.",1997-01-01,https://myfcd.moh.gov.my/myfcd97/index.php/site/detail_product/212022/0/10/-1/0/0,2026-09-05T23:03:53.612331,per_100g,100.0,g,1 piece,1.0,5.0,g,452.0,,11.2,6.3,20.9,59.7,0.7,1.2,,,,,,,310.0,90.0,14.0,54.0,2.9,,,,,3.1,0.05,0.04,0.7,19.0,15.0,1,
MyFCD 1997,212023,"SANDWICH, SARDINE (SANDWIC SARDIN)",Sandwic Sardin,SANDWIC SARDIN,Wheat flour based,"Tee ES, Mohd Ismail N, Mohd Nasir A, Khatijah I (1997). Nutrient Composition of Malaysian Foods, 4th Edition. Institute for Medical Research (IMR), Kuala Lumpur.",1997-01-01,https://myfcd.moh.gov.my/myfcd97/index.php/site/detail_product/212023/0/10/-1/0/0,2026-09-05T23:03:53.612804,per_100g,100.0,g,1 piece,1.0,28.0,g,252.0,,41.7,7.4,5.8,42.6,0.6,1.9,,,,,,,456.0,93.0,94.0,80.0,1.6,,,,,1.1,0.09,0.07,1.1,74.0,169.0,1,
MyFCD 1997,212024,(YAU-CAR-KUE),Yau-Car-Kue,YAU-CAR-KUE,Wheat flour based,"Tee ES, Mohd Ismail N, Mohd Nasir A, Khatijah I (1997). Nutrient Composition of Malaysian Foods, 4th Edition. Institute for Medical Research (IMR), Kuala Lumpur.",1997-01-01,https://myfcd.moh.gov.my/myfcd97/index.php/site/detail_product/212024/0/10/-1/0/0,2026-09-05T23:03:53.663484,per_100g,100.0,g,1 piece,1.0,70.0,g,417.0,,22.7,8.0,21.9,46.9,0.0,0.5,,,,,,,284.0,30.0,35.0,169.0,0.9,,,,,0.0,0.01,0.09,1.2,0.0,0.0,1,
MyFCD 1997,213001,(BINGKA UBI KAYU),Bingka Ubi Kayu,BINGKA UBI KAYU,Miscellaneous,"Tee ES, Mohd Ismail N, Mohd Nasir A, Khatijah I (1997). Nutrient Composition of Malaysian Foods, 4th Edition. Institute for Medical Research (IMR), Kuala Lumpur.",1997-01-01,https://myfcd.moh.gov.my/myfcd97/index.php/site/detail_product/213001/0/10/-1/0/0,2026-09-05T23:03:53.664427,per_100g,100.0,g,1 piece,1.0,100.0,g,221.0,,48.3,1.2,4.2,44.5,1.1,0.7,,,,,,,50.0,90.0,35.0,35.0,2.8,,,,,0.0,0.05,0.0,1.3,1.0,0.0,1,
MyFCD 1997,213002,"(BINGKA UBI KAYU, GULA MERAH)","Bingka Ubi Kayu, Gula Merah","BINGKA UBI KAYU, GULA MERAH",Miscellaneous,"Tee ES, Mohd Ismail N, Mohd Nasir A, Khatijah I (1997). Nutrient Composition of Malaysian Foods, 4th Edition. Institute for Medical Research (IMR), Kuala Lumpur.",1997-01-01,https://myfcd.moh.gov.my/myfcd97/index.php/site/detail_product/213002/0/10/-1/0/0,2026-09-05T23:03:53.671908,per_100g,100.0,g,1 piece,1.0,100.0,g,223.0,,48.3,1.7,4.5,43.8,1.0,0.7,,,,,,,55.0,260.0,32.0,38.0,1.0,,,,,2.1,0.08,0.07,0.2,0.0,0.0,1,
MyFCD 1997,212025,DOUGHNUT (DONAT),Donat,DONAT,Wheat flour based,"Tee ES, Mohd Ismail N, Mohd Nasir A, Khatijah I (1997). Nutrient Composition of Malaysian Foods, 4th Edition. Institute for Medical Research (IMR), Kuala Lumpur.",1997-01-01,https://myfcd.moh.gov.my/myfcd97/index.php/site/detail_product/212025/0/10/-1/0/0,2026-09-05T23:03:53.683189,per_100g,100.0,g,1 piece,1.0,75.0,g,357.0,,23.2,9.4,10.4,56.5,0.0,0.5,,,,,,,59.0,75.0,47.0,82.0,0.8,,,,,0.0,0.14,0.08,1.9,48.0,11.0,1,
MyFCD 1997,213004,(CUCUR BADAK),Cucur Badak,CUCUR BADAK,Miscellaneous,"Tee ES, Mohd Ismail N, Mohd Nasir A, Khatijah I (1997). Nutrient Composition of Malaysian Foods, 4th Edition. Institute for Medical Research (IMR), Kuala Lumpur.",1997-01-01,https://myfcd.moh.gov.my/myfcd97/index.php/site/detail_product/213004/0/10/-1/0/0,2026-09-05T23:03:53.736978,per_100g,100.0,g,1 piece,1.0,29.0,g,253.0,,46.3,5.5,9.6,36.1,1.2,1.3,,,,,,,369.0,289.0,22.0,59.0,1.2,,,,,0.5,0.07,0.04,1.0,82.0,64.0,1,
MyFCD 1997,213003,(COKODOK PISANG),Cokodok Pisang,COKODOK PISANG,Miscellaneous,"Tee ES, Mohd Ismail N, Mohd Nasir A, Khatijah I (1997). Nutrient Composition of Malaysian Foods, 4th Edition. Institute for Medical Research (IMR), Kuala Lumpur.",1997-01-01,https://myfcd.moh.gov.my/myfcd97/index.php/site/detail_product/213003/0/10/-1/0/0,2026-09-05T23:03:53.766563,per_100g,100.0,g,1 piece,1.0,71.0,g,254.0,,43.2,3.9,6.3,45.4,0.5,0.7,,,,,,,75.0,162.0,9.0,45.0,0.6,,,,,0.9,0.06,0.06,0.6,37.0,35.0,1,
MyFCD 1997,213005,(EMPING MUDA),Emping Muda,EMPING MUDA,Miscellaneous,"Tee ES, Mohd Ismail N, Mohd Nasir A, Khatijah I (1997). Nutrient Composition of Malaysian Foods, 4th Edition. Institute for Medical Research (IMR), Kuala Lumpur.",1997-01-01,https://myfcd.moh.gov.my/myfcd97/index.php/site/detail_product/213005/0/10/-1/0/0,2026-09-05T23:03:53.773435,per_100g,100.0,g,1 piece,1.0,20.0,g,360.0,,11.5,7.1,4.0,73.9,1.4,2.1,,,,,,,26.0,256.0,21.0,313.0,4.5,,,,,0.0,0.23,0.14,2.5,9.0,52.0,1,
MyFCD 1997,213006,(EMPING TUA),Emping Tua,EMPING TUA,Miscellaneous,"Tee ES, Mohd Ismail N, Mohd Nasir A, Khatijah I (1997). Nutrient Composition of Malaysian Foods, 4th Edition. Institute for Medical Research (IMR), Kuala Lumpur.",1997-01-01,https://myfcd.moh.gov.my/myfcd97/index.php/site/detail_product/213006/0/10/-1/0/0,2026-09-05T23:03:53.795131,per_100g,100.0,g,1 piece,1.0,20.0,g,364.0,,11.1,8.2,4.4,73.0,0.9,2.4,,,,,,,392.0,229.0,15.0,330.0,2.1,,,,,0.0,0.27,0.21,2.3,3.0,17.0,1,
MyFCD 1997,213007,(KEREPEK UBI KAYU),Kerepek Ubi Kayu,KEREPEK UBI KAYU,Miscellaneous,"Tee ES, Mohd Ismail N, Mohd Nasir A, Khatijah I (1997). Nutrient Composition of Malaysian Foods, 4th Edition. Institute for Medical Research (IMR), Kuala Lumpur.",1997-01-01,https://myfcd.moh.gov.my/myfcd97/index.php/site/detail_product/213007/0/10/-1/0/0,2026-09-05T23:03:53.801631,per_100g,100.0,g,1 piece,1.0,11.0,g,434.0,,3.8,2.3,12.3,78.4,1.5,1.7,,,,,,,50.0,288.0,39.0,44.0,4.0,,,,,0.4,0.03,0.41,1.0,76.0,190.0,1,
MyFCD 1997,213008,(KUIH BANGKIT SAGU),Kuih Bangkit Sagu,KUIH BANGKIT SAGU,Miscellaneous,"Tee ES, Mohd Ismail N, Mohd Nasir A, Khatijah I (1997). Nutrient Composition of Malaysian Foods, 4th Edition. Institute for Medical Research (IMR), Kuala Lumpur.",1997-01-01,https://myfcd.moh.gov.my/myfcd97/index.php/site/detail_product/213008/0/10/-1/0/0,2026-09-05T23:03:53.804860,per_100g,100.0,g,1 piece,1.0,4.0,g,432.0,,4.1,2.8,10.2,82.3,0.1,0.5,,,,,,,104.0,84.0,18.0,110.0,1.8,,,,,0.0,0.21,0.03,0.0,10.0,2.0,1,
MyFCD 1997,213010,(KUIH KACANG),Kuih Kacang,KUIH KACANG,Miscellaneous,"Tee ES, Mohd Ismail N, Mohd Nasir A, Khatijah I (1997). Nutrient Composition of Malaysian Foods, 4th Edition. Institute for Medical Research (IMR), Kuala Lumpur.",1997-01-01,https://myfcd.moh.gov.my/myfcd97/index.php/site/detail_product/213010/0/10/-1/0/0,2026-09-05T23:03:53.889050,per_100g,100.0,g,1 piece,1.0,19.0,g,452.0,,2.5,8.3,12.9,75.7,0.2,0.4,,,,,,,110.0,84.0,7.0,121.0,3.9,,,,,0.0,0.3,0.4,2.6,0.0,0.0,1,
MyFCD 1997,213009,(KUIH BANGKIT),Kuih Bangkit,KUIH BANGKIT,Miscellaneous,"Tee ES, Mohd Ismail N, Mohd Nasir A, Khatijah I (1997). Nutrient Composition of Malaysian Foods, 4th Edition. Institute for Medical Research (IMR), Kuala Lumpur.",1997-01-01,https://myfcd.moh.gov.my/myfcd97/index.php/site/detail_product/213009/0/10/-1/0/0,2026-09-05T23:03:53.918738,per_100g,100.0,g,1 piece,1.0,3.0,g,434.0,,3.7,0.8,10.4,84.3,0.3,0.5,,,,,,,280.0,80.0,28.0,26.0,4.0,,,,,0.0,0.08,0.04,0.2,8.0,1.0,1,
MyFCD 1997,213011,(KUIH KASTAD JAGUNG),Kuih Kastad Jagung,KUIH KASTAD JAGUNG,Miscellaneous,"Tee ES, Mohd Ismail N, Mohd Nasir A, Khatijah I (1997). Nutrient Composition of Malaysian Foods, 4th Edition. Institute for Medical Research (IMR), Kuala Lumpur.",1997-01-01,https://myfcd.moh.gov.my/myfcd97/index.php/site/detail_product/213011/0/10/-1/0/0,2026-09-05T23:03:53.928008,per_100g,100.0,g,1 piece,1.0,93.0,g,116.0,,70.5,0.6,0.6,27.1,1.1,0.1,,,,,,,46.0,35.0,3.0,13.0,0.4,,,,,4.2,0.02,0.01,0.3,1.0,2.0,1,
MyFCD 1997,213012,(KUIH KASTURI),Kuih Kasturi,KUIH KASTURI,Miscellaneous,"Tee ES, Mohd Ismail N, Mohd Nasir A, Khatijah I (1997). Nutrient Composition of Malaysian Foods, 4th Edition. Institute for Medical Research (IMR), Kuala Lumpur.",1997-01-01,https://myfcd.moh.gov.my/myfcd97/index.php/site/detail_product/213012/0/10/-1/0/0,2026-09-05T23:03:53.957292,per_100g,100.0,g,1 piece,1.0,72.0,g,246.0,,45.1,6.9,7.3,38.2,1.5,1.0,,,,,,,95.0,185.0,28.0,110.0,3.4,,,,,0.0,0.13,0.07,1.8,25.0,27.0,1,
MyFCD 1997,213014,(KUIH TALAM UBI KAYU),Kuih Talam Ubi Kayu,KUIH TALAM UBI KAYU,Miscellaneous,"Tee ES, Mohd Ismail N, Mohd Nasir A, Khatijah I (1997). Nutrient Composition of Malaysian Foods, 4th Edition. Institute for Medical Research (IMR), Kuala Lumpur.",1997-01-01,https://myfcd.moh.gov.my/myfcd97/index.php/site/detail_product/213014/0/10/-1/0/0,2026-09-05T23:03:53.958394,per_100g,100.0,g,1 piece,1.0,93.0,g,163.0,,60.6,1.2,2.5,34.0,1.1,0.6,,,,,,,16.0,17.0,4.0,14.0,3.1,,,,,0.0,0.03,0.14,0.2,1.0,0.0,1,
MyFCD 1997,213013,(KUIH SAGU),Kuih Sagu,KUIH SAGU,Miscellaneous,"Tee ES, Mohd Ismail N, Mohd Nasir A, Khatijah I (1997). Nutrient Composition of Malaysian Foods, 4th Edition. Institute for Medical Research (IMR), Kuala Lumpur.",1997-01-01,https://myfcd.moh.gov.my/myfcd97/index.php/site/detail_product/213013/0/10/-1/0/0,2026-09-05T23:03:53.985539,per_100g,100.0,g,1 piece,1.0,92.0,g,142.0,,65.3,0.3,1.3,32.2,0.6,0.3,,,,,,,20.0,19.0,1.0,8.0,0.9,,,,,2.0,0.0,0.05,0.5,5.0,0.0,1,
MyFCD 1997,213016,(LADDU),Laddu,LADDU,Miscellaneous,"Tee ES, Mohd Ismail N, Mohd Nasir A, Khatijah I (1997). Nutrient Composition of Malaysian Foods, 4th Edition. Institute for Medical Research (IMR), Kuala Lumpur.",1997-01-01,https://myfcd.moh.gov.my/myfcd97/index.php/site/detail_product/213016/0/10/-1/0/0,2026-09-05T23:03:54.026598,per_100g,100.0,g,1 piece,1.0,70.0,g,442.0,,15.0,6.4,21.8,55.1,0.1,1.6,,,,,,,66.0,18.0,26.0,113.0,2.3,,,,,0.0,0.01,0.02,0.0,0.0,0.0,1,
MyFCD 1997,213015,(KUIH TELUR LABAH),Kuih Telur Labah,KUIH TELUR LABAH,Miscellaneous,"Tee ES, Mohd Ismail N, Mohd Nasir A, Khatijah I (1997). Nutrient Composition of Malaysian Foods, 4th Edition. Institute for Medical Research (IMR), Kuala Lumpur.",1997-01-01,https://myfcd.moh.gov.my/myfcd97/index.php/site/detail_product/213015/0/10/-1/0/0,2026-09-05T23:03:54.027402,per_100g,100.0,g,1 piece,1.0,10.0,g,420.0,,5.2,2.3,8.3,83.9,0.1,0.2,,,,,,,70.0,60.0,20.0,21.0,1.6,,,,,1.9,0.15,0.03,0.5,2.0,0.0,1,
MyFCD 1997,213017,(LENGAT PISANG),Lengat Pisang,LENGAT PISANG,Miscellaneous,"Tee ES, Mohd Ismail N, Mohd Nasir A, Khatijah I (1997). Nutrient Composition of Malaysian Foods, 4th Edition. Institute for Medical Research (IMR), Kuala Lumpur.",1997-01-01,https://myfcd.moh.gov.my/myfcd97/index.php/site/detail_product/213017/0/10/-1/0/0,2026-09-05T23:03:54.274536,per_100g,100.0,g,1 piece,1.0,49.0,g,211.0,,46.6,3.9,0.7,47.3,0.4,1.1,,,,,,,343.0,168.0,20.0,43.0,2.4,,,,,0.0,0.0,0.06,0.7,7.0,1.0,1,
MyFCD 1997,213018,(LEPAT PISANG),Lepat Pisang,LEPAT PISANG,Miscellaneous,"Tee ES, Mohd Ismail N, Mohd Nasir A, Khatijah I (1997). Nutrient Composition of Malaysian Foods, 4th Edition. Institute for Medical Research (IMR), Kuala Lumpur.",1997-01-01,https://myfcd.moh.gov.my/myfcd97/index.php/site/detail_product/213018/0/10/-1/0/0,2026-09-05T23:03:54.280931,per_100g,100.0,g,1 piece,1.0,93.0,g,205.0,,51.7,2.9,2.9,41.7,0.1,0.7,,,,,,,72.0,1.0,8.0,30.0,0.7,,,,,0.0,0.06,0.08,2.0,39.0,139.0,1,
MyFCD 1997,213019,(LEPAT UBI),Lepat Ubi,LEPAT UBI,Miscellaneous,"Tee ES, Mohd Ismail N, Mohd Nasir A, Khatijah I (1997). Nutrient Composition of Malaysian Foods, 4th Edition. Institute for Medical Research (IMR), Kuala Lumpur.",1997-01-01,https://myfcd.moh.gov.my/myfcd97/index.php/site/detail_product/213019/0/10/-1/0/0,2026-09-05T23:03:54.282176,per_100g,100.0,g,1 piece,1.0,85.0,g,208.0,,46.1,1.0,0.8,49.2,1.8,1.1,,,,,,,236.0,249.0,29.0,541.0,1.5,,,,,2.5,0.06,0.22,0.6,12.0,3.0,1,
MyFCD 1997,213020,(MYSORE PAK),Mysore Pak,MYSORE PAK,Miscellaneous,"Tee ES, Mohd Ismail N, Mohd Nasir A, Khatijah I (1997). Nutrient Composition of Malaysian Foods, 4th Edition. Institute for Medical Research (IMR), Kuala Lumpur.",1997-01-01,https://myfcd.moh.gov.my/myfcd97/index.php/site/detail_product/213020/0/10/-1/0/0,2026-09-05T23:03:54.324062,per_100g,100.0,g,1 piece,1.0,90.0,g,384.0,,7.1,6.0,3.6,82.0,0.0,1.3,,,,,,,64.0,29.0,31.0,132.0,3.2,,,,,0.0,0.01,0.5,1.8,0.0,0.0,1,
MyFCD 1997,213021,(PAKODA),Pakoda,PAKODA,Miscellaneous,"Tee ES, Mohd Ismail N, Mohd Nasir A, Khatijah I (1997). Nutrient Composition of Malaysian Foods, 4th Edition. Institute for Medical Research (IMR), Kuala Lumpur.",1997-01-01,https://myfcd.moh.gov.my/myfcd97/index.php/site/detail_product/213021/0/10/-1/0/0,2026-09-05T23:03:54.340543,per_100g,100.0,g,1 piece,1.0,90.0,g,314.0,,37.1,8.7,14.9,36.2,0.2,2.9,,,,,,,604.0,29.0,29.0,320.0,4.4,,,,,0.0,0.01,0.19,2.1,0.0,0.0,1,
MyFCD 1997,213022,(PAPADAM),Papadam,PAPADAM,Miscellaneous,"Tee ES, Mohd Ismail N, Mohd Nasir A, Khatijah I (1997). Nutrient Composition of Malaysian Foods, 4th Edition. Institute for Medical Research (IMR), Kuala Lumpur.",1997-01-01,https://myfcd.moh.gov.my/myfcd97/index.php/site/detail_product/213022/0/10/-1/0/0,2026-09-05T23:03:54.341587,per_100g,100.0,g,1 piece,1.0,60.0,g,515.0,,1.8,16.8,31.7,40.6,0.5,8.6,,,,,,,1428.0,52.0,41.0,381.0,9.5,,,,,0.0,0.01,0.27,1.1,7.0,0.0,1,
MyFCD 1997,213025,(PUTU KACANG),Putu Kacang,PUTU KACANG,Miscellaneous,"Tee ES, Mohd Ismail N, Mohd Nasir A, Khatijah I (1997). Nutrient Composition of Malaysian Foods, 4th Edition. Institute for Medical Research (IMR), Kuala Lumpur.",1997-01-01,https://myfcd.moh.gov.my/myfcd97/index.php/site/detail_product/213025/0/10/-1/0/0,2026-09-05T23:03:54.399052,per_100g,100.0,g,1 piece,1.0,20.0,g,371.0,,8.1,16.9,1.8,71.8,1.3,0.1,,,,,,,26.0,434.0,20.0,181.0,2.5,,,,,0.0,0.01,0.09,0.6,8.0,1.0,1,
MyFCD 1997,213024,(PUDING JAGUNG),Puding Jagung,PUDING JAGUNG,Miscellaneous,"Tee ES, Mohd Ismail N, Mohd Nasir A, Khatijah I (1997). Nutrient Composition of Malaysian Foods, 4th Edition. Institute for Medical Research (IMR), Kuala Lumpur.",1997-01-01,https://myfcd.moh.gov.my/myfcd97/index.php/site/detail_product/213024/0/10/-1/0/0,2026-09-05T23:03:54.399697,per_100g,100.0,g,1 piece,1.0,90.0,g,100.0,,75.3,1.5,0.6,22.1,0.2,0.3,,,,,,,6.0,75.0,6.0,16.0,1.1,,,,,0.0,0.01,0.02,0.3,49.0,51.0,1,
MyFCD 1997,213023,(PISANG GORENG),Pisang Goreng,PISANG GORENG,Miscellaneous,"Tee ES, Mohd Ismail N, Mohd Nasir A, Khatijah I (1997). Nutrient Composition of Malaysian Foods, 4th Edition. Institute for Medical Research (IMR), Kuala Lumpur.",1997-01-01,https://myfcd.moh.gov.my/myfcd97/index.php/site/detail_product/213023/0/10/-1/0/0,2026-09-05T23:03:54.401101,per_100g,100.0,g,1 piece,1.0,65.0,g,198.0,,55.0,2.0,4.4,37.5,0.2,0.9,,,,,,,83.0,185.0,7.0,32.0,0.6,,,,,3.2,0.04,0.08,0.8,22.0,39.0,1,
MyFCD 1997,213026,"(VADAI, KACANG DAL KUNING)","Vadai, Kacang Dal Kuning","VADAI, KACANG DAL KUNING",Miscellaneous,"Tee ES, Mohd Ismail N, Mohd Nasir A, Khatijah I (1997). Nutrient Composition of Malaysian Foods, 4th Edition. Institute for Medical Research (IMR), Kuala Lumpur.",1997-01-01,https://myfcd.moh.gov.my/myfcd97/index.php/site/detail_product/213026/0/10/-1/0/0,2026-09-05T23:03:54.460958,per_100g,100.0,g,1 piece,1.0,60.0,g,324.0,,37.9,13.6,17.5,28.0,0.5,2.5,,,,,,,450.0,31.0,16.0,302.0,2.5,,,,,0.0,0.04,0.33,2.3,15.0,0.0,1,
MyFCD 1997,213028,SPRING ROLL (POPIA),Popia,POPIA,Miscellaneous,"Tee ES, Mohd Ismail N, Mohd Nasir A, Khatijah I (1997). Nutrient Composition of Malaysian Foods, 4th Edition. Institute for Medical Research (IMR), Kuala Lumpur.",1997-01-01,https://myfcd.moh.gov.my/myfcd97/index.php/site/detail_product/213028/0/10/-1/0/0,2026-09-05T23:03:54.461434,per_100g,100.0,g,1 piece,1.0,51.0,g,184.0,,60.2,6.2,6.8,24.6,1.3,0.9,,,,,,,375.0,96.0,15.0,37.0,1.0,,,,,0.0,0.01,0.08,0.8,20.0,88.0,1,
MyFCD 1997,213027,"(VADAI, KACANG HITAM)","Vadai, Kacang Hitam","VADAI, KACANG HITAM",Miscellaneous,"Tee ES, Mohd Ismail N, Mohd Nasir A, Khatijah I (1997). Nutrient Composition of Malaysian Foods, 4th Edition. Institute for Medical Research (IMR), Kuala Lumpur.",1997-01-01,https://myfcd.moh.gov.my/myfcd97/index.php/site/detail_product/213027/0/10/-1/0/0,2026-09-05T23:03:54.462673,per_100g,100.0,g,1 piece,1.0,60.0,g,287.0,,45.0,10.5,16.0,25.3,0.5,2.7,,,,,,,324.0,28.0,31.0,205.0,3.2,,,,,0.0,0.12,0.13,2.9,12.0,0.0,1,
MyFCD 1997,213029,"SPRING ROLL, FRIED (POPIA GORENG)",Popia Goreng,POPIA GORENG,Miscellaneous,"Tee ES, Mohd Ismail N, Mohd Nasir A, Khatijah I (1997). Nutrient Composition of Malaysian Foods, 4th Edition. Institute for Medical Research (IMR), Kuala Lumpur.",1997-01-01,https://myfcd.moh.gov.my/myfcd97/index.php/site/detail_product/213029/0/10/-1/0/0,2026-09-05T23:03:54.508785,per_100g,100.0,g,1 piece,1.0,34.0,g,268.0,,46.7,3.5,12.3,35.7,0.9,0.9,,,,,,,389.0,154.0,20.0,58.0,0.9,,,,,0.0,0.01,0.07,0.7,24.0,14.0,1,
MyFCD 1997,221002,GREEN GRAM GRAVY SERVED WITH CAPATI (KUAH KACANG HIJAU UNTUK CAPATI),Kuah Kacang Hijau Untuk Capati,KUAH KACANG HIJAU UNTUK CAPATI,Cereal based,"Tee ES, Mohd Ismail N, Mohd Nasir A, Khatijah I (1997). Nutrient Composition of Malaysian Foods, 4th Edition. Institute for Medical Research (IMR), Kuala Lumpur.",1997-01-01,https://myfcd.moh.gov.my/myfcd97/index.php/site/detail_product/221002/0/10/-1/0/0,2026-09-05T23:03:54.515082,per_100g,100.0,g,1/2 cup,1.0,80.0,g,95.0,,78.6,4.8,3.5,11.0,0.9,1.2,,,,,,,435.0,26.0,17.0,163.0,1.4,,,,,0.0,0.15,0.15,2.1,2.0,0.0,1,
MyFCD 1997,221001,(CAPATI),Capati,CAPATI,Cereal based,"Tee ES, Mohd Ismail N, Mohd Nasir A, Khatijah I (1997). Nutrient Composition of Malaysian Foods, 4th Edition. Institute for Medical Research (IMR), Kuala Lumpur.",1997-01-01,https://myfcd.moh.gov.my/myfcd97/index.php/site/detail_product/221001/0/10/-1/0/0,2026-09-05T23:03:54.527552,per_100g,100.0,g,1 piece,1.0,100.0,g,300.0,,34.1,9.0,8.6,46.6,0.6,1.1,,,,,,,25.0,28.0,17.0,244.0,2.3,,,,,0.0,0.11,0.13,2.6,0.0,0.0,1,
MyFCD 1997,221003,(DOSAI),Dosai,DOSAI,Cereal based,"Tee ES, Mohd Ismail N, Mohd Nasir A, Khatijah I (1997). Nutrient Composition of Malaysian Foods, 4th Edition. Institute for Medical Research (IMR), Kuala Lumpur.",1997-01-01,https://myfcd.moh.gov.my/myfcd97/index.php/site/detail_product/221003/0/10/-1/0/0,2026-09-05T23:03:54.580209,per_100g,100.0,g,1 piece,1.0,80.0,g,184.0,,56.1,6.0,2.6,34.2,0.0,1.1,,,,,,,165.0,22.0,12.0,91.0,1.3,,,,,0.0,0.03,0.25,1.1,0.0,0.0,1,
MyFCD 1997,221005,(IDLI),Idli,IDLI,Cereal based,"Tee ES, Mohd Ismail N, Mohd Nasir A, Khatijah I (1997). Nutrient Composition of Malaysian Foods, 4th Edition. Institute for Medical Research (IMR), Kuala Lumpur.",1997-01-01,https://myfcd.moh.gov.my/myfcd97/index.php/site/detail_product/221005/0/10/-1/0/0,2026-09-05T23:03:54.581371,per_100g,100.0,g,1 piece,1.0,75.0,g,129.0,,66.6,4.8,0.5,26.2,0.3,1.6,,,,,,,377.0,63.0,15.0,58.0,1.1,,,,,0.7,0.06,0.12,0.7,10.0,6.0,1,
MyFCD 1997,221004,"EGG BANJO (""BANJO"" TELUR)","""Banjo"" Telur","""BANJO"" TELUR",Cereal based,"Tee ES, Mohd Ismail N, Mohd Nasir A, Khatijah I (1997). Nutrient Composition of Malaysian Foods, 4th Edition. Institute for Medical Research (IMR), Kuala Lumpur.",1997-01-01,https://myfcd.moh.gov.my/myfcd97/index.php/site/detail_product/221004/0/10/-1/0/0,2026-09-05T23:03:54.583592,per_100g,100.0,g,1 piece,1.0,180.0,g,207.0,,58.8,7.6,9.4,23.0,0.0,1.2,,,,,,,229.0,157.0,42.0,145.0,1.9,,,,,4.0,0.1,0.17,1.5,366.0,0.0,1,
MyFCD 1997,221007,"KUIH-TEOW (RICE NOODLE), FRIED (KUIH-TEOW GORENG)",Rice Noodle,RICE NOODLE,Cereal based,"Tee ES, Mohd Ismail N, Mohd Nasir A, Khatijah I (1997). Nutrient Composition of Malaysian Foods, 4th Edition. Institute for Medical Research (IMR), Kuala Lumpur.",1997-01-01,https://myfcd.moh.gov.my/myfcd97/index.php/site/detail_product/221007/0/10/-1/0/0,2026-09-05T23:03:54.625418,per_100g,100.0,g,1 plate,1.0,170.0,g,189.0,,62.6,5.5,9.1,21.3,0.1,1.4,,,,,,,501.0,135.0,18.0,44.0,3.8,,,,,0.9,0.04,0.14,0.3,62.0,18.0,1,
MyFCD 1997,221006,"KUIH-TEOW (RICE NOODLE), BANDUNG STYLE (KUIH-TEOW BANDUNG)",Rice Noodle,RICE NOODLE,Cereal based,"Tee ES, Mohd Ismail N, Mohd Nasir A, Khatijah I (1997). Nutrient Composition of Malaysian Foods, 4th Edition. Institute for Medical Research (IMR), Kuala Lumpur.",1997-01-01,https://myfcd.moh.gov.my/myfcd97/index.php/site/detail_product/221006/0/10/-1/0/0,2026-09-05T23:03:54.651912,per_100g,100.0,g,1 bowl,1.0,450.0,g,120.0,,76.4,3.8,6.0,12.8,0.1,0.9,,,,,,,254.0,129.0,25.0,72.0,6.7,,,,,0.0,0.02,0.05,0.9,247.0,0.0,1,
MyFCD 1997,221008,"MEE (WHEAT NOODLE), BANDUNG STYLE (MEE BANDUNG)",Wheat Noodle,WHEAT NOODLE,Cereal based,"Tee ES, Mohd Ismail N, Mohd Nasir A, Khatijah I (1997). Nutrient Composition of Malaysian Foods, 4th Edition. Institute for Medical Research (IMR), Kuala Lumpur.",1997-01-01,https://myfcd.moh.gov.my/myfcd97/index.php/site/detail_product/221008/0/10/-1/0/0,2026-09-05T23:03:54.673823,per_100g,100.0,g,1 bowl,1.0,450.0,g,122.0,,75.4,4.5,6.2,12.1,0.2,1.6,,,,,,,493.0,401.0,24.0,81.0,8.2,,,,,0.0,0.07,0.09,0.2,247.0,0.0,1,
MyFCD 1997,221010,"MEE (WHEAT NOODLE), FRIED (MEE GORENG)",Wheat Noodle,WHEAT NOODLE,Cereal based,"Tee ES, Mohd Ismail N, Mohd Nasir A, Khatijah I (1997). Nutrient Composition of Malaysian Foods, 4th Edition. Institute for Medical Research (IMR), Kuala Lumpur.",1997-01-01,https://myfcd.moh.gov.my/myfcd97/index.php/site/detail_product/221010/0/10/-1/0/0,2026-09-05T23:03:54.696433,per_100g,100.0,g,1 plate,1.0,170.0,g,165.0,,63.0,5.5,5.3,23.9,0.2,2.1,,,,,,,654.0,46.0,19.0,32.0,1.3,,,,,1.7,0.02,0.08,0.7,37.0,60.0,1,
MyFCD 1997,221011,"MEE (WHEAT NOODLE), SOUP (MEE SUP)",Wheat Noodle,WHEAT NOODLE,Cereal based,"Tee ES, Mohd Ismail N, Mohd Nasir A, Khatijah I (1997). Nutrient Composition of Malaysian Foods, 4th Edition. Institute for Medical Research (IMR), Kuala Lumpur.",1997-01-01,https://myfcd.moh.gov.my/myfcd97/index.php/site/detail_product/221011/0/10/-1/0/0,2026-09-05T23:03:54.722961,per_100g,100.0,g,1 bowl,1.0,563.0,g,68.0,,84.9,3.6,2.6,7.5,0.2,1.2,,,,,,,301.0,28.0,14.0,27.0,0.5,,,,,0.0,0.0,0.02,0.4,14.0,0.0,1,
MyFCD 1997,221009,"MEE (WHEAT NOODLE), CURRY (MEE KARI)",Wheat Noodle,WHEAT NOODLE,Cereal based,"Tee ES, Mohd Ismail N, Mohd Nasir A, Khatijah I (1997). Nutrient Composition of Malaysian Foods, 4th Edition. Institute for Medical Research (IMR), Kuala Lumpur.",1997-01-01,https://myfcd.moh.gov.my/myfcd97/index.php/site/detail_product/221009/0/10/-1/0/0,2026-09-05T23:03:54.723500,per_100g,100.0,g,1 bowl,1.0,410.0,g,129.0,,77.6,2.9,9.0,9.0,0.2,1.3,,,,,,,599.0,202.0,15.0,11.0,1.9,,,,,0.0,0.04,0.09,1.1,116.0,0.0,1,
MyFCD 1997,221012,"MEE-HOON (RICE NOODLE), BANDUNG STYLE (MEE-HOON BANDUNG)",Rice Noodle,RICE NOODLE,Cereal based,"Tee ES, Mohd Ismail N, Mohd Nasir A, Khatijah I (1997). Nutrient Composition of Malaysian Foods, 4th Edition. Institute for Medical Research (IMR), Kuala Lumpur.",1997-01-01,https://myfcd.moh.gov.my/myfcd97/index.php/site/detail_product/221012/0/10/-1/0/0,2026-09-05T23:03:54.743534,per_100g,100.0,g,1 bowl,1.0,450.0,g,109.0,,78.0,3.1,5.1,12.6,0.2,1.0,,,,,,,221.0,179.0,22.0,80.0,7.5,,,,,0.0,0.05,0.09,1.2,249.0,0.0,1,
MyFCD 1997,221013,"MEE-HOON (RICE NOODLE), FRIED (MEE-HOON GORENG)",Rice Noodle,RICE NOODLE,Cereal based,"Tee ES, Mohd Ismail N, Mohd Nasir A, Khatijah I (1997). Nutrient Composition of Malaysian Foods, 4th Edition. Institute for Medical Research (IMR), Kuala Lumpur.",1997-01-01,https://myfcd.moh.gov.my/myfcd97/index.php/site/detail_product/221013/0/10/-1/0/0,2026-09-05T23:03:54.782932,per_100g,100.0,g,1 plate,1.0,170.0,g,173.0,,63.8,4.3,6.7,23.9,0.2,1.1,,,,,,,425.0,38.0,17.0,62.0,1.9,,,,,0.6,0.03,0.08,0.7,58.0,0.0,1,
MyFCD 1997,221015,(PUTU MAYAM),Putu Mayam,PUTU MAYAM,Cereal based,"Tee ES, Mohd Ismail N, Mohd Nasir A, Khatijah I (1997). Nutrient Composition of Malaysian Foods, 4th Edition. Institute for Medical Research (IMR), Kuala Lumpur.",1997-01-01,https://myfcd.moh.gov.my/myfcd97/index.php/site/detail_product/221015/0/10/-1/0/0,2026-09-05T23:03:54.859199,per_100g,100.0,g,1 piece,1.0,50.0,g,189.0,,54.7,2.8,2.9,38.0,0.4,1.2,,,,,,,117.0,44.0,37.0,66.0,1.2,,,,,0.0,0.04,0.26,0.4,0.0,0.0,1,
MyFCD 1997,221017,"RICE, BRIYANI (RICE ONLY) (NASI BRIYANI, NASI SAHAJA)",Rice Only,RICE ONLY,Cereal based,"Tee ES, Mohd Ismail N, Mohd Nasir A, Khatijah I (1997). Nutrient Composition of Malaysian Foods, 4th Edition. Institute for Medical Research (IMR), Kuala Lumpur.",1997-01-01,https://myfcd.moh.gov.my/myfcd97/index.php/site/detail_product/221017/0/10/-1/0/0,2026-09-05T23:03:54.866964,per_100g,100.0,g,1 plate,1.0,245.0,g,183.0,,60.1,3.9,5.5,29.4,0.1,1.0,,,,,,,267.0,18.0,8.0,27.0,1.9,,,,,0.0,0.09,0.07,0.1,0.0,0.0,0,R221108
MyFCD 1997,221014,(PUTU BAMBU),Putu Bambu,PUTU BAMBU,Cereal based,"Tee ES, Mohd Ismail N, Mohd Nasir A, Khatijah I (1997). Nutrient Composition of Malaysian Foods, 4th Edition. Institute for Medical Research (IMR), Kuala Lumpur.",1997-01-01,https://myfcd.moh.gov.my/myfcd97/index.php/site/detail_product/221014/0/10/-1/0/0,2026-09-05T23:03:54.867933,per_100g,100.0,g,1 piece,1.0,66.0,g,259.0,,43.7,5.5,8.0,41.3,0.7,0.8,,,,,,,60.0,23.0,63.0,116.0,2.0,,,,,0.0,0.02,0.22,0.9,6.0,0.0,1,
MyFCD 1997,221016,(RAWADOSAI),Rawadosai,RAWADOSAI,Cereal based,"Tee ES, Mohd Ismail N, Mohd Nasir A, Khatijah I (1997). Nutrient Composition of Malaysian Foods, 4th Edition. Institute for Medical Research (IMR), Kuala Lumpur.",1997-01-01,https://myfcd.moh.gov.my/myfcd97/index.php/site/detail_product/221016/0/10/-1/0/0,2026-09-05T23:03:54.892398,per_100g,100.0,g,1 piece,1.0,85.0,g,241.0,,48.3,5.1,8.0,37.1,0.2,1.3,,,,,,,231.0,19.0,11.0,150.0,1.0,,,,,0.0,0.02,0.05,0.9,11.0,0.0,1,
MyFCD 1997,221018,"RICE, CHICKEN (NASI AYAM)",Nasi Ayam,NASI AYAM,Cereal based,"Tee ES, Mohd Ismail N, Mohd Nasir A, Khatijah I (1997). Nutrient Composition of Malaysian Foods, 4th Edition. Institute for Medical Research (IMR), Kuala Lumpur.",1997-01-01,https://myfcd.moh.gov.my/myfcd97/index.php/site/detail_product/221018/0/10/-1/0/0,2026-09-05T23:03:54.906514,per_100g,100.0,g,1 plate,1.0,230.0,g,121.0,,70.5,7.0,1.4,20.0,0.1,1.0,,,,,,,305.0,60.0,10.0,59.0,0.3,,,,,0.1,0.03,0.07,1.2,38.0,0.0,1,
MyFCD 1997,221019,"RICE, COCONUT MILK (NASI LEMAK)",Nasi Lemak,NASI LEMAK,Cereal based,"Tee ES, Mohd Ismail N, Mohd Nasir A, Khatijah I (1997). Nutrient Composition of Malaysian Foods, 4th Edition. Institute for Medical Research (IMR), Kuala Lumpur.",1997-01-01,https://myfcd.moh.gov.my/myfcd97/index.php/site/detail_product/221019/0/10/-1/0/0,2026-09-05T23:03:54.969776,per_100g,100.0,g,1 plate,1.0,230.0,g,169.0,,63.4,4.2,5.7,25.3,0.3,1.1,,,,,,,338.0,121.0,24.0,51.0,1.8,,,,,0.4,0.12,0.07,0.8,54.0,13.0,1,
MyFCD 1997,221020,"RICE, ""DAGANG"" (NASI DAGANG)",Nasi Dagang,NASI DAGANG,Cereal based,"Tee ES, Mohd Ismail N, Mohd Nasir A, Khatijah I (1997). Nutrient Composition of Malaysian Foods, 4th Edition. Institute for Medical Research (IMR), Kuala Lumpur.",1997-01-01,https://myfcd.moh.gov.my/myfcd97/index.php/site/detail_product/221020/0/10/-1/0/0,2026-09-05T23:03:54.996806,per_100g,100.0,g,1 plate,1.0,250.0,g,203.0,,53.6,3.2,4.9,36.6,0.2,1.5,,,,,,,171.0,20.0,8.0,60.0,1.5,,,,,0.0,0.18,0.3,0.5,0.0,0.0,0,R221113
MyFCD 1997,221022,"RICE, ""OILY"" (NASI MINYAK)",Nasi Minyak,NASI MINYAK,Cereal based,"Tee ES, Mohd Ismail N, Mohd Nasir A, Khatijah I (1997). Nutrient Composition of Malaysian Foods, 4th Edition. Institute for Medical Research (IMR), Kuala Lumpur.",1997-01-01,https://myfcd.moh.gov.my/myfcd97/index.php/site/detail_product/221022/0/10/-1/0/0,2026-09-05T23:03:55.006472,per_100g,100.0,g,1 plate,1.0,245.0,g,178.0,,60.5,3.1,5.0,30.1,0.5,0.8,,,,,,,236.0,50.0,10.0,30.0,1.4,,,,,0.0,0.09,0.05,1.6,0.0,0.0,1,
MyFCD 1997,221023,(ROTI CANAI),Roti Canai,ROTI CANAI,Cereal based,"Tee ES, Mohd Ismail N, Mohd Nasir A, Khatijah I (1997). Nutrient Composition of Malaysian Foods, 4th Edition. Institute for Medical Research (IMR), Kuala Lumpur.",1997-01-01,https://myfcd.moh.gov.my/myfcd97/index.php/site/detail_product/221023/0/10/-1/0/0,2026-09-05T23:03:55.026911,per_100g,100.0,g,1 piece,1.0,95.0,g,317.0,,32.7,7.0,10.8,47.9,0.0,1.6,,,,,,,536.0,152.0,13.0,129.0,1.5,,,,,0.0,0.09,0.22,2.9,67.0,0.0,1,
MyFCD 1997,221021,"RICE, FRIED (NASI GORENG)",Nasi Goreng,NASI GORENG,Cereal based,"Tee ES, Mohd Ismail N, Mohd Nasir A, Khatijah I (1997). Nutrient Composition of Malaysian Foods, 4th Edition. Institute for Medical Research (IMR), Kuala Lumpur.",1997-01-01,https://myfcd.moh.gov.my/myfcd97/index.php/site/detail_product/221021/0/10/-1/0/0,2026-09-05T23:03:55.028151,per_100g,100.0,g,1 plate,1.0,330.0,g,193.0,,59.9,4.9,7.6,26.3,0.1,1.2,,,,,,,444.0,143.0,22.0,52.0,7.6,,,,,0.0,0.05,0.03,1.7,245.0,0.0,1,
MyFCD 1997,221024,(ROTI TELUR),Roti Telur,ROTI TELUR,Cereal based,"Tee ES, Mohd Ismail N, Mohd Nasir A, Khatijah I (1997). Nutrient Composition of Malaysian Foods, 4th Edition. Institute for Medical Research (IMR), Kuala Lumpur.",1997-01-01,https://myfcd.moh.gov.my/myfcd97/index.php/site/detail_product/221024/0/10/-1/0/0,2026-09-05T23:03:55.060836,per_100g,100.0,g,1 piece,1.0,135.0,g,264.0,,45.2,9.2,10.0,34.2,0.0,1.4,,,,,,,392.0,141.0,30.0,154.0,1.6,,,,,0.0,0.15,0.17,3.0,136.0,0.0,1,
MyFCD 1997,221025,YELLOW DHAL GRAVY (SERVE WITH ROTI CANAI/ROTI TELUR) (KUAH KACANG DAL KUNING DIHIDANG DENGAN ROTI CANAI/ROTI TELUR),Serve With Roti Canai/Roti Telur,SERVE WITH ROTI CANAI/ROTI TELUR,Cereal based,"Tee ES, Mohd Ismail N, Mohd Nasir A, Khatijah I (1997). Nutrient Composition of Malaysian Foods, 4th Edition. Institute for Medical Research (IMR), Kuala Lumpur.",1997-01-01,https://myfcd.moh.gov.my/myfcd97/index.php/site/detail_product/221025/0/10/-1/0/0,2026-09-05T23:03:55.138962,per_100g,100.0,g,1/2 cup,1.0,80.0,g,73.0,,82.2,3.1,2.7,9.0,0.4,2.6,,,,,,,670.0,25.0,18.0,124.0,1.2,,,,,0.0,0.16,0.13,0.9,1.0,0.0,1,
MyFCD 1997,222001,"BEEF, FRIED (GORENG DAGING LEMBU)",Goreng Daging Lembu,GORENG DAGING LEMBU,Meat dishes,"Tee ES, Mohd Ismail N, Mohd Nasir A, Khatijah I (1997). Nutrient Composition of Malaysian Foods, 4th Edition. Institute for Medical Research (IMR), Kuala Lumpur.",1997-01-01,https://myfcd.moh.gov.my/myfcd97/index.php/site/detail_product/222001/0/10/-1/0/0,2026-09-05T23:03:55.162725,per_100g,100.0,g,2 piece,1.0,85.0,g,339.0,,31.2,31.1,15.5,18.8,0.2,3.2,,,,,,,123.0,419.0,40.0,745.0,3.9,,,,,0.0,0.14,0.28,2.9,414.0,0.0,1,
MyFCD 1997,222002,"BEEF, IN TOMATO SAUCE (DAGING LEMBU MASAK MERAH)",Daging Lembu Masak Merah,DAGING LEMBU MASAK MERAH,Meat dishes,"Tee ES, Mohd Ismail N, Mohd Nasir A, Khatijah I (1997). Nutrient Composition of Malaysian Foods, 4th Edition. Institute for Medical Research (IMR), Kuala Lumpur.",1997-01-01,https://myfcd.moh.gov.my/myfcd97/index.php/site/detail_product/222002/0/10/-1/0/0,2026-09-05T23:03:55.174834,per_100g,100.0,g,2 piece,1.0,85.0,g,156.0,,66.3,10.2,6.6,14.0,0.3,2.6,,,,,,,232.0,200.0,49.0,151.0,2.4,,,,,0.0,0.18,0.24,2.2,423.0,0.0,1,
MyFCD 1997,222004,BEEF CURRY (KARI DAGING LEMBU),Kari Daging Lembu,KARI DAGING LEMBU,Meat dishes,"Tee ES, Mohd Ismail N, Mohd Nasir A, Khatijah I (1997). Nutrient Composition of Malaysian Foods, 4th Edition. Institute for Medical Research (IMR), Kuala Lumpur.",1997-01-01,https://myfcd.moh.gov.my/myfcd97/index.php/site/detail_product/222004/0/10/-1/0/0,2026-09-05T23:03:55.201517,per_100g,100.0,g,2 piece,1.0,90.0,g,144.0,,68.9,14.6,5.7,8.6,0.2,2.0,,,,,,,74.0,147.0,22.0,349.0,2.5,,,,,0.0,0.02,0.05,1.1,483.0,0.0,1,
MyFCD 1997,222003,"BEEF BURGER (""BURGER"" DAGING LEMBU)","""Burger"" Daging Lembu","""BURGER"" DAGING LEMBU",Meat dishes,"Tee ES, Mohd Ismail N, Mohd Nasir A, Khatijah I (1997). Nutrient Composition of Malaysian Foods, 4th Edition. Institute for Medical Research (IMR), Kuala Lumpur.",1997-01-01,https://myfcd.moh.gov.my/myfcd97/index.php/site/detail_product/222003/0/10/-1/0/0,2026-09-05T23:03:55.202073,per_100g,100.0,g,1 piece,1.0,180.0,g,237.0,,52.6,10.6,11.0,23.9,0.1,1.8,,,,,,,308.0,238.0,46.0,25.0,9.7,,,,,0.0,0.05,0.14,2.4,388.0,0.0,1,
MyFCD 1997,222005,BEEF RENDANG (RENDANG DAGING LEMBU),Rendang Daging Lembu,RENDANG DAGING LEMBU,Meat dishes,"Tee ES, Mohd Ismail N, Mohd Nasir A, Khatijah I (1997). Nutrient Composition of Malaysian Foods, 4th Edition. Institute for Medical Research (IMR), Kuala Lumpur.",1997-01-01,https://myfcd.moh.gov.my/myfcd97/index.php/site/detail_product/222005/0/10/-1/0/0,2026-09-05T23:03:55.225552,per_100g,100.0,g,2 piece,1.0,50.0,g,253.0,,53.5,18.2,16.5,7.8,0.4,3.6,,,,,,,318.0,253.0,21.0,110.0,2.3,,,,,0.0,0.07,0.11,1.5,394.0,0.0,0,R222004
MyFCD 1997,222006,BEEF SATAY (SATAY DAGING LEMBU),Satay Daging Lembu,SATAY DAGING LEMBU,Meat dishes,"Tee ES, Mohd Ismail N, Mohd Nasir A, Khatijah I (1997). Nutrient Composition of Malaysian Foods, 4th Edition. Institute for Medical Research (IMR), Kuala Lumpur.",1997-01-01,https://myfcd.moh.gov.my/myfcd97/index.php/site/detail_product/222006/0/10/-1/0/0,2026-09-05T23:03:55.273139,per_100g,100.0,g,10 sticks,1.0,150.0,g,240.0,,46.7,20.4,7.8,22.1,0.3,2.7,,,,,,,92.0,202.0,17.0,462.0,3.9,,,,,0.0,0.13,0.22,5.3,72.0,0.0,1,
MyFCD 1997,222008,"LUNGS, FRIED (PARU LEMBU GORENG)",Paru Lembu Goreng,PARU LEMBU GORENG,Meat dishes,"Tee ES, Mohd Ismail N, Mohd Nasir A, Khatijah I (1997). Nutrient Composition of Malaysian Foods, 4th Edition. Institute for Medical Research (IMR), Kuala Lumpur.",1997-01-01,https://myfcd.moh.gov.my/myfcd97/index.php/site/detail_product/222008/0/10/-1/0/0,2026-09-05T23:03:55.313931,per_100g,100.0,g,1 piece,1.0,55.0,g,488.0,,18.9,39.4,36.5,0.4,0.6,4.2,,,,,,,15.0,368.0,39.0,497.0,18.4,,,,,0.0,0.13,0.2,3.3,93.0,0.0,1,
MyFCD 1997,222007,LIVER RENDANG (RENDANG HATI LEMBU),Rendang Hati Lembu,RENDANG HATI LEMBU,Meat dishes,"Tee ES, Mohd Ismail N, Mohd Nasir A, Khatijah I (1997). Nutrient Composition of Malaysian Foods, 4th Edition. Institute for Medical Research (IMR), Kuala Lumpur.",1997-01-01,https://myfcd.moh.gov.my/myfcd97/index.php/site/detail_product/222007/0/10/-1/0/0,2026-09-05T23:03:55.314376,per_100g,100.0,g,1 piece,1.0,35.0,g,254.0,,57.2,17.4,19.6,2.0,0.7,3.1,,,,,,,145.0,342.0,45.0,602.0,5.7,,,,,0.0,0.33,0.83,3.4,722.0,0.0,1,
MyFCD 1997,222011,SPLEEN RENDANG (RENDANG LIMPA LEMBU),Rendang Limpa Lembu,RENDANG LIMPA LEMBU,Meat dishes,"Tee ES, Mohd Ismail N, Mohd Nasir A, Khatijah I (1997). Nutrient Composition of Malaysian Foods, 4th Edition. Institute for Medical Research (IMR), Kuala Lumpur.",1997-01-01,https://myfcd.moh.gov.my/myfcd97/index.php/site/detail_product/222011/0/10/-1/0/0,2026-09-05T23:03:55.350807,per_100g,100.0,g,1 piece,1.0,35.0,g,237.0,,55.8,18.8,15.5,5.5,1.1,3.3,,,,,,,42.0,369.0,37.0,513.0,13.9,,,,,0.0,0.13,0.22,2.3,94.0,0.0,1,
MyFCD 1997,222009,MAW IN COCONUT MILK GRAVY (PERUT LEMBU MASAK LEMAK),Perut Lembu Masak Lemak,PERUT LEMBU MASAK LEMAK,Meat dishes,"Tee ES, Mohd Ismail N, Mohd Nasir A, Khatijah I (1997). Nutrient Composition of Malaysian Foods, 4th Edition. Institute for Medical Research (IMR), Kuala Lumpur.",1997-01-01,https://myfcd.moh.gov.my/myfcd97/index.php/site/detail_product/222009/0/10/-1/0/0,2026-09-05T23:03:55.351293,per_100g,100.0,g,2 piece,1.0,75.0,g,146.0,,72.6,15.2,8.7,1.8,0.0,1.7,,,,,,,244.0,80.0,36.0,387.0,1.6,,,,,0.0,0.13,0.32,1.7,72.0,0.0,1,
MyFCD 1997,222010,MAW SATAY (SATAY PERUT LEMBU),Satay Perut Lembu,SATAY PERUT LEMBU,Meat dishes,"Tee ES, Mohd Ismail N, Mohd Nasir A, Khatijah I (1997). Nutrient Composition of Malaysian Foods, 4th Edition. Institute for Medical Research (IMR), Kuala Lumpur.",1997-01-01,https://myfcd.moh.gov.my/myfcd97/index.php/site/detail_product/222010/0/10/-1/0/0,2026-09-05T23:03:55.351991,per_100g,100.0,g,1 piece,1.0,15.0,g,218.0,,57.8,22.6,11.5,6.1,0.5,1.5,,,,,,,186.0,162.0,18.0,321.0,5.8,,,,,0.0,0.05,0.11,1.4,24.0,0.0,1,
MyFCD 1997,222012,"CHICKEN, FRIED (AYAM GORENG)",Ayam Goreng,AYAM GORENG,Meat dishes,"Tee ES, Mohd Ismail N, Mohd Nasir A, Khatijah I (1997). Nutrient Composition of Malaysian Foods, 4th Edition. Institute for Medical Research (IMR), Kuala Lumpur.",1997-01-01,https://myfcd.moh.gov.my/myfcd97/index.php/site/detail_product/222012/0/10/-1/0/0,2026-09-05T23:03:55.381291,per_100g,100.0,g,1 piece,1.0,90.0,g,283.0,,50.7,22.4,19.9,3.6,0.0,3.4,,,,,,,161.0,295.0,162.0,623.0,3.5,,,,,0.0,0.03,0.13,2.8,387.0,0.0,1,
MyFCD 1997,222014,CHICKEN KURMA (AYAM KURMA),Ayam Kurma,AYAM KURMA,Meat dishes,"Tee ES, Mohd Ismail N, Mohd Nasir A, Khatijah I (1997). Nutrient Composition of Malaysian Foods, 4th Edition. Institute for Medical Research (IMR), Kuala Lumpur.",1997-01-01,https://myfcd.moh.gov.my/myfcd97/index.php/site/detail_product/222014/0/10/-1/0/0,2026-09-05T23:03:55.469862,per_100g,100.0,g,"1 piece, medium",1.0,102.5,g,175.0,,70.1,12.4,13.4,1.2,1.2,1.7,,,,,,,98.0,97.0,32.0,196.0,2.7,,,,,0.0,0.05,0.1,1.0,37.0,0.0,1,
MyFCD 1997,222013,CHICKEN CURRY (KARI AYAM),Kari Ayam,KARI AYAM,Meat dishes,"Tee ES, Mohd Ismail N, Mohd Nasir A, Khatijah I (1997). Nutrient Composition of Malaysian Foods, 4th Edition. Institute for Medical Research (IMR), Kuala Lumpur.",1997-01-01,https://myfcd.moh.gov.my/myfcd97/index.php/site/detail_product/222013/0/10/-1/0/0,2026-09-05T23:03:55.506269,per_100g,100.0,g,"1 piece, medium",1.0,96.3,g,203.0,,64.3,17.0,13.7,2.9,0.1,2.0,,,,,,,117.0,192.0,46.0,234.0,2.6,,,,,0.0,0.03,0.09,2.5,138.0,0.0,1,
MyFCD 1997,222015,CHICKEN LIVER RENDANG (RENDANG HATI AYAM),Rendang Hati Ayam,RENDANG HATI AYAM,Meat dishes,"Tee ES, Mohd Ismail N, Mohd Nasir A, Khatijah I (1997). Nutrient Composition of Malaysian Foods, 4th Edition. Institute for Medical Research (IMR), Kuala Lumpur.",1997-01-01,https://myfcd.moh.gov.my/myfcd97/index.php/site/detail_product/222015/0/10/-1/0/0,2026-09-05T23:03:55.507229,per_100g,100.0,g,1 piece,1.0,50.0,g,274.0,,48.0,28.8,16.2,3.2,0.2,3.6,,,,,,,152.0,283.0,23.0,1165.0,3.7,,,,,0.0,0.07,0.19,3.2,499.0,0.0,1,
MyFCD 1997,222016,CHICKEN SATAY (SATAY AYAM),Satay Ayam,SATAY AYAM,Meat dishes,"Tee ES, Mohd Ismail N, Mohd Nasir A, Khatijah I (1997). Nutrient Composition of Malaysian Foods, 4th Edition. Institute for Medical Research (IMR), Kuala Lumpur.",1997-01-01,https://myfcd.moh.gov.my/myfcd97/index.php/site/detail_product/222016/0/10/-1/0/0,2026-09-05T23:03:55.508183,per_100g,100.0,g,10 sticks,1.0,150.0,g,243.0,,52.5,18.9,12.9,12.7,1.9,1.1,,,,,,,135.0,221.0,29.0,335.0,2.9,,,,,0.0,0.03,0.12,6.7,84.0,0.0,0,R222029
MyFCD 1997,222017,MUTTON CURRY (KARI KAMBING),Kari Kambing,KARI KAMBING,Meat dishes,"Tee ES, Mohd Ismail N, Mohd Nasir A, Khatijah I (1997). Nutrient Composition of Malaysian Foods, 4th Edition. Institute for Medical Research (IMR), Kuala Lumpur.",1997-01-01,https://myfcd.moh.gov.my/myfcd97/index.php/site/detail_product/222017/0/10/-1/0/0,2026-09-05T23:03:55.519120,per_100g,100.0,g,2 piece,1.0,75.2,g,185.0,,66.7,15.5,13.4,0.6,1.8,2.0,,,,,,,142.0,136.0,60.0,140.0,2.6,,,,,0.0,0.05,0.15,0.1,72.0,0.0,1,
MyFCD 1997,223001,"AFRICAN BREAM, FRIED IN CHILLI (IKAN TILAPIA GORENG BERLADA)",Ikan Tilapia Goreng Berlada,IKAN TILAPIA GORENG BERLADA,Fish and sea-food dishes,"Tee ES, Mohd Ismail N, Mohd Nasir A, Khatijah I (1997). Nutrient Composition of Malaysian Foods, 4th Edition. Institute for Medical Research (IMR), Kuala Lumpur.",1997-01-01,https://myfcd.moh.gov.my/myfcd97/index.php/site/detail_product/223001/0/10/-1/0/0,2026-09-05T23:03:55.557546,per_100g,100.0,g,1 piece,1.0,49.8,g,294.0,,45.1,23.9,18.0,9.0,0.1,3.9,,,,,,,369.0,623.0,52.0,656.0,2.1,,,,,0.0,0.04,0.24,0.6,350.0,0.0,1,
MyFCD 1997,223002,"AFRICAN BREAM, IN COCONUT MILK (IKAN TILAPIA MASAK LEMAK)",Ikan Tilapia Masak Lemak,IKAN TILAPIA MASAK LEMAK,Fish and sea-food dishes,"Tee ES, Mohd Ismail N, Mohd Nasir A, Khatijah I (1997). Nutrient Composition of Malaysian Foods, 4th Edition. Institute for Medical Research (IMR), Kuala Lumpur.",1997-01-01,https://myfcd.moh.gov.my/myfcd97/index.php/site/detail_product/223002/0/10/-1/0/0,2026-09-05T23:03:55.595625,per_100g,100.0,g,1 piece,1.0,37.8,g,190.0,,69.1,14.5,14.3,0.9,0.0,1.2,,,,,,,84.0,415.0,30.0,251.0,3.0,,,,,0.0,0.04,0.2,2.4,264.0,8.0,1,
MyFCD 1997,223003,"ANCHOVY, DRIED, FRIED IN CHILLI (IKAN BILIS SAMBAL)",Ikan Bilis Sambal,IKAN BILIS SAMBAL,Fish and sea-food dishes,"Tee ES, Mohd Ismail N, Mohd Nasir A, Khatijah I (1997). Nutrient Composition of Malaysian Foods, 4th Edition. Institute for Medical Research (IMR), Kuala Lumpur.",1997-01-01,https://myfcd.moh.gov.my/myfcd97/index.php/site/detail_product/223003/0/10/-1/0/0,2026-09-05T23:03:55.625291,per_100g,100.0,g,1 serving,1.0,40.0,g,316.0,,44.3,28.2,20.9,3.8,0.1,2.7,,,,,,,428.0,328.0,43.0,469.0,1.1,,,,,0.0,0.11,0.29,2.3,85.0,6.0,0,R223003
MyFCD 1997,223006,"CATFISH EEL, FRIED (IKAN SEMBILANG GORENG)",Ikan Sembilang Goreng,IKAN SEMBILANG GORENG,Fish and sea-food dishes,"Tee ES, Mohd Ismail N, Mohd Nasir A, Khatijah I (1997). Nutrient Composition of Malaysian Foods, 4th Edition. Institute for Medical Research (IMR), Kuala Lumpur.",1997-01-01,https://myfcd.moh.gov.my/myfcd97/index.php/site/detail_product/223006/0/10/-1/0/0,2026-09-05T23:03:55.634903,per_100g,100.0,g,1 piece,1.0,51.0,g,254.0,,51.6,28.7,14.2,2.8,0.3,2.4,,,,,,,92.0,259.0,100.0,405.0,1.9,,,,,0.0,0.28,0.24,1.6,36.0,0.0,1,
MyFCD 1997,223004,"BLACK POMFRET, FRIED (IKAN BAWAL HITAM GORENG)",Ikan Bawal Hitam Goreng,IKAN BAWAL HITAM GORENG,Fish and sea-food dishes,"Tee ES, Mohd Ismail N, Mohd Nasir A, Khatijah I (1997). Nutrient Composition of Malaysian Foods, 4th Edition. Institute for Medical Research (IMR), Kuala Lumpur.",1997-01-01,https://myfcd.moh.gov.my/myfcd97/index.php/site/detail_product/223004/0/10/-1/0/0,2026-09-05T23:03:55.659472,per_100g,100.0,g,1 piece,1.0,63.7,g,225.0,,52.9,31.5,10.3,1.6,0.0,3.7,,,,,,,142.0,291.0,40.0,215.0,1.4,,,,,0.0,0.35,0.16,2.4,51.0,0.0,1,
MyFCD 1997,223005,"BLACK POMFRET, FRIED IN CHILLI (IKAN BAWAL HITAM GORENG BERLADA)",Ikan Bawal Hitam Goreng Berlada,IKAN BAWAL HITAM GORENG BERLADA,Fish and sea-food dishes,"Tee ES, Mohd Ismail N, Mohd Nasir A, Khatijah I (1997). Nutrient Composition of Malaysian Foods, 4th Edition. Institute for Medical Research (IMR), Kuala Lumpur.",1997-01-01,https://myfcd.moh.gov.my/myfcd97/index.php/site/detail_product/223005/0/10/-1/0/0,2026-09-05T23:03:55.687443,per_100g,100.0,g,1 piece,1.0,66.5,g,242.0,,53.0,24.3,14.6,3.4,0.0,4.7,,,,,,,187.0,236.0,47.0,447.0,2.2,,,,,0.0,0.4,0.17,0.6,71.0,9.0,1,
MyFCD 1997,223007,"CUTTLEFISH, SMALL, FRIED IN CHILLI (SOTONG KECIL SAMBAL)",Sotong Kecil Sambal,SOTONG KECIL SAMBAL,Fish and sea-food dishes,"Tee ES, Mohd Ismail N, Mohd Nasir A, Khatijah I (1997). Nutrient Composition of Malaysian Foods, 4th Edition. Institute for Medical Research (IMR), Kuala Lumpur.",1997-01-01,https://myfcd.moh.gov.my/myfcd97/index.php/site/detail_product/223007/0/10/-1/0/0,2026-09-05T23:03:55.699640,per_100g,100.0,g,1 piece,1.0,37.4,g,148.0,,70.2,13.3,7.7,6.3,0.0,2.5,,,,,,,158.0,81.0,45.0,181.0,2.8,,,,,0.0,0.11,0.17,0.5,132.0,10.0,1,
MyFCD 1997,223008,"HAIRTAIL SCAD, COOKED IN VINEGAR (IKAN CINCARU MASAK CUKA)",Ikan Cincaru Masak Cuka,IKAN CINCARU MASAK CUKA,Fish and sea-food dishes,"Tee ES, Mohd Ismail N, Mohd Nasir A, Khatijah I (1997). Nutrient Composition of Malaysian Foods, 4th Edition. Institute for Medical Research (IMR), Kuala Lumpur.",1997-01-01,https://myfcd.moh.gov.my/myfcd97/index.php/site/detail_product/223008/0/10/-1/0/0,2026-09-05T23:03:55.754913,per_100g,100.0,g,1 piece,1.0,136.3,g,193.0,,61.3,26.3,9.1,1.4,0.2,1.7,,,,,,,77.0,466.0,47.0,409.0,2.1,,,,,0.0,0.02,0.06,0.9,80.0,3.0,1,
MyFCD 1997,223009,"HAIRTAIL SCAD, FRIED IN CHILLI (IKAN CINCARU GORENG BERLADA)",Ikan Cincaru Goreng Berlada,IKAN CINCARU GORENG BERLADA,Fish and sea-food dishes,"Tee ES, Mohd Ismail N, Mohd Nasir A, Khatijah I (1997). Nutrient Composition of Malaysian Foods, 4th Edition. Institute for Medical Research (IMR), Kuala Lumpur.",1997-01-01,https://myfcd.moh.gov.my/myfcd97/index.php/site/detail_product/223009/0/10/-1/0/0,2026-09-05T23:03:55.791078,per_100g,100.0,g,1 piece,1.0,92.0,g,215.0,,59.3,18.3,12.6,7.1,0.2,2.5,,,,,,,84.0,344.0,59.0,660.0,2.5,,,,,0.0,0.02,0.05,2.5,183.0,6.0,1,
MyFCD 1997,223010,"INDIAN MACKEREL, CURRY (IKAN KEMBONG KARI)",Ikan Kembong Kari,IKAN KEMBONG KARI,Fish and sea-food dishes,"Tee ES, Mohd Ismail N, Mohd Nasir A, Khatijah I (1997). Nutrient Composition of Malaysian Foods, 4th Edition. Institute for Medical Research (IMR), Kuala Lumpur.",1997-01-01,https://myfcd.moh.gov.my/myfcd97/index.php/site/detail_product/223010/0/10/-1/0/0,2026-09-05T23:03:55.824115,per_100g,100.0,g,1 piece,1.0,64.0,g,105.0,,75.3,16.8,3.4,1.7,0.0,2.8,,,,,,,139.0,389.0,36.0,544.0,2.5,,,,,0.0,0.08,0.15,2.9,55.0,3.0,1,
MyFCD 1997,223011,"INDIAN MACKEREL, FRIED (IKAN KEMBONG GORENG)",Ikan Kembong Goreng,IKAN KEMBONG GORENG,Fish and sea-food dishes,"Tee ES, Mohd Ismail N, Mohd Nasir A, Khatijah I (1997). Nutrient Composition of Malaysian Foods, 4th Edition. Institute for Medical Research (IMR), Kuala Lumpur.",1997-01-01,https://myfcd.moh.gov.my/myfcd97/index.php/site/detail_product/223011/0/10/-1/0/0,2026-09-05T23:03:55.826522,per_100g,100.0,g,1 piece,1.0,40.5,g,274.0,,45.8,31.0,14.3,5.4,0.0,3.5,,,,,,,169.0,508.0,38.0,591.0,1.5,,,,,0.0,0.09,0.18,3.9,39.0,6.0,1,
MyFCD 1997,223013,"INDIAN MACKEREL, FRIED IN CHILLI (IKAN KEMBONG GORENG BERLADA)",Ikan Kembong Goreng Berlada,IKAN KEMBONG GORENG BERLADA,Fish and sea-food dishes,"Tee ES, Mohd Ismail N, Mohd Nasir A, Khatijah I (1997). Nutrient Composition of Malaysian Foods, 4th Edition. Institute for Medical Research (IMR), Kuala Lumpur.",1997-01-01,https://myfcd.moh.gov.my/myfcd97/index.php/site/detail_product/223013/0/10/-1/0/0,2026-09-05T23:03:55.840454,per_100g,100.0,g,1 piece,1.0,64.0,g,336.0,,49.3,19.4,28.2,1.2,0.0,1.9,,,,,,,87.0,448.0,60.0,499.0,2.7,,,,,0.0,0.02,0.05,4.0,37.0,0.0,1,
MyFCD 1997,223012,"INDIAN MACKEREL, IN SOYA SAUCE (IKAN KEMBONG MASAK KICAP)",Ikan Kembong Masak Kicap,IKAN KEMBONG MASAK KICAP,Fish and sea-food dishes,"Tee ES, Mohd Ismail N, Mohd Nasir A, Khatijah I (1997). Nutrient Composition of Malaysian Foods, 4th Edition. Institute for Medical Research (IMR), Kuala Lumpur.",1997-01-01,https://myfcd.moh.gov.my/myfcd97/index.php/site/detail_product/223012/0/10/-1/0/0,2026-09-05T23:03:55.863971,per_100g,100.0,g,1 piece,1.0,61.6,g,261.0,,53.5,17.8,16.4,10.6,0.1,1.6,,,,,,,92.0,404.0,41.0,580.0,2.8,,,,,0.0,0.02,0.35,3.0,40.0,13.0,1,
MyFCD 1997,223014,"RED SNAPPER, COOKED IN TAMARIND (IKAN MERAH MASAK ASAM)",Ikan Merah Masak Asam,IKAN MERAH MASAK ASAM,Fish and sea-food dishes,"Tee ES, Mohd Ismail N, Mohd Nasir A, Khatijah I (1997). Nutrient Composition of Malaysian Foods, 4th Edition. Institute for Medical Research (IMR), Kuala Lumpur.",1997-01-01,https://myfcd.moh.gov.my/myfcd97/index.php/site/detail_product/223014/0/10/-1/0/0,2026-09-05T23:03:55.891967,per_100g,100.0,g,1 piece,1.0,49.0,g,230.0,,55.7,21.0,12.7,8.0,0.0,2.6,,,,,,,92.0,461.0,37.0,241.0,2.2,,,,,0.0,0.18,0.17,2.0,211.0,0.0,1,
MyFCD 1997,223015,"RED SNAPPER, FRIED IN CHILLI (IKAN MERAH GORENG BERLADA)",Ikan Merah Goreng Berlada,IKAN MERAH GORENG BERLADA,Fish and sea-food dishes,"Tee ES, Mohd Ismail N, Mohd Nasir A, Khatijah I (1997). Nutrient Composition of Malaysian Foods, 4th Edition. Institute for Medical Research (IMR), Kuala Lumpur.",1997-01-01,https://myfcd.moh.gov.my/myfcd97/index.php/site/detail_product/223015/0/10/-1/0/0,2026-09-05T23:03:55.937679,per_100g,100.0,g,1 piece,1.0,44.0,g,260.0,,47.8,33.5,13.5,1.2,0.0,4.0,,,,,,,216.0,373.0,87.0,619.0,2.4,,,,,0.0,0.1,0.18,5.0,193.0,11.0,1,
MyFCD 1997,223016,"RED SNAPPER, IN COCONUT MILK (IKAN MERAH MASAK LEMAK)",Ikan Merah Masak Lemak,IKAN MERAH MASAK LEMAK,Fish and sea-food dishes,"Tee ES, Mohd Ismail N, Mohd Nasir A, Khatijah I (1997). Nutrient Composition of Malaysian Foods, 4th Edition. Institute for Medical Research (IMR), Kuala Lumpur.",1997-01-01,https://myfcd.moh.gov.my/myfcd97/index.php/site/detail_product/223016/0/10/-1/0/0,2026-09-05T23:03:55.990418,per_100g,100.0,g,1 piece,1.0,43.5,g,251.0,,58.1,19.0,18.2,2.8,0.1,1.8,,,,,,,231.0,325.0,51.0,172.0,2.3,,,,,0.0,0.12,0.16,2.7,326.0,8.0,1,
MyFCD 1997,223017,"SHRIMP, SMALL, COOKED IN CHILLI (UDANG KECIL SAMBAL)",Udang Kecil Sambal,UDANG KECIL SAMBAL,Fish and sea-food dishes,"Tee ES, Mohd Ismail N, Mohd Nasir A, Khatijah I (1997). Nutrient Composition of Malaysian Foods, 4th Edition. Institute for Medical Research (IMR), Kuala Lumpur.",1997-01-01,https://myfcd.moh.gov.my/myfcd97/index.php/site/detail_product/223017/0/10/-1/0/0,2026-09-05T23:03:55.991740,per_100g,100.0,g,1 serving,1.0,35.6,g,200.0,,61.3,16.2,14.5,1.1,0.3,6.6,,,,,,,320.0,473.0,550.0,684.0,2.8,,,,,0.0,0.01,0.03,0.2,108.0,5.0,1,
MyFCD 1997,223018,"SNAKEHEAD, SALTED, FRIED (IKAN HARUAN KERING GORENG)",Ikan Haruan Kering Goreng,IKAN HARUAN KERING GORENG,Fish and sea-food dishes,"Tee ES, Mohd Ismail N, Mohd Nasir A, Khatijah I (1997). Nutrient Composition of Malaysian Foods, 4th Edition. Institute for Medical Research (IMR), Kuala Lumpur.",1997-01-01,https://myfcd.moh.gov.my/myfcd97/index.php/site/detail_product/223018/0/10/-1/0/0,2026-09-05T23:03:55.992674,per_100g,100.0,g,1 piece,1.0,40.0,g,408.0,,9.6,46.4,13.4,25.4,0.0,5.2,,,,,,,397.0,554.0,40.0,241.0,3.0,,,,,0.0,0.34,0.19,1.1,0.0,0.0,1,
MyFCD 1997,223019,"SPANISH MACKEREL, FRIED (IKAN TENGGIRI GORENG)",Ikan Tenggiri Goreng,IKAN TENGGIRI GORENG,Fish and sea-food dishes,"Tee ES, Mohd Ismail N, Mohd Nasir A, Khatijah I (1997). Nutrient Composition of Malaysian Foods, 4th Edition. Institute for Medical Research (IMR), Kuala Lumpur.",1997-01-01,https://myfcd.moh.gov.my/myfcd97/index.php/site/detail_product/223019/0/10/-1/0/0,2026-09-05T23:03:56.040535,per_100g,100.0,g,1 piece,1.0,51.7,g,331.0,,35.6,39.3,17.7,3.5,0.0,3.9,,,,,,,187.0,287.0,38.0,559.0,0.9,,,,,0.0,0.15,0.06,3.2,213.0,0.0,1,
MyFCD 1997,223020,"SPANISH MACKEREL, FRIED IN CHILLI (IKAN TENGGIRI GORENG BERLADA)",Ikan Tenggiri Goreng Berlada,IKAN TENGGIRI GORENG BERLADA,Fish and sea-food dishes,"Tee ES, Mohd Ismail N, Mohd Nasir A, Khatijah I (1997). Nutrient Composition of Malaysian Foods, 4th Edition. Institute for Medical Research (IMR), Kuala Lumpur.",1997-01-01,https://myfcd.moh.gov.my/myfcd97/index.php/site/detail_product/223020/0/10/-1/0/0,2026-09-05T23:03:56.058731,per_100g,100.0,g,1 piece,1.0,49.5,g,286.0,,52.5,22.4,21.2,1.4,0.1,2.4,,,,,,,200.0,273.0,96.0,340.0,1.3,,,,,0.0,0.21,0.17,5.0,142.0,5.0,1,
MyFCD 1997,223021,"STINGRAY, COOKED IN TAMARIND (IKAN PARI MASAK ASAM PEDAS)",Ikan Pari Masak Asam Pedas,IKAN PARI MASAK ASAM PEDAS,Fish and sea-food dishes,"Tee ES, Mohd Ismail N, Mohd Nasir A, Khatijah I (1997). Nutrient Composition of Malaysian Foods, 4th Edition. Institute for Medical Research (IMR), Kuala Lumpur.",1997-01-01,https://myfcd.moh.gov.my/myfcd97/index.php/site/detail_product/223021/0/10/-1/0/0,2026-09-05T23:03:56.085281,per_100g,100.0,g,1 piece,1.0,49.8,g,245.0,,53.8,26.6,13.8,3.6,0.0,2.2,,,,,,,92.0,345.0,34.0,284.0,1.9,,,,,0.0,0.05,0.04,3.4,100.0,0.0,0,R223080
MyFCD 1997,223024,"TUNA, COOKED IN COCONUT MILK (IKAN TONGKOL MASAK LEMAK)",Ikan Tongkol Masak Lemak,IKAN TONGKOL MASAK LEMAK,Fish and sea-food dishes,"Tee ES, Mohd Ismail N, Mohd Nasir A, Khatijah I (1997). Nutrient Composition of Malaysian Foods, 4th Edition. Institute for Medical Research (IMR), Kuala Lumpur.",1997-01-01,https://myfcd.moh.gov.my/myfcd97/index.php/site/detail_product/223024/0/10/-1/0/0,2026-09-05T23:03:56.108215,per_100g,100.0,g,1 piece,1.0,51.7,g,119.0,,73.1,15.7,3.5,6.1,0.0,1.6,,,,,,,35.0,359.0,49.0,349.0,3.0,,,,,0.0,0.21,0.31,2.7,168.0,13.0,1,
MyFCD 1997,223023,"THREADFIN BREAM, IN SOYA SAUCE (IKAN KERISI MASAK KICAP)",Ikan Kerisi Masak Kicap,IKAN KERISI MASAK KICAP,Fish and sea-food dishes,"Tee ES, Mohd Ismail N, Mohd Nasir A, Khatijah I (1997). Nutrient Composition of Malaysian Foods, 4th Edition. Institute for Medical Research (IMR), Kuala Lumpur.",1997-01-01,https://myfcd.moh.gov.my/myfcd97/index.php/site/detail_product/223023/0/10/-1/0/0,2026-09-05T23:03:56.126324,per_100g,100.0,g,1 piece,1.0,64.5,g,231.0,,55.9,25.2,12.9,3.6,0.1,2.3,,,,,,,173.0,433.0,30.0,313.0,1.7,,,,,0.0,0.08,0.14,2.1,107.0,0.0,1,
MyFCD 1997,223022,"THREADFIN BREAM, FRIED IN CHILLI (IKAN KERISI GORENG BERLADA)",Ikan Kerisi Goreng Berlada,IKAN KERISI GORENG BERLADA,Fish and sea-food dishes,"Tee ES, Mohd Ismail N, Mohd Nasir A, Khatijah I (1997). Nutrient Composition of Malaysian Foods, 4th Edition. Institute for Medical Research (IMR), Kuala Lumpur.",1997-01-01,https://myfcd.moh.gov.my/myfcd97/index.php/site/detail_product/223022/0/10/-1/0/0,2026-09-05T23:03:56.133060,per_100g,100.0,g,1 piece,1.0,72.8,g,339.0,,41.6,26.5,23.5,5.3,0.0,3.1,,,,,,,372.0,444.0,86.0,105.0,1.3,,,,,0.0,0.07,0.16,4.1,131.0,0.0,1,
MyFCD 1997,223025,"YELLOW-BANDED TRAVELLY, IN TAMARIND (IKAN SELAR KUNING MASAK ASAM PEDAS)",Ikan Selar Kuning Masak Asam Pedas,IKAN SELAR KUNING MASAK ASAM PEDAS,Fish and sea-food dishes,"Tee ES, Mohd Ismail N, Mohd Nasir A, Khatijah I (1997). Nutrient Composition of Malaysian Foods, 4th Edition. Institute for Medical Research (IMR), Kuala Lumpur.",1997-01-01,https://myfcd.moh.gov.my/myfcd97/index.php/site/detail_product/223025/0/10/-1/0/0,2026-09-05T23:03:56.154288,per_100g,100.0,g,1 piece,1.0,34.0,g,265.0,,52.6,18.6,18.4,6.3,0.3,3.8,,,,,,,68.0,433.0,72.0,652.0,2.0,,,,,0.0,0.07,0.15,3.2,54.0,6.0,1,
MyFCD 1997,224002,RED GRAM PORRIDGE (BUBUR KACANG MERAH),Bubur Kacang Merah,BUBUR KACANG MERAH,Miscellaneous,"Tee ES, Mohd Ismail N, Mohd Nasir A, Khatijah I (1997). Nutrient Composition of Malaysian Foods, 4th Edition. Institute for Medical Research (IMR), Kuala Lumpur.",1997-01-01,https://myfcd.moh.gov.my/myfcd97/index.php/site/detail_product/224002/0/10/-1/0/0,2026-09-05T23:03:56.186892,per_100g,100.0,g,1 bowl,1.0,230.0,g,44.0,,88.2,1.6,0.1,9.2,0.7,0.2,,,,,,,2.0,40.0,7.0,14.0,0.2,,,,,0.7,0.0,0.02,0.4,10.0,0.0,1,
MyFCD 1997,224001,GREEN GRAM PORRIDGE WITH COCONUT MILK (BUBUR KACANG HIJAU),Bubur Kacang Hijau,BUBUR KACANG HIJAU,Miscellaneous,"Tee ES, Mohd Ismail N, Mohd Nasir A, Khatijah I (1997). Nutrient Composition of Malaysian Foods, 4th Edition. Institute for Medical Research (IMR), Kuala Lumpur.",1997-01-01,https://myfcd.moh.gov.my/myfcd97/index.php/site/detail_product/224001/0/10/-1/0/0,2026-09-05T23:03:56.191610,per_100g,100.0,g,1 bowl,1.0,230.0,g,106.0,,75.0,3.9,3.6,14.6,0.5,2.4,,,,,,,80.0,23.0,26.0,163.0,1.0,,,,,0.0,0.03,0.25,1.3,0.0,0.0,1,
MyFCD 1997,224003,"(PENGAT KELEDEK, GULA MERAH)","Pengat Keledek, Gula Merah","PENGAT KELEDEK, GULA MERAH",Miscellaneous,"Tee ES, Mohd Ismail N, Mohd Nasir A, Khatijah I (1997). Nutrient Composition of Malaysian Foods, 4th Edition. Institute for Medical Research (IMR), Kuala Lumpur.",1997-01-01,https://myfcd.moh.gov.my/myfcd97/index.php/site/detail_product/224003/0/10/-1/0/0,2026-09-05T23:03:56.202962,per_100g,100.0,g,1 bowl,1.0,150.0,g,322.0,,24.0,2.6,7.5,61.0,3.0,1.9,,,,,,,187.0,685.0,68.0,107.0,2.9,,,,,0.0,0.41,0.03,0.2,1.0,0.0,1,
MyFCD 1997,224004,"(PENGAT KELEDEK, GULA PUTIH )","Pengat Keledek, Gula Putih","PENGAT KELEDEK, GULA PUTIH",Miscellaneous,"Tee ES, Mohd Ismail N, Mohd Nasir A, Khatijah I (1997). Nutrient Composition of Malaysian Foods, 4th Edition. Institute for Medical Research (IMR), Kuala Lumpur.",1997-01-01,https://myfcd.moh.gov.my/myfcd97/index.php/site/detail_product/224004/0/10/-1/0/0,2026-09-05T23:03:56.245336,per_100g,100.0,g,1 bowl,1.0,150.0,g,335.0,,21.9,2.4,7.3,65.0,2.1,1.3,,,,,,,166.0,443.0,30.0,92.0,1.8,,,,,0.0,0.3,0.03,0.2,2.0,0.0,1,
MyFCD 1997,224006,(PENGAT PISANG NIPAH),Pengat Pisang Nipah,PENGAT PISANG NIPAH,Miscellaneous,"Tee ES, Mohd Ismail N, Mohd Nasir A, Khatijah I (1997). Nutrient Composition of Malaysian Foods, 4th Edition. Institute for Medical Research (IMR), Kuala Lumpur.",1997-01-01,https://myfcd.moh.gov.my/myfcd97/index.php/site/detail_product/224006/0/10/-1/0/0,2026-09-05T23:03:56.268712,per_100g,100.0,g,1 bowl,1.0,150.0,g,186.0,,60.9,1.7,6.7,29.7,0.6,0.4,,,,,,,8.0,17.0,3.0,2.0,0.5,,,,,0.0,0.03,0.06,0.2,2.0,0.0,1,
MyFCD 1997,224005,(PENGAT PISANG NANGKA),Pengat Pisang Nangka,PENGAT PISANG NANGKA,Miscellaneous,"Tee ES, Mohd Ismail N, Mohd Nasir A, Khatijah I (1997). Nutrient Composition of Malaysian Foods, 4th Edition. Institute for Medical Research (IMR), Kuala Lumpur.",1997-01-01,https://myfcd.moh.gov.my/myfcd97/index.php/site/detail_product/224005/0/10/-1/0/0,2026-09-05T23:03:56.269531,per_100g,100.0,g,1 bowl,1.0,150.0,g,164.0,,63.7,1.8,4.5,29.0,0.7,0.3,,,,,,,7.0,14.0,2.0,2.0,0.7,,,,,0.0,0.02,0.03,0.6,4.0,0.0,1,
MyFCD 1997,224008,(ROJAK),Rojak,ROJAK,Miscellaneous,"Tee ES, Mohd Ismail N, Mohd Nasir A, Khatijah I (1997). Nutrient Composition of Malaysian Foods, 4th Edition. Institute for Medical Research (IMR), Kuala Lumpur.",1997-01-01,https://myfcd.moh.gov.my/myfcd97/index.php/site/detail_product/224008/0/10/-1/0/0,2026-09-05T23:03:56.317290,per_100g,100.0,g,1 plate,1.0,330.0,g,228.0,,60.6,7.6,15.5,14.5,0.1,1.7,,,,,,,273.0,522.0,29.0,29.0,3.2,,,,,6.4,0.1,0.07,0.7,163.0,0.0,1,
MyFCD 1997,224007,(PENGAT PISANG TANDUK),Pengat Pisang Tanduk,PENGAT PISANG TANDUK,Miscellaneous,"Tee ES, Mohd Ismail N, Mohd Nasir A, Khatijah I (1997). Nutrient Composition of Malaysian Foods, 4th Edition. Institute for Medical Research (IMR), Kuala Lumpur.",1997-01-01,https://myfcd.moh.gov.my/myfcd97/index.php/site/detail_product/224007/0/10/-1/0/0,2026-09-05T23:03:56.318372,per_100g,100.0,g,1 bowl,1.0,150.0,g,140.0,,69.6,1.6,4.7,22.8,0.8,0.5,,,,,,,12.0,15.0,3.0,1.0,1.5,,,,,0.0,0.2,0.04,0.1,5.0,4.0,1,
MyFCD 1997,231001,"FRIED CHICKEN, VARIOUS PORTIONS (AYAM GORENG, BERBAGAI BAHAGIAN)","Ayam Goreng, Berbagai Bahagian","AYAM GORENG, BERBAGAI BAHAGIAN",Chicken,"Tee ES, Mohd Ismail N, Mohd Nasir A, Khatijah I (1997). Nutrient Composition of Malaysian Foods, 4th Edition. Institute for Medical Research (IMR), Kuala Lumpur.",1997-01-01,https://myfcd.moh.gov.my/myfcd97/index.php/site/detail_product/231001/0/10/-1/0/0,2026-09-05T23:03:56.323573,per_100g,100.0,g,1 piece,1.0,93.6,g,290.0,,45.8,16.6,15.9,20.0,0.0,1.7,,,,,,,538.0,250.0,15.0,136.0,1.0,,,,,1.6,0.07,0.18,5.7,23.0,12.0,1,
MyFCD 1997,231003,"MASHED POTATOES (UBI KENTANG, LENYEK)","Ubi Kentang, Lenyek","UBI KENTANG, LENYEK",Chicken,"Tee ES, Mohd Ismail N, Mohd Nasir A, Khatijah I (1997). Nutrient Composition of Malaysian Foods, 4th Edition. Institute for Medical Research (IMR), Kuala Lumpur.",1997-01-01,https://myfcd.moh.gov.my/myfcd97/index.php/site/detail_product/231003/0/10/-1/0/0,2026-09-05T23:03:56.372472,per_100g,100.0,g,"1 ""cup"" regular",1.0,93.6,g,93.0,,77.2,2.2,0.8,19.2,0.0,0.6,,,,,,,290.0,170.0,11.0,50.0,2.7,,,,,0.8,0.06,0.04,0.7,52.0,10.0,1,
MyFCD 1997,231002,"CHICKEN MEAT, SHAPED AND FRIED (DAGING AYAM, DIGORENG)","Daging Ayam, Digoreng","DAGING AYAM, DIGORENG",Chicken,"Tee ES, Mohd Ismail N, Mohd Nasir A, Khatijah I (1997). Nutrient Composition of Malaysian Foods, 4th Edition. Institute for Medical Research (IMR), Kuala Lumpur.",1997-01-01,https://myfcd.moh.gov.my/myfcd97/index.php/site/detail_product/231002/0/10/-1/0/0,2026-09-05T23:03:56.374387,per_100g,100.0,g,1 piece,1.0,17.9,g,288.0,,47.9,17.1,17.1,16.4,0.0,1.5,,,,,,,497.0,140.0,14.0,118.0,1.1,,,,,1.5,0.03,0.02,2.8,21.0,14.0,1,
MyFCD 1997,231004,BUN (ROTI),Roti,ROTI,Chicken,"Tee ES, Mohd Ismail N, Mohd Nasir A, Khatijah I (1997). Nutrient Composition of Malaysian Foods, 4th Edition. Institute for Medical Research (IMR), Kuala Lumpur.",1997-01-01,https://myfcd.moh.gov.my/myfcd97/index.php/site/detail_product/231004/0/10/-1/0/0,2026-09-05T23:03:56.427664,per_100g,100.0,g,"1 piece (LxWxT,7x6x2.8)",1.0,29.0,g,345.0,,23.6,9.4,8.5,57.6,0.0,0.9,,,,,,,78.0,110.0,33.0,46.0,0.8,,,,,0.5,0.25,0.08,1.4,0.0,0.0,1,
MyFCD 1997,231005,COLESLAW,Coleslaw,,Chicken,"Tee ES, Mohd Ismail N, Mohd Nasir A, Khatijah I (1997). Nutrient Composition of Malaysian Foods, 4th Edition. Institute for Medical Research (IMR), Kuala Lumpur.",1997-01-01,https://myfcd.moh.gov.my/myfcd97/index.php/site/detail_product/231005/0/10/-1/0/0,2026-09-05T23:03:56.594241,per_100g,100.0,g,"1 ""cup"" small",1.0,74.0,g,84.0,,85.9,2.4,4.0,9.7,0.0,1.0,,,,,,,270.0,160.0,35.0,32.0,1.8,,,,,1.5,0.03,0.01,0.1,27.0,15.0,1,
MyFCD 1997,231007,FRENCH FRIES (KENTANG GORENG),Kentang Goreng,KENTANG GORENG,Chicken,"Tee ES, Mohd Ismail N, Mohd Nasir A, Khatijah I (1997). Nutrient Composition of Malaysian Foods, 4th Edition. Institute for Medical Research (IMR), Kuala Lumpur.",1997-01-01,https://myfcd.moh.gov.my/myfcd97/index.php/site/detail_product/231007/0/10/-1/0/0,2026-09-05T23:03:56.614821,per_100g,100.0,g,"1 ""cup"" small",1.0,90.1,g,322.0,,39.5,3.8,17.9,36.4,0.0,2.4,,,,,,,60.0,460.0,8.0,71.0,2.1,,,,,1.1,0.08,0.04,1.3,22.0,22.0,1,
MyFCD 1997,231006,SALAD,Salad,,Chicken,"Tee ES, Mohd Ismail N, Mohd Nasir A, Khatijah I (1997). Nutrient Composition of Malaysian Foods, 4th Edition. Institute for Medical Research (IMR), Kuala Lumpur.",1997-01-01,https://myfcd.moh.gov.my/myfcd97/index.php/site/detail_product/231006/0/10/-1/0/0,2026-09-05T23:03:56.620582,per_100g,100.0,g,"1 ""cup"" small",1.0,73.1,g,118.0,,78.9,1.6,7.2,11.6,0.0,0.7,,,,,,,450.0,140.0,19.0,50.0,2.3,,,,,3.0,0.06,0.02,0.1,15.0,12.0,1,
MyFCD 1997,231009,"CHICKEN WING (DAGING AYAM, SAYAP)","Daging Ayam, Sayap","DAGING AYAM, SAYAP",Chicken,"Tee ES, Mohd Ismail N, Mohd Nasir A, Khatijah I (1997). Nutrient Composition of Malaysian Foods, 4th Edition. Institute for Medical Research (IMR), Kuala Lumpur.",1997-01-01,https://myfcd.moh.gov.my/myfcd97/index.php/site/detail_product/231009/0/10/-1/0/0,2026-09-05T23:03:56.640305,per_100g,100.0,g,"1 piece (LxWxT,21.5x5x3cm)",1.0,51.2,g,324.0,,41.4,27.7,19.3,9.8,0.0,1.8,,,,,,,700.0,190.0,18.0,110.0,0.8,,,,,2.2,0.06,0.15,5.2,23.0,18.0,1,
MyFCD 1997,231008,"CHICKEN BREAST (DAGING AYAM, BAHAGIAN DADA)","Daging Ayam, Bahagian Dada","DAGING AYAM, BAHAGIAN DADA",Chicken,"Tee ES, Mohd Ismail N, Mohd Nasir A, Khatijah I (1997). Nutrient Composition of Malaysian Foods, 4th Edition. Institute for Medical Research (IMR), Kuala Lumpur.",1997-01-01,https://myfcd.moh.gov.my/myfcd97/index.php/site/detail_product/231008/0/10/-1/0/0,2026-09-05T23:03:56.657710,per_100g,100.0,g,"1 piece (LxWxT,11.5x8x4cm)",1.0,119.1,g,258.0,,49.4,27.0,12.6,9.2,0.0,1.8,,,,,,,500.0,300.0,14.0,183.0,0.6,,,,,2.4,0.07,0.17,7.0,33.0,21.0,1,
MyFCD 1997,231010,"CHICKEN DRUMSTICK (DAGING AYAM, BAHAGIAN DRUMSTICK)","Daging Ayam, Bahagian Drumstick","DAGING AYAM, BAHAGIAN DRUMSTICK",Chicken,"Tee ES, Mohd Ismail N, Mohd Nasir A, Khatijah I (1997). Nutrient Composition of Malaysian Foods, 4th Edition. Institute for Medical Research (IMR), Kuala Lumpur.",1997-01-01,https://myfcd.moh.gov.my/myfcd97/index.php/site/detail_product/231010/0/10/-1/0/0,2026-09-05T23:03:56.681275,per_100g,100.0,g,"1 piece (LxWxT,21x5x5.4cm)",1.0,51.6,g,208.0,,53.4,24.8,5.5,14.8,0.0,1.5,,,,,,,470.0,260.0,15.0,145.0,1.1,,,,,1.5,0.07,0.22,5.0,23.0,12.0,1,
MyFCD 1997,231011,"CHICKEN THIGH (DAGING AYAM, BAHAGIAN PAHA)","Daging Ayam, Bahagian Paha","DAGING AYAM, BAHAGIAN PAHA",Chicken,"Tee ES, Mohd Ismail N, Mohd Nasir A, Khatijah I (1997). Nutrient Composition of Malaysian Foods, 4th Edition. Institute for Medical Research (IMR), Kuala Lumpur.",1997-01-01,https://myfcd.moh.gov.my/myfcd97/index.php/site/detail_product/231011/0/10/-1/0/0,2026-09-05T23:03:56.710606,per_100g,100.0,g,"1 piece (LxWxT,9x7.5x3cm)",1.0,87.0,g,368.0,,37.5,25.6,25.2,9.7,0.0,2.0,,,,,,,490.0,240.0,15.0,130.0,0.3,,,,,1.0,0.08,0.24,5.0,22.0,12.0,1,
MyFCD 1997,232001,BEEF BURGER (BURGER DAGING LEMBU),Burger Daging Lembu,BURGER DAGING LEMBU,Burger,"Tee ES, Mohd Ismail N, Mohd Nasir A, Khatijah I (1997). Nutrient Composition of Malaysian Foods, 4th Edition. Institute for Medical Research (IMR), Kuala Lumpur.",1997-01-01,https://myfcd.moh.gov.my/myfcd97/index.php/site/detail_product/232001/0/10/-1/0/0,2026-09-05T23:03:56.765475,per_100g,100.0,g,"1 whole, regular",1.0,124.5,g,255.0,,46.2,17.6,9.1,25.6,0.1,1.4,,,,,,,193.0,162.0,12.0,88.0,0.9,,,,,0.6,0.06,0.13,2.9,29.0,3.0,1,
MyFCD 1997,231012,"CHICKEN SHOULDER (DAGING AYAM, BAHAGIAN BAHU)","Daging Ayam, Bahagian Bahu","DAGING AYAM, BAHAGIAN BAHU",Chicken,"Tee ES, Mohd Ismail N, Mohd Nasir A, Khatijah I (1997). Nutrient Composition of Malaysian Foods, 4th Edition. Institute for Medical Research (IMR), Kuala Lumpur.",1997-01-01,https://myfcd.moh.gov.my/myfcd97/index.php/site/detail_product/231012/0/10/-1/0/0,2026-09-05T23:03:56.793519,per_100g,100.0,g,"1 piece (LxWxT,10.7x9.2x4.5cm)",1.0,77.6,g,326.0,,45.3,18.8,22.9,11.2,0.0,1.8,,,,,,,530.0,260.0,13.0,112.0,0.5,,,,,1.2,0.07,0.13,6.6,15.0,6.0,1,
MyFCD 1997,232002,CHEESE BURGER (BURGER KEJU),Burger Keju,BURGER KEJU,Burger,"Tee ES, Mohd Ismail N, Mohd Nasir A, Khatijah I (1997). Nutrient Composition of Malaysian Foods, 4th Edition. Institute for Medical Research (IMR), Kuala Lumpur.",1997-01-01,https://myfcd.moh.gov.my/myfcd97/index.php/site/detail_product/232002/0/10/-1/0/0,2026-09-05T23:03:56.795660,per_100g,100.0,g,1 whole,1.0,124.0,g,275.0,,43.4,19.8,11.5,23.1,0.2,2.0,,,,,,,697.0,240.0,89.0,117.0,2.0,,,,,1.0,0.08,0.17,2.2,33.0,4.0,1,
MyFCD 1997,232003,CHEESE BURGER WITH EXTRA BEEF PATTIE (BURGER KEJU DGN DAGING LEMBU),Burger Keju Dgn Daging Lembu,BURGER KEJU DGN DAGING LEMBU,Burger,"Tee ES, Mohd Ismail N, Mohd Nasir A, Khatijah I (1997). Nutrient Composition of Malaysian Foods, 4th Edition. Institute for Medical Research (IMR), Kuala Lumpur.",1997-01-01,https://myfcd.moh.gov.my/myfcd97/index.php/site/detail_product/232003/0/10/-1/0/0,2026-09-05T23:03:56.798751,per_100g,100.0,g,1 whole,1.0,187.0,g,234.0,,50.5,14.8,9.0,23.4,0.5,1.8,,,,,,,176.0,301.0,12.0,109.0,2.2,,,,,0.2,0.07,0.14,2.7,28.0,7.0,1,
MyFCD 1997,232004,FRIED FISH CAKE WITH BUN (DAGING IKAN GORENG DENGAN ROTI),Daging Ikan Goreng Dengan Roti,DAGING IKAN GORENG DENGAN ROTI,Burger,"Tee ES, Mohd Ismail N, Mohd Nasir A, Khatijah I (1997). Nutrient Composition of Malaysian Foods, 4th Edition. Institute for Medical Research (IMR), Kuala Lumpur.",1997-01-01,https://myfcd.moh.gov.my/myfcd97/index.php/site/detail_product/232004/0/10/-1/0/0,2026-09-05T23:03:57.397474,per_100g,100.0,g,1 whole,1.0,145.2,g,298.0,,44.9,9.6,16.9,26.9,0.0,1.7,,,,,,,588.0,182.0,49.0,121.0,1.7,,,,,0.4,0.06,0.15,4.9,20.0,6.0,1,
MyFCD 1997,232005,CONEY DOG,Coney Dog,,Burger,"Tee ES, Mohd Ismail N, Mohd Nasir A, Khatijah I (1997). Nutrient Composition of Malaysian Foods, 4th Edition. Institute for Medical Research (IMR), Kuala Lumpur.",1997-01-01,https://myfcd.moh.gov.my/myfcd97/index.php/site/detail_product/232005/0/10/-1/0/0,2026-09-05T23:03:57.432980,per_100g,100.0,g,1 whole,1.0,115.4,g,244.0,,51.2,11.0,11.3,24.5,0.0,2.0,,,,,,,852.0,172.0,43.0,107.0,3.4,,,,,1.8,0.23,0.24,3.8,26.0,15.0,1,
MyFCD 1997,232006,HOT DOG,Hot Dog,,Burger,"Tee ES, Mohd Ismail N, Mohd Nasir A, Khatijah I (1997). Nutrient Composition of Malaysian Foods, 4th Edition. Institute for Medical Research (IMR), Kuala Lumpur.",1997-01-01,https://myfcd.moh.gov.my/myfcd97/index.php/site/detail_product/232006/0/10/-1/0/0,2026-09-05T23:03:57.450115,per_100g,100.0,g,1 whole,1.0,82.0,g,274.0,,47.0,11.0,14.0,26.0,0.0,2.0,,,,,,,773.0,170.0,20.0,117.0,2.0,,,,,1.6,0.04,0.02,2.0,16.0,5.0,1,
MyFCD 1997,233001,"PIZZA WITH PEPPERONI, BEEF, ETC (PIZA YANG MENGANDUNGI PEPPERONI DLL)",Piza Yang Mengandungi Pepperoni Dll,PIZA YANG MENGANDUNGI PEPPERONI DLL,Pizza,"Tee ES, Mohd Ismail N, Mohd Nasir A, Khatijah I (1997). Nutrient Composition of Malaysian Foods, 4th Edition. Institute for Medical Research (IMR), Kuala Lumpur.",1997-01-01,https://myfcd.moh.gov.my/myfcd97/index.php/site/detail_product/233001/0/10/-1/0/0,2026-09-05T23:03:57.475315,per_100g,100.0,g,"1 whole, small (DxT,15x2.5cm)",1.0,229.2,g,294.0,,45.9,17.9,17.5,16.1,0.3,2.3,,,,,,,1296.0,216.0,269.0,207.0,0.8,,,,,0.7,0.07,0.01,10.8,76.0,7.0,1,
MyFCD 1997,233002,PIZZA WITH CHICKEN AND PINEAPPLE (PIZA YANG MENGANDUNGI AYAM DAN NENAS),Piza Yang Mengandungi Ayam Dan Nenas,PIZA YANG MENGANDUNGI AYAM DAN NENAS,Pizza,"Tee ES, Mohd Ismail N, Mohd Nasir A, Khatijah I (1997). Nutrient Composition of Malaysian Foods, 4th Edition. Institute for Medical Research (IMR), Kuala Lumpur.",1997-01-01,https://myfcd.moh.gov.my/myfcd97/index.php/site/detail_product/233002/0/10/-1/0/0,2026-09-05T23:03:57.475808,per_100g,100.0,g,"1 whole, regular (DxT,22x2.8cm)",1.0,546.0,g,284.0,,45.6,14.9,15.0,22.3,0.2,2.0,,,,,,,941.0,132.0,303.0,401.0,1.4,,,,,3.1,0.09,0.09,7.5,89.0,8.0,1,
MyFCD 1997,233003,"PIZZA WITH BEEF, CHICKEN, ONION (PIZA YANG MENGANDUNGI DAGING LEMBU,AYAM, DLL)","Piza Yang Mengandungi Daging Lembu,Ayam, Dll","PIZA YANG MENGANDUNGI DAGING LEMBU,AYAM, DLL",Pizza,"Tee ES, Mohd Ismail N, Mohd Nasir A, Khatijah I (1997). Nutrient Composition of Malaysian Foods, 4th Edition. Institute for Medical Research (IMR), Kuala Lumpur.",1997-01-01,https://myfcd.moh.gov.my/myfcd97/index.php/site/detail_product/233003/0/10/-1/0/0,2026-09-05T23:03:57.476220,per_100g,100.0,g,"1 whole, regular (DxT,22x2.8cm)",1.0,546.0,g,256.0,,44.4,19.5,8.4,25.5,0.1,2.1,,,,,,,942.0,173.0,257.0,187.0,2.5,,,,,4.4,0.09,0.08,4.4,82.0,8.0,1,
MyFCD 1997,233004,PIZZA WITH CHICKEN CURRY AND PEAS (PIZA YANG MENGANDUNGI KARI AYAM DAN KACANG),Piza Yang Mengandungi Kari Ayam Dan Kacang,PIZA YANG MENGANDUNGI KARI AYAM DAN KACANG,Pizza,"Tee ES, Mohd Ismail N, Mohd Nasir A, Khatijah I (1997). Nutrient Composition of Malaysian Foods, 4th Edition. Institute for Medical Research (IMR), Kuala Lumpur.",1997-01-01,https://myfcd.moh.gov.my/myfcd97/index.php/site/detail_product/233004/0/10/-1/0/0,2026-09-05T23:04:13.670840,per_100g,100.0,g,"1 whole, small (DxT,15x2.5cm)",1.0,258.0,g,288.0,,39.3,13.2,11.4,33.2,0.7,2.2,,,,,,,515.0,157.0,68.0,129.0,0.6,,,,,0.7,0.07,0.09,6.1,105.0,3.0,1,
MyFCD 1997,233007,"PIZZA WITH ONION, TOMATOES, ETC (PIZA YANG MENGANDUNGI BAWANG, TOMATO, DLL)","Piza Yang Mengandungi Bawang, Tomato, Dll","PIZA YANG MENGANDUNGI BAWANG, TOMATO, DLL",Pizza,"Tee ES, Mohd Ismail N, Mohd Nasir A, Khatijah I (1997). Nutrient Composition of Malaysian Foods, 4th Edition. Institute for Medical Research (IMR), Kuala Lumpur.",1997-01-01,https://myfcd.moh.gov.my/myfcd97/index.php/site/detail_product/233007/0/10/-1/0/0,2026-09-05T23:04:13.674216,per_100g,100.0,g,"1 whole, regular (DxT,22x2.5cm)",1.0,543.0,g,160.0,,60.1,12.3,2.0,23.2,0.8,1.6,,,,,,,479.0,151.0,87.0,116.0,0.8,,,,,1.5,0.05,0.08,5.8,32.0,10.0,1,
MyFCD 1997,233008,"PIZZA WITH CHICKEN, MUSHROOM, TOMATO (PIZA YANG MENGANDUNGI DAGING AYAM, CENDAWAN DLL)","Piza Yang Mengandungi Daging Ayam, Cendawan Dll","PIZA YANG MENGANDUNGI DAGING AYAM, CENDAWAN DLL",Pizza,"Tee ES, Mohd Ismail N, Mohd Nasir A, Khatijah I (1997). Nutrient Composition of Malaysian Foods, 4th Edition. Institute for Medical Research (IMR), Kuala Lumpur.",1997-01-01,https://myfcd.moh.gov.my/myfcd97/index.php/site/detail_product/233008/0/10/-1/0/0,2026-09-05T23:04:13.688731,per_100g,100.0,g,"1 whole, regular (DxT,22x2.8cm)",1.0,546.0,g,214.0,,50.0,17.3,4.6,25.8,0.3,2.0,,,,,,,590.0,156.0,85.0,129.0,0.7,,,,,1.1,0.03,0.04,2.7,80.0,8.0,1,
MyFCD 1997,233009,PIZZA WITH SHRIMP AND CUCUMBER (PIZA YANG MENGANDUNGI UDANG DAN TIMUN),Piza Yang Mengandungi Udang Dan Timun,PIZA YANG MENGANDUNGI UDANG DAN TIMUN,Pizza,"Tee ES, Mohd Ismail N, Mohd Nasir A, Khatijah I (1997). Nutrient Composition of Malaysian Foods, 4th Edition. Institute for Medical Research (IMR), Kuala Lumpur.",1997-01-01,https://myfcd.moh.gov.my/myfcd97/index.php/site/detail_product/233009/0/10/-1/0/0,2026-09-05T23:04:13.696115,per_100g,100.0,g,,,,,242.0,,48.4,15.7,9.2,24.1,0.5,2.1,,,,,,,506.0,163.0,87.0,170.0,0.7,,,,,1.4,0.03,0.04,8.2,42.0,6.0,1,
MyFCD 1997,233005,PIZZA WITH CURRY BEEF AND PEAS (PIZA YANG MENGANDUNGI KARI LEMBU DAN KACANG),Piza Yang Mengandungi Kari Lembu Dan Kacang,PIZA YANG MENGANDUNGI KARI LEMBU DAN KACANG,Pizza,"Tee ES, Mohd Ismail N, Mohd Nasir A, Khatijah I (1997). Nutrient Composition of Malaysian Foods, 4th Edition. Institute for Medical Research (IMR), Kuala Lumpur.",1997-01-01,https://myfcd.moh.gov.my/myfcd97/index.php/site/detail_product/233005/0/10/-1/0/0,2026-09-05T23:04:13.711456,per_100g,100.0,g,"1 whole, small (DxT,15x2.5cm)",1.0,229.2,g,249.0,,46.5,15.9,9.1,25.8,0.6,2.1,,,,,,,459.0,167.0,84.0,133.0,0.6,,,,,3.1,0.07,0.08,12.6,101.0,14.0,1,
MyFCD 1997,233006,PIZZA WITH BEEF AND ONION (PIZA YANG MENGANDUNGI DAGING LEMBU DAN BAWANG),Piza Yang Mengandungi Daging Lembu Dan Bawang,PIZA YANG MENGANDUNGI DAGING LEMBU DAN BAWANG,Pizza,"Tee ES, Mohd Ismail N, Mohd Nasir A, Khatijah I (1997). Nutrient Composition of Malaysian Foods, 4th Edition. Institute for Medical Research (IMR), Kuala Lumpur.",1997-01-01,https://myfcd.moh.gov.my/myfcd97/index.php/site/detail_product/233006/0/10/-1/0/0,2026-09-05T23:04:13.712625,per_100g,100.0,g,"1 whole, small (DxT,15x2.5cm)",1.0,229.2,g,257.0,,45.3,15.3,9.4,27.8,0.4,1.8,,,,,,,467.0,176.0,75.0,126.0,0.6,,,,,0.8,0.04,0.06,3.1,82.0,10.0,1,
MyFCD 1997,234001,SPAGHETTI WITH CHEESE AND MEAT SAUCE (SPAGETI YANG MENGANDUNGI KEJU DAN SOS DAGING),Spageti Yang Mengandungi Keju Dan Sos Daging,SPAGETI YANG MENGANDUNGI KEJU DAN SOS DAGING,Spaghetti,"Tee ES, Mohd Ismail N, Mohd Nasir A, Khatijah I (1997). Nutrient Composition of Malaysian Foods, 4th Edition. Institute for Medical Research (IMR), Kuala Lumpur.",1997-01-01,https://myfcd.moh.gov.my/myfcd97/index.php/site/detail_product/234001/0/10/-1/0/0,2026-09-05T23:04:13.804737,per_100g,100.0,g,"1 bowl (DxH, 15x6.2cm) or 1 plate (D, 22.5cm)",1.0,439.6,g,101.0,,72.8,13.0,0.3,11.5,0.9,1.5,,,,,,,349.0,200.0,10.0,37.0,0.7,,,,,0.3,0.04,0.04,0.8,15.0,8.0,1,
MyFCD 1997,233011,"PIZZA WITH BEEF, SALAMI, ETC (PIZA YANG MENGANDUNGI DAGING LEMBU, SALAMI, DLL)","Piza Yang Mengandungi Daging Lembu, Salami, Dll","PIZA YANG MENGANDUNGI DAGING LEMBU, SALAMI, DLL",Pizza,"Tee ES, Mohd Ismail N, Mohd Nasir A, Khatijah I (1997). Nutrient Composition of Malaysian Foods, 4th Edition. Institute for Medical Research (IMR), Kuala Lumpur.",1997-01-01,https://myfcd.moh.gov.my/myfcd97/index.php/site/detail_product/233011/0/10/-1/0/0,2026-09-05T23:04:13.807251,per_100g,100.0,g,"1 whole, small (DxT,15x2.5cm)",1.0,229.0,g,178.0,,55.9,14.6,2.2,25.0,0.6,1.7,,,,,,,583.0,159.0,94.0,139.0,0.8,,,,,2.2,0.06,0.06,6.4,34.0,7.0,1,
MyFCD 1997,234003,"SPAGHETTI WITH CHICKEN, MUSHROOM, ETC (SPAGETI YANG MENGANDUNGI AYAM, CENDAWAN, DLL)","Spageti Yang Mengandungi Ayam, Cendawan, Dll","SPAGETI YANG MENGANDUNGI AYAM, CENDAWAN, DLL",Spaghetti,"Tee ES, Mohd Ismail N, Mohd Nasir A, Khatijah I (1997). Nutrient Composition of Malaysian Foods, 4th Edition. Institute for Medical Research (IMR), Kuala Lumpur.",1997-01-01,https://myfcd.moh.gov.my/myfcd97/index.php/site/detail_product/234003/0/10/-1/0/0,2026-09-05T23:04:13.849036,per_100g,100.0,g,"1 bowl (DxH, 15x6.2cm) or 1 plate (D, 22.5cm)",1.0,526.3,g,88.0,,77.2,16.6,0.2,5.0,0.1,0.9,,,,,,,323.0,60.0,10.0,29.0,1.5,,,,,0.2,0.09,0.02,0.9,13.0,6.0,1,
MyFCD 1997,233010,"PIZZA WITH SHRIMP, SQUID AND MUSHROOM (PIZA YANG MENGANDUNGI UDANG, SOTONG & CENDAWAN)","Piza Yang Mengandungi Udang, Sotong & Cendawan","PIZA YANG MENGANDUNGI UDANG, SOTONG & CENDAWAN",Pizza,"Tee ES, Mohd Ismail N, Mohd Nasir A, Khatijah I (1997). Nutrient Composition of Malaysian Foods, 4th Edition. Institute for Medical Research (IMR), Kuala Lumpur.",1997-01-01,https://myfcd.moh.gov.my/myfcd97/index.php/site/detail_product/233010/0/10/-1/0/0,2026-09-05T23:04:13.850849,per_100g,100.0,g,,,,,248.0,,46.3,17.5,8.1,26.2,0.5,1.4,,,,,,,566.0,117.0,79.0,133.0,0.6,,,,,1.3,0.03,0.05,3.3,46.0,6.0,1,
MyFCD 1997,234004,"SPAGHETTI WITH VEGETABLES, SAUCE, ETC (SPAGETI YANG MENGANDUNGI SAYUR-SAYURAN, SOS, DLL)","Spageti Yang Mengandungi Sayur-Sayuran, Sos, Dll","SPAGETI YANG MENGANDUNGI SAYUR-SAYURAN, SOS, DLL",Spaghetti,"Tee ES, Mohd Ismail N, Mohd Nasir A, Khatijah I (1997). Nutrient Composition of Malaysian Foods, 4th Edition. Institute for Medical Research (IMR), Kuala Lumpur.",1997-01-01,https://myfcd.moh.gov.my/myfcd97/index.php/site/detail_product/234004/0/10/-1/0/0,2026-09-05T23:04:13.853251,per_100g,100.0,g,,,,,100.0,,73.1,13.4,0.4,10.6,1.2,1.3,,,,,,,295.0,185.0,14.0,34.0,1.1,,,,,0.3,0.04,0.04,0.8,14.0,13.0,1,
MyFCD 1997,234002,"SPAGHETTI WITH SHRIMP, MUSHROOM, ETC (SPAGETI YANG MENGANDUNGI UDANG, CENDAWAN, DLL)","Spageti Yang Mengandungi Udang, Cendawan, Dll","SPAGETI YANG MENGANDUNGI UDANG, CENDAWAN, DLL",Spaghetti,"Tee ES, Mohd Ismail N, Mohd Nasir A, Khatijah I (1997). Nutrient Composition of Malaysian Foods, 4th Edition. Institute for Medical Research (IMR), Kuala Lumpur.",1997-01-01,https://myfcd.moh.gov.my/myfcd97/index.php/site/detail_product/234002/0/10/-1/0/0,2026-09-05T23:04:13.869578,per_100g,100.0,g,,,,,91.0,,76.5,17.8,0.1,4.8,0.0,0.8,,,,,,,272.0,35.0,10.0,33.0,1.3,,,,,0.4,0.07,0.09,1.1,10.0,7.0,1,
MyFCD 1997,235002,"SANDWICH WITH FISH, SALAD, MAYONNAISE (SANDWIC YANG MENGANDUNGI IKAN, SALAD, DLL)","Sandwic Yang Mengandungi Ikan, Salad, Dll","SANDWIC YANG MENGANDUNGI IKAN, SALAD, DLL",Sandwich,"Tee ES, Mohd Ismail N, Mohd Nasir A, Khatijah I (1997). Nutrient Composition of Malaysian Foods, 4th Edition. Institute for Medical Research (IMR), Kuala Lumpur.",1997-01-01,https://myfcd.moh.gov.my/myfcd97/index.php/site/detail_product/235002/0/10/-1/0/0,2026-09-05T23:04:13.917305,per_100g,100.0,g,1 whole,1.0,145.2,g,226.0,,52.4,16.9,9.3,18.6,1.0,1.8,,,,,,,329.0,108.0,35.0,118.0,4.9,,,,,0.5,0.08,0.14,3.0,40.0,88.0,1,
MyFCD 1997,235001,"SANDWICH WITH TUNA FISH, ETC (SANDWIC DGN IKAN TUNA, DLL)","Sandwic Dgn Ikan Tuna, Dll","SANDWIC DGN IKAN TUNA, DLL",Sandwich,"Tee ES, Mohd Ismail N, Mohd Nasir A, Khatijah I (1997). Nutrient Composition of Malaysian Foods, 4th Edition. Institute for Medical Research (IMR), Kuala Lumpur.",1997-01-01,https://myfcd.moh.gov.my/myfcd97/index.php/site/detail_product/235001/0/10/-1/0/0,2026-09-05T23:04:13.925445,per_100g,100.0,g,1 whole,1.0,138.4,g,174.0,,53.6,20.2,1.1,20.9,2.4,1.8,,,,,,,490.0,240.0,85.0,141.0,0.7,,,,,0.6,0.08,0.15,2.7,56.0,124.0,1,
MyFCD 1997,235004,"SANDWICH WITH CHICKEN, ETC (SANDWIC YANG MENGANDUNGI DAGING AYAM, DLL)","Sandwic Yang Mengandungi Daging Ayam, Dll","SANDWIC YANG MENGANDUNGI DAGING AYAM, DLL",Sandwich,"Tee ES, Mohd Ismail N, Mohd Nasir A, Khatijah I (1997). Nutrient Composition of Malaysian Foods, 4th Edition. Institute for Medical Research (IMR), Kuala Lumpur.",1997-01-01,https://myfcd.moh.gov.my/myfcd97/index.php/site/detail_product/235004/0/10/-1/0/0,2026-09-05T23:04:13.983571,per_100g,100.0,g,1 whole,1.0,139.4,g,194.0,,54.2,18.1,5.6,17.7,2.9,1.5,,,,,,,546.0,166.0,121.0,128.0,0.7,,,,,0.5,0.08,0.13,3.1,44.0,100.0,1,
MyFCD 1997,235005,"SANDWICH WITH PEPPERONI, SALAD, ETC (SANDWIC YANG MENGANDUNGI PEPPERONI, SALAD, DLL)","Sandwic Yang Mengandungi Pepperoni, Salad, Dll","SANDWIC YANG MENGANDUNGI PEPPERONI, SALAD, DLL",Sandwich,"Tee ES, Mohd Ismail N, Mohd Nasir A, Khatijah I (1997). Nutrient Composition of Malaysian Foods, 4th Edition. Institute for Medical Research (IMR), Kuala Lumpur.",1997-01-01,https://myfcd.moh.gov.my/myfcd97/index.php/site/detail_product/235005/0/10/-1/0/0,2026-09-05T23:04:13.985092,per_100g,100.0,g,,,,,182.0,,53.1,18.7,2.5,21.1,2.5,2.1,,,,,,,369.0,109.0,34.0,97.0,0.6,,,,,0.3,0.07,0.11,2.3,17.0,34.0,1,
MyFCD 1997,235003,"SANDWICH WITH CHICKEN, SALAD, ETC (SANDWIC YANG MENGANDUNGI AYAM, SALAD, DLL)","Sandwic Yang Mengandungi Ayam, Salad, Dll","SANDWIC YANG MENGANDUNGI AYAM, SALAD, DLL",Sandwich,"Tee ES, Mohd Ismail N, Mohd Nasir A, Khatijah I (1997). Nutrient Composition of Malaysian Foods, 4th Edition. Institute for Medical Research (IMR), Kuala Lumpur.",1997-01-01,https://myfcd.moh.gov.my/myfcd97/index.php/site/detail_product/235003/0/10/-1/0/0,2026-09-05T23:04:13.999195,per_100g,100.0,g,1 whole,1.0,168.3,g,286.0,,45.6,22.7,16.5,11.7,1.5,2.0,,,,,,,266.0,96.0,24.0,91.0,0.9,,,,,0.3,0.06,0.15,2.8,37.0,82.0,1,
MyFCD 1997,236001,CHICKEN SATAY (SATAY DAGING AYAM),Satay Daging Ayam,SATAY DAGING AYAM,Satay,"Tee ES, Mohd Ismail N, Mohd Nasir A, Khatijah I (1997). Nutrient Composition of Malaysian Foods, 4th Edition. Institute for Medical Research (IMR), Kuala Lumpur.",1997-01-01,https://myfcd.moh.gov.my/myfcd97/index.php/site/detail_product/236001/0/10/-1/0/0,2026-09-05T23:04:14.009369,per_100g,100.0,g,"1 stick, 4 pieces (LxWxT, 6.5x1x1cm)",1.0,10.3,g,227.0,,49.0,41.3,6.1,1.8,0.0,1.8,,,,,,,120.0,210.0,17.0,405.0,2.2,,,,,0.5,0.13,0.07,4.8,6.0,3.0,0,R222029
MyFCD 1997,236002,BEEF SATAY (SATAY DAGING LEMBU),Satay Daging Lembu,SATAY DAGING LEMBU,Satay,"Tee ES, Mohd Ismail N, Mohd Nasir A, Khatijah I (1997). Nutrient Composition of Malaysian Foods, 4th Edition. Institute for Medical Research (IMR), Kuala Lumpur.",1997-01-01,https://myfcd.moh.gov.my/myfcd97/index.php/site/detail_product/236002/0/10/-1/0/0,2026-09-05T23:04:14.036146,per_100g,100.0,g,"1 stick, 4 pieces (LxWxT, 6.5x1x1cm)",1.0,11.6,g,219.0,,51.9,38.9,6.7,0.8,0.0,1.7,,,,,,,108.0,199.0,8.0,391.0,3.6,,,,,0.4,0.15,0.21,5.5,10.0,20.0,1,
MyFCD 1997,236003,MUTTON SATAY (SATAY DAGING KAMBING),Satay Daging Kambing,SATAY DAGING KAMBING,Satay,"Tee ES, Mohd Ismail N, Mohd Nasir A, Khatijah I (1997). Nutrient Composition of Malaysian Foods, 4th Edition. Institute for Medical Research (IMR), Kuala Lumpur.",1997-01-01,https://myfcd.moh.gov.my/myfcd97/index.php/site/detail_product/236003/0/10/-1/0/0,2026-09-05T23:04:14.042701,per_100g,100.0,g,"1 stick, 4 pieces (LxWxT, 6.5x1x1cm)",1.0,11.4,g,211.0,,53.1,41.7,4.9,0.0,0.0,1.6,,,,,,,113.0,234.0,44.0,412.0,2.7,,,,,0.5,0.13,0.19,5.5,7.0,14.0,1,
MyFCD 1997,237002,CHICKEN SOTO (SOTO AYAM),Soto Ayam,SOTO AYAM,Miscellaneous,"Tee ES, Mohd Ismail N, Mohd Nasir A, Khatijah I (1997). Nutrient Composition of Malaysian Foods, 4th Edition. Institute for Medical Research (IMR), Kuala Lumpur.",1997-01-01,https://myfcd.moh.gov.my/myfcd97/index.php/site/detail_product/237002/0/10/-1/0/0,2026-09-05T23:04:14.121968,per_100g,100.0,g,1 bowl,1.0,478.6,g,107.0,,78.3,1.5,5.9,11.9,0.5,1.9,,,,,,,174.0,278.0,12.0,278.0,0.8,,,,,0.3,0.05,0.09,0.6,31.0,33.0,1,
MyFCD 1997,237003,MURTABAK*,Murtabak*,,Miscellaneous,"Tee ES, Mohd Ismail N, Mohd Nasir A, Khatijah I (1997). Nutrient Composition of Malaysian Foods, 4th Edition. Institute for Medical Research (IMR), Kuala Lumpur.",1997-01-01,https://myfcd.moh.gov.my/myfcd97/index.php/site/detail_product/237003/0/10/-1/0/0,2026-09-05T23:04:14.154433,per_100g,100.0,g,"1 piece (LxWxT, 13.5x13x1cm)",1.0,146.2,g,158.0,,65.8,8.1,6.3,17.1,1.2,1.5,,,,,,,350.0,125.0,16.0,258.0,0.9,,,,,0.6,0.09,0.07,2.4,66.0,38.0,1,
MyFCD 1997,236004,SATAY SAUCE (KUAH SATAY),Kuah Satay,KUAH SATAY,Satay,"Tee ES, Mohd Ismail N, Mohd Nasir A, Khatijah I (1997). Nutrient Composition of Malaysian Foods, 4th Edition. Institute for Medical Research (IMR), Kuala Lumpur.",1997-01-01,https://myfcd.moh.gov.my/myfcd97/index.php/site/detail_product/236004/0/10/-1/0/0,2026-09-05T23:04:14.155096,per_100g,100.0,g,1/2 cup,1.0,85.7,g,151.0,,57.1,14.9,1.3,20.0,4.9,1.8,,,,,,,127.0,100.0,26.0,762.0,1.7,,,,,0.4,0.06,0.04,3.1,24.0,14.0,1,
MyFCD 1997,237001,FRIED RICE WITH CHICKEN PIECES (NASI GORENG DENGAN DAGING AYAM),Nasi Goreng Dengan Daging Ayam,NASI GORENG DENGAN DAGING AYAM,Miscellaneous,"Tee ES, Mohd Ismail N, Mohd Nasir A, Khatijah I (1997). Nutrient Composition of Malaysian Foods, 4th Edition. Institute for Medical Research (IMR), Kuala Lumpur.",1997-01-01,https://myfcd.moh.gov.my/myfcd97/index.php/site/detail_product/237001/0/10/-1/0/0,2026-09-05T23:04:14.156606,per_100g,100.0,g,1 plate,1.0,330.3,g,179.0,,58.9,6.7,5.3,26.0,1.6,1.5,,,,,,,126.0,134.0,16.0,203.0,2.0,,,,,0.5,0.06,0.04,1.1,25.0,7.0,1,
MyFCD 1997,237004,MURTABAK SAUCE (SOS MURTABAK),Sos Murtabak,SOS MURTABAK,Miscellaneous,"Tee ES, Mohd Ismail N, Mohd Nasir A, Khatijah I (1997). Nutrient Composition of Malaysian Foods, 4th Edition. Institute for Medical Research (IMR), Kuala Lumpur.",1997-01-01,https://myfcd.moh.gov.my/myfcd97/index.php/site/detail_product/237004/0/10/-1/0/0,2026-09-05T23:04:14.174719,per_100g,100.0,g,1/2 cup,1.0,95.2,g,77.0,,83.8,4.0,3.4,7.7,0.0,1.1,,,,,,,320.0,280.0,15.0,143.0,1.6,,,,,0.2,0.1,0.13,1.0,2.0,3.0,1,
MyFCD 1997,401001,"BEEF CURRY WITH POTATOES, CANNED ; (KARI LEMBU DENGAN UBI KENTANG DALAM TIN)","Beef Curry With Potatoes, Canned",KARI LEMBU DENGAN UBI KENTANG DALAM TIN,Cholesterol in raw foodstuffs,"Tee ES, Mohd Ismail N, Mohd Nasir A, Khatijah I (1997). Nutrient Composition of Malaysian Foods, 4th Edition. Institute for Medical Research (IMR), Kuala Lumpur.",1997-01-01,https://myfcd.moh.gov.my/myfcd97/index.php/site/detail_product/401001/0/10/-1/0/0,2026-09-05T23:04:14.182001,per_100g,100.0,g,"1 tin, small",1.0,155.0,g,,,,,8.2,,,,,,,,,,,,,,,,,,,,,,,,,1,
MyFCD 1997,401003,"BEEF, LEAN (DAGING LEMBU TANPA LEMAK)",Daging Lembu Tanpa Lemak,DAGING LEMBU TANPA LEMAK,Cholesterol in raw foodstuffs,"Tee ES, Mohd Ismail N, Mohd Nasir A, Khatijah I (1997). Nutrient Composition of Malaysian Foods, 4th Edition. Institute for Medical Research (IMR), Kuala Lumpur.",1997-01-01,https://myfcd.moh.gov.my/myfcd97/index.php/site/detail_product/401003/0/10/-1/0/0,2026-09-05T23:04:14.305985,per_100g,100.0,g,1/2 cup (chopped),1.0,123.0,g,,,,,1.1,,,,,,,,,,,,,,,,,,,,,,,,,1,
MyFCD 1997,401005,"BRAIN, PIG (OTAK, BABI)","Otak, Babi","OTAK, BABI",Cholesterol in raw foodstuffs,"Tee ES, Mohd Ismail N, Mohd Nasir A, Khatijah I (1997). Nutrient Composition of Malaysian Foods, 4th Edition. Institute for Medical Research (IMR), Kuala Lumpur.",1997-01-01,https://myfcd.moh.gov.my/myfcd97/index.php/site/detail_product/401005/0/10/-1/0/0,2026-09-05T23:04:14.328178,per_100g,100.0,g,,,,,,,,,9.2,,,,,,,,,,,,,,,,,,,,,,,,,1,
MyFCD 1997,401004,"BRAIN, OX (OTAK LEMBU)",Otak Lembu,OTAK LEMBU,Cholesterol in raw foodstuffs,"Tee ES, Mohd Ismail N, Mohd Nasir A, Khatijah I (1997). Nutrient Composition of Malaysian Foods, 4th Edition. Institute for Medical Research (IMR), Kuala Lumpur.",1997-01-01,https://myfcd.moh.gov.my/myfcd97/index.php/site/detail_product/401004/0/10/-1/0/0,2026-09-05T23:04:14.335498,per_100g,100.0,g,,,,,,,,,10.2,,,,,,,,,,,,,,,,,,,,,,,,,1,
MyFCD 1997,401002,BEEF FRANKFURTER (FRANKFURTER DAGING LEMBU),Frankfurter Daging Lembu,FRANKFURTER DAGING LEMBU,Cholesterol in raw foodstuffs,"Tee ES, Mohd Ismail N, Mohd Nasir A, Khatijah I (1997). Nutrient Composition of Malaysian Foods, 4th Edition. Institute for Medical Research (IMR), Kuala Lumpur.",1997-01-01,https://myfcd.moh.gov.my/myfcd97/index.php/site/detail_product/401002/0/10/-1/0/0,2026-09-05T23:04:14.336922,per_100g,100.0,g,"1 short piece (LxD, 4.5x2 cm)",1.0,12.0,g,,,,,10.9,,,,,,,,,,,,,,,,,,,,,,,,,1,
MyFCD 1997,401006,"CHICKEN, FARM, THIGH ; (AYAM LADANG, BAHAGIAN PAHA DAN DRUMSTICK DENGAN KULIT)","Ayam Ladang, Bahagian Paha Dan Drumstick Dengan Kulit","AYAM LADANG, BAHAGIAN PAHA DAN DRUMSTICK DENGAN KULIT",Cholesterol in raw foodstuffs,"Tee ES, Mohd Ismail N, Mohd Nasir A, Khatijah I (1997). Nutrient Composition of Malaysian Foods, 4th Edition. Institute for Medical Research (IMR), Kuala Lumpur.",1997-01-01,https://myfcd.moh.gov.my/myfcd97/index.php/site/detail_product/401006/0/10/-1/0/0,2026-09-05T23:04:14.366182,per_100g,100.0,g,"1 small (LxWxT, 11x10x2.9 cm)",1.0,125.0,g,,,,,19.0,,,,,,,,,,,,,,,,,,,,,,,,,1,
MyFCD 1997,401007,"CHICKEN, FARM, TAIL PORTION (AYAM LADANG, BAHAGIAN TONGKENG)","Ayam Ladang, Bahagian Tongkeng","AYAM LADANG, BAHAGIAN TONGKENG",Cholesterol in raw foodstuffs,"Tee ES, Mohd Ismail N, Mohd Nasir A, Khatijah I (1997). Nutrient Composition of Malaysian Foods, 4th Edition. Institute for Medical Research (IMR), Kuala Lumpur.",1997-01-01,https://myfcd.moh.gov.my/myfcd97/index.php/site/detail_product/401007/0/10/-1/0/0,2026-09-05T23:04:14.369042,per_100g,100.0,g,"1 whole (LxWxT, 3.8x3.8x2.8 cm)",1.0,16.0,g,,,,,42.1,,,,,,,,,,,,,,,,,,,,,,,,,1,
MyFCD 1997,401009,"CHICKEN, FREE - RANGING, BACKBONE WITHOUT SKIN ; (AYAM KAMPUNG, TULANG BELAKANG TANPA KULIT)","Ayam Kampung, Tulang Belakang Tanpa Kulit","AYAM KAMPUNG, TULANG BELAKANG TANPA KULIT",Cholesterol in raw foodstuffs,"Tee ES, Mohd Ismail N, Mohd Nasir A, Khatijah I (1997). Nutrient Composition of Malaysian Foods, 4th Edition. Institute for Medical Research (IMR), Kuala Lumpur.",1997-01-01,https://myfcd.moh.gov.my/myfcd97/index.php/site/detail_product/401009/0/10/-1/0/0,2026-09-05T23:04:14.435502,per_100g,100.0,g,"1 piece (LxWxT, 23x7x5 cm)",1.0,111.0,g,,,,,1.2,,,,,,,,,,,,,,,,,,,,,,,,,1,
MyFCD 1997,401008,"CHICKEN, FREE - RANGING, BACKBONE WITH SKIN ; (AYAM KAMPUNG, TULANG BELAKANG DENGAN KULIT)","Ayam Kampung, Tulang Belakang Dengan Kulit","AYAM KAMPUNG, TULANG BELAKANG DENGAN KULIT",Cholesterol in raw foodstuffs,"Tee ES, Mohd Ismail N, Mohd Nasir A, Khatijah I (1997). Nutrient Composition of Malaysian Foods, 4th Edition. Institute for Medical Research (IMR), Kuala Lumpur.",1997-01-01,https://myfcd.moh.gov.my/myfcd97/index.php/site/detail_product/401008/0/10/-1/0/0,2026-09-05T23:04:14.444130,per_100g,100.0,g,"1 piece (LxWxT, 23x7x5 cm)",1.0,125.0,g,,,,,1.4,,,,,,,,,,,,,,,,,,,,,,,,,1,
MyFCD 1997,401011,"CHICKEN, FREE - RANGING, DRUMSTICK WITHOUT SKIN ; (AYAM KAMPUNG, BAHAGIAN DRUMSTICK TANPA KULIT)","Ayam Kampung, Bahagian Drumstick Tanpa Kulit","AYAM KAMPUNG, BAHAGIAN DRUMSTICK TANPA KULIT",Cholesterol in raw foodstuffs,"Tee ES, Mohd Ismail N, Mohd Nasir A, Khatijah I (1997). Nutrient Composition of Malaysian Foods, 4th Edition. Institute for Medical Research (IMR), Kuala Lumpur.",1997-01-01,https://myfcd.moh.gov.my/myfcd97/index.php/site/detail_product/401011/0/10/-1/0/0,2026-09-05T23:04:14.457752,per_100g,100.0,g,"1 whole (LxWxT, 13.4x5.3x2.9 cm)",1.0,83.0,g,,,,,1.8,,,,,,,,,,,,,,,,,,,,,,,,,1,
MyFCD 1997,401010,"CHICKEN, FREE - RANGING, DRUMSTICK WITH SKIN ; (AYAM KAMPUNG, BAHAGIAN DRUMSTICK DENGAN KULIT)","Ayam Kampung, Bahagian Drumstick Dengan Kulit","AYAM KAMPUNG, BAHAGIAN DRUMSTICK DENGAN KULIT",Cholesterol in raw foodstuffs,"Tee ES, Mohd Ismail N, Mohd Nasir A, Khatijah I (1997). Nutrient Composition of Malaysian Foods, 4th Edition. Institute for Medical Research (IMR), Kuala Lumpur.",1997-01-01,https://myfcd.moh.gov.my/myfcd97/index.php/site/detail_product/401010/0/10/-1/0/0,2026-09-05T23:04:14.461101,per_100g,100.0,g,"1 whole (LxWxT, 13.4x5.8x3.1 cm)",1.0,91.0,g,,,,,2.9,,,,,,,,,,,,,,,,,,,,,,,,,1,
MyFCD 1997,401013,"CHICKEN, FREE - RANGING, THIGH WITHOUT SKIN ; (AYAM KAMPUNG, BAHAGIAN PAHA TANPA KULIT)","Ayam Kampung, Bahagian Paha Tanpa Kulit","AYAM KAMPUNG, BAHAGIAN PAHA TANPA KULIT",Cholesterol in raw foodstuffs,"Tee ES, Mohd Ismail N, Mohd Nasir A, Khatijah I (1997). Nutrient Composition of Malaysian Foods, 4th Edition. Institute for Medical Research (IMR), Kuala Lumpur.",1997-01-01,https://myfcd.moh.gov.my/myfcd97/index.php/site/detail_product/401013/0/10/-1/0/0,2026-09-05T23:04:14.503492,per_100g,100.0,g,"1 whole (LxWxT, 18.5x12.8x2.6 cm)",1.0,166.0,g,,,,,0.3,,,,,,,,,,,,,,,,,,,,,,,,,1,
MyFCD 1997,401012,"CHICKEN, FREE - RANGING, THIGH WITH SKIN ; (AYAM KAMPUNG, BAHAGIAN PAHA DENGAN KULIT)","Ayam Kampung, Bahagian Paha Dengan Kulit","AYAM KAMPUNG, BAHAGIAN PAHA DENGAN KULIT",Cholesterol in raw foodstuffs,"Tee ES, Mohd Ismail N, Mohd Nasir A, Khatijah I (1997). Nutrient Composition of Malaysian Foods, 4th Edition. Institute for Medical Research (IMR), Kuala Lumpur.",1997-01-01,https://myfcd.moh.gov.my/myfcd97/index.php/site/detail_product/401012/0/10/-1/0/0,2026-09-05T23:04:14.505526,per_100g,100.0,g,"1 whole (LxWxT, 17x13.5x2.8 cm)",1.0,210.0,g,,,,,2.5,,,,,,,,,,,,,,,,,,,,,,,,,1,
MyFCD 1997,401015,"CHICKEN CURRY WITH POTATOES, CANNED ; (KARI AYAM DENGAN UBI KENTANG DALAM TIN)","Chicken Curry With Potatoes, Canned",KARI AYAM DENGAN UBI KENTANG DALAM TIN,Cholesterol in raw foodstuffs,"Tee ES, Mohd Ismail N, Mohd Nasir A, Khatijah I (1997). Nutrient Composition of Malaysian Foods, 4th Edition. Institute for Medical Research (IMR), Kuala Lumpur.",1997-01-01,https://myfcd.moh.gov.my/myfcd97/index.php/site/detail_product/401015/0/10/-1/0/0,2026-09-05T23:04:14.551098,per_100g,100.0,g,"1 tin, small",1.0,160.0,g,,,,,8.1,,,,,,,,,,,,,,,,,,,,,,,,,1,
MyFCD 1997,401014,"CHICKEN, FREE - RANGING, WING WITH SKIN ; (AYAM KAMPUNG, SAYAP DENGAN KULIT)","Ayam Kampung, Sayap Dengan Kulit","AYAM KAMPUNG, SAYAP DENGAN KULIT",Cholesterol in raw foodstuffs,"Tee ES, Mohd Ismail N, Mohd Nasir A, Khatijah I (1997). Nutrient Composition of Malaysian Foods, 4th Edition. Institute for Medical Research (IMR), Kuala Lumpur.",1997-01-01,https://myfcd.moh.gov.my/myfcd97/index.php/site/detail_product/401014/0/10/-1/0/0,2026-09-05T23:04:14.563335,per_100g,100.0,g,"1 whole (LxT, 16x2.2cm)",1.0,127.0,g,,,,,3.6,,,,,,,,,,,,,,,,,,,,,,,,,1,
MyFCD 1997,401017,"CHICKEN, BURGER PATTY (BURGER DAGING AYAM)",Burger Daging Ayam,BURGER DAGING AYAM,Cholesterol in raw foodstuffs,"Tee ES, Mohd Ismail N, Mohd Nasir A, Khatijah I (1997). Nutrient Composition of Malaysian Foods, 4th Edition. Institute for Medical Research (IMR), Kuala Lumpur.",1997-01-01,https://myfcd.moh.gov.my/myfcd97/index.php/site/detail_product/401017/0/10/-1/0/0,2026-09-05T23:04:14.587756,per_100g,100.0,g,"1 round piece (DxT, 10x1 cm)",1.0,76.0,g,,,,,24.5,,,,,,,,,,,,,,,,,,,,,,,,,1,
MyFCD 1997,401016,CHICKEN FRANKFURTER (FRANKFURTER DAGING AYAM),Frankfurter Daging Ayam,FRANKFURTER DAGING AYAM,Cholesterol in raw foodstuffs,"Tee ES, Mohd Ismail N, Mohd Nasir A, Khatijah I (1997). Nutrient Composition of Malaysian Foods, 4th Edition. Institute for Medical Research (IMR), Kuala Lumpur.",1997-01-01,https://myfcd.moh.gov.my/myfcd97/index.php/site/detail_product/401016/0/10/-1/0/0,2026-09-05T23:04:14.593914,per_100g,100.0,g,"1 piece, 2 inches long (LxD, 4x1.5 cm)",1.0,11.0,g,,,,,16.5,,,,,,,,,,,,,,,,,,,,,,,,,1,
MyFCD 1997,401018,DUCK MEAT WITH SKIN (DAGING ITIK DENGAN KULIT),Daging Itik Dengan Kulit,DAGING ITIK DENGAN KULIT,Cholesterol in raw foodstuffs,"Tee ES, Mohd Ismail N, Mohd Nasir A, Khatijah I (1997). Nutrient Composition of Malaysian Foods, 4th Edition. Institute for Medical Research (IMR), Kuala Lumpur.",1997-01-01,https://myfcd.moh.gov.my/myfcd97/index.php/site/detail_product/401018/0/10/-1/0/0,2026-09-05T23:04:14.625869,per_100g,100.0,g,"1 piece (LxWXT, 7x4x3.2)",1.0,83.0,g,,,,,36.9,,,,,,,,,,,,,,,,,,,,,,,,,1,
MyFCD 1997,401019,DUCK MEAT WITHOUT SKIN (DAGING ITIK TANPA KULIT),Daging Itik Tanpa Kulit,DAGING ITIK TANPA KULIT,Cholesterol in raw foodstuffs,"Tee ES, Mohd Ismail N, Mohd Nasir A, Khatijah I (1997). Nutrient Composition of Malaysian Foods, 4th Edition. Institute for Medical Research (IMR), Kuala Lumpur.",1997-01-01,https://myfcd.moh.gov.my/myfcd97/index.php/site/detail_product/401019/0/10/-1/0/0,2026-09-05T23:04:14.640168,per_100g,100.0,g,"1 piece (LxWXT, 7x4x3)",1.0,71.0,g,,,,,5.0,,,,,,,,,,,,,,,,,,,,,,,,,1,
MyFCD 1997,401020,"HEART, OX (JANTUNG LEMBU)",Jantung Lembu,JANTUNG LEMBU,Cholesterol in raw foodstuffs,"Tee ES, Mohd Ismail N, Mohd Nasir A, Khatijah I (1997). Nutrient Composition of Malaysian Foods, 4th Edition. Institute for Medical Research (IMR), Kuala Lumpur.",1997-01-01,https://myfcd.moh.gov.my/myfcd97/index.php/site/detail_product/401020/0/10/-1/0/0,2026-09-05T23:04:14.665803,per_100g,100.0,g,1 whole,1.0,328.0,g,,,,,17.6,,,,,,,,,,,,,,,,,,,,,,,,,1,
MyFCD 1997,401021,"GIZZARD, CHICKEN FREE - RANGING (HEMPEDAL AYAM KAMPUNG)",Hempedal Ayam Kampung,HEMPEDAL AYAM KAMPUNG,Cholesterol in raw foodstuffs,"Tee ES, Mohd Ismail N, Mohd Nasir A, Khatijah I (1997). Nutrient Composition of Malaysian Foods, 4th Edition. Institute for Medical Research (IMR), Kuala Lumpur.",1997-01-01,https://myfcd.moh.gov.my/myfcd97/index.php/site/detail_product/401021/0/10/-1/0/0,2026-09-05T23:04:14.681467,per_100g,100.0,g,"1 whole (LxWxT, 4.8x4.8x2.2 cm)",1.0,34.0,g,,,,,1.0,,,,,,,,,,,,,,,,,,,,,,,,,1,
MyFCD 1997,401023,"LIVER, CHICKEN, FREE - RANGING, (HATI AYAM KAMPUNG)",Hati Ayam Kampung,HATI AYAM KAMPUNG,Cholesterol in raw foodstuffs,"Tee ES, Mohd Ismail N, Mohd Nasir A, Khatijah I (1997). Nutrient Composition of Malaysian Foods, 4th Edition. Institute for Medical Research (IMR), Kuala Lumpur.",1997-01-01,https://myfcd.moh.gov.my/myfcd97/index.php/site/detail_product/401023/0/10/-1/0/0,2026-09-05T23:04:14.718549,per_100g,100.0,g,"1 whole (LxW, 6.0x1.6 cm)",1.0,24.0,g,,,,,3.3,,,,,,,,,,,,,,,,,,,,,,,,,1,
MyFCD 1997,401022,"KIDNEY, OX (BUAH PINGGANG LEMBU)",Buah Pinggang Lembu,BUAH PINGGANG LEMBU,Cholesterol in raw foodstuffs,"Tee ES, Mohd Ismail N, Mohd Nasir A, Khatijah I (1997). Nutrient Composition of Malaysian Foods, 4th Edition. Institute for Medical Research (IMR), Kuala Lumpur.",1997-01-01,https://myfcd.moh.gov.my/myfcd97/index.php/site/detail_product/401022/0/10/-1/0/0,2026-09-05T23:04:14.722756,per_100g,100.0,g,"1/2 cup (chopped, 1 cm cube)",1.0,128.0,g,,,,,2.6,,,,,,,,,,,,,,,,,,,,,,,,,1,
MyFCD 1997,401025,"LIVER, OX (HATI LEMBU)",Hati Lembu,HATI LEMBU,Cholesterol in raw foodstuffs,"Tee ES, Mohd Ismail N, Mohd Nasir A, Khatijah I (1997). Nutrient Composition of Malaysian Foods, 4th Edition. Institute for Medical Research (IMR), Kuala Lumpur.",1997-01-01,https://myfcd.moh.gov.my/myfcd97/index.php/site/detail_product/401025/0/10/-1/0/0,2026-09-05T23:04:14.775394,per_100g,100.0,g,1/2 cup (1 cm cube),1.0,124.0,g,,,,,3.0,,,,,,,,,,,,,,,,,,,,,,,,,1,
MyFCD 1997,401024,"LIVER, FARM CHICKEN (HATI AYAM LADANG)",Hati Ayam Ladang,HATI AYAM LADANG,Cholesterol in raw foodstuffs,"Tee ES, Mohd Ismail N, Mohd Nasir A, Khatijah I (1997). Nutrient Composition of Malaysian Foods, 4th Edition. Institute for Medical Research (IMR), Kuala Lumpur.",1997-01-01,https://myfcd.moh.gov.my/myfcd97/index.php/site/detail_product/401024/0/10/-1/0/0,2026-09-05T23:04:14.776098,per_100g,100.0,g,"2 whole (LxW, 9.7x7.8 cm)",1.0,105.0,g,,,,,3.4,,,,,,,,,,,,,,,,,,,,,,,,,1,
MyFCD 1997,401026,"LIVER, PIG (HATI, BABI)","Hati, Babi","HATI, BABI",Cholesterol in raw foodstuffs,"Tee ES, Mohd Ismail N, Mohd Nasir A, Khatijah I (1997). Nutrient Composition of Malaysian Foods, 4th Edition. Institute for Medical Research (IMR), Kuala Lumpur.",1997-01-01,https://myfcd.moh.gov.my/myfcd97/index.php/site/detail_product/401026/0/10/-1/0/0,2026-09-05T23:04:14.777610,per_100g,100.0,g,"1 small piece (LxWxT, 5.5x1.7x1 cm)",1.0,13.0,g,,,,,4.2,,,,,,,,,,,,,,,,,,,,,,,,,1,
MyFCD 1997,401027,"MAW, OX (PERUT LEMBU)",Perut Lembu,PERUT LEMBU,Cholesterol in raw foodstuffs,"Tee ES, Mohd Ismail N, Mohd Nasir A, Khatijah I (1997). Nutrient Composition of Malaysian Foods, 4th Edition. Institute for Medical Research (IMR), Kuala Lumpur.",1997-01-01,https://myfcd.moh.gov.my/myfcd97/index.php/site/detail_product/401027/0/10/-1/0/0,2026-09-05T23:04:14.822036,per_100g,100.0,g,"1 slice (LxWxT, 12x1x1 cm)",1.0,11.0,g,,,,,0.5,,,,,,,,,,,,,,,,,,,,,,,,,1,
MyFCD 1997,401028,"MUTTON CURRY WITH POTATOES, CANNED ; (KARI KAMBING DENGAN UBI KENTANG DALAM TIN)","Mutton Curry With Potatoes, Canned",KARI KAMBING DENGAN UBI KENTANG DALAM TIN,Cholesterol in raw foodstuffs,"Tee ES, Mohd Ismail N, Mohd Nasir A, Khatijah I (1997). Nutrient Composition of Malaysian Foods, 4th Edition. Institute for Medical Research (IMR), Kuala Lumpur.",1997-01-01,https://myfcd.moh.gov.my/myfcd97/index.php/site/detail_product/401028/0/10/-1/0/0,2026-09-05T23:04:14.841967,per_100g,100.0,g,"1 tin, small",1.0,160.0,g,,,,,18.2,,,,,,,,,,,,,,,,,,,,,,,,,1,
MyFCD 1997,401029,"MUTTON, LEAN (DAGING KAMBING)",Daging Kambing,DAGING KAMBING,Cholesterol in raw foodstuffs,"Tee ES, Mohd Ismail N, Mohd Nasir A, Khatijah I (1997). Nutrient Composition of Malaysian Foods, 4th Edition. Institute for Medical Research (IMR), Kuala Lumpur.",1997-01-01,https://myfcd.moh.gov.my/myfcd97/index.php/site/detail_product/401029/0/10/-1/0/0,2026-09-05T23:04:14.879568,per_100g,100.0,g,1/2 cup (chopped),1.0,99.0,g,,,,,4.6,,,,,,,,,,,,,,,,,,,,,,,,,1,
MyFCD 1997,401031,"PORK, LEAN (DAGING BABI TANPA LEMAK)",Daging Babi Tanpa Lemak,DAGING BABI TANPA LEMAK,Cholesterol in raw foodstuffs,"Tee ES, Mohd Ismail N, Mohd Nasir A, Khatijah I (1997). Nutrient Composition of Malaysian Foods, 4th Edition. Institute for Medical Research (IMR), Kuala Lumpur.",1997-01-01,https://myfcd.moh.gov.my/myfcd97/index.php/site/detail_product/401031/0/10/-1/0/0,2026-09-05T23:04:14.911905,per_100g,100.0,g,1/2 cup (chopped),1.0,123.0,g,,,,,21.0,,,,,,,,,,,,,,,,,,,,,,,,,1,
MyFCD 1997,401032,"RABBIT, OTHER PARTS OF MEAT MINUS THIGH ; (ARNAB, BAHAGIAN LAIN KECUALI PAHA)","Arnab, Bahagian Lain Kecuali Paha","ARNAB, BAHAGIAN LAIN KECUALI PAHA",Cholesterol in raw foodstuffs,"Tee ES, Mohd Ismail N, Mohd Nasir A, Khatijah I (1997). Nutrient Composition of Malaysian Foods, 4th Edition. Institute for Medical Research (IMR), Kuala Lumpur.",1997-01-01,https://myfcd.moh.gov.my/myfcd97/index.php/site/detail_product/401032/0/10/-1/0/0,2026-09-05T23:04:14.914802,per_100g,100.0,g,,,,,,,,,5.4,,,,,,,,,,,,,,,,,,,,,,,,,1,
MyFCD 1997,401030,"PORK, FAT (BABI, LEMAK)","Babi, Lemak","BABI, LEMAK",Cholesterol in raw foodstuffs,"Tee ES, Mohd Ismail N, Mohd Nasir A, Khatijah I (1997). Nutrient Composition of Malaysian Foods, 4th Edition. Institute for Medical Research (IMR), Kuala Lumpur.",1997-01-01,https://myfcd.moh.gov.my/myfcd97/index.php/site/detail_product/401030/0/10/-1/0/0,2026-09-05T23:04:14.916001,per_100g,100.0,g,"1 small piece (LxWxT, 2.6x2.6x3 cm)",1.0,22.0,g,,,,,89.3,,,,,,,,,,,,,,,,,,,,,,,,,1,
MyFCD 1997,401033,"RABBIT, THIGH (ARNAB, BAHAGIAN PAHA)","Arnab, Bahagian Paha","ARNAB, BAHAGIAN PAHA",Cholesterol in raw foodstuffs,"Tee ES, Mohd Ismail N, Mohd Nasir A, Khatijah I (1997). Nutrient Composition of Malaysian Foods, 4th Edition. Institute for Medical Research (IMR), Kuala Lumpur.",1997-01-01,https://myfcd.moh.gov.my/myfcd97/index.php/site/detail_product/401033/0/10/-1/0/0,2026-09-05T23:04:14.931415,per_100g,100.0,g,,,,,,,,,2.2,,,,,,,,,,,,,,,,,,,,,,,,,1,
MyFCD 1997,401034,CENTURY EGG (PEI-TAN),Pei-Tan,PEI-TAN,Cholesterol in raw foodstuffs,"Tee ES, Mohd Ismail N, Mohd Nasir A, Khatijah I (1997). Nutrient Composition of Malaysian Foods, 4th Edition. Institute for Medical Research (IMR), Kuala Lumpur.",1997-01-01,https://myfcd.moh.gov.my/myfcd97/index.php/site/detail_product/401034/0/10/-1/0/0,2026-09-05T23:04:14.959132,per_100g,100.0,g,"1 whole ( LxD, 6x4 cm)",1.0,115.0,g,,,,,8.7,,,,,,,,,,,,,,,,,,,,,,,,,1,
MyFCD 1997,401035,"DUCK EGG, WHOLE (TELUR ITIK, SEBIJI)","Telur Itik, Sebiji","TELUR ITIK, SEBIJI",Cholesterol in raw foodstuffs,"Tee ES, Mohd Ismail N, Mohd Nasir A, Khatijah I (1997). Nutrient Composition of Malaysian Foods, 4th Edition. Institute for Medical Research (IMR), Kuala Lumpur.",1997-01-01,https://myfcd.moh.gov.my/myfcd97/index.php/site/detail_product/401035/0/10/-1/0/0,2026-09-05T23:04:14.990254,per_100g,100.0,g,"1 whole (LxD, 7x4.5 cm)",1.0,73.0,g,,,,,11.0,,,,,,,,,,,,,,,,,,,,,,,,,1,
MyFCD 1997,401037,"HEN EGG, WHOLE (TELUR AYAM, SEBIJI)","Telur Ayam, Sebiji","TELUR AYAM, SEBIJI",Cholesterol in raw foodstuffs,"Tee ES, Mohd Ismail N, Mohd Nasir A, Khatijah I (1997). Nutrient Composition of Malaysian Foods, 4th Edition. Institute for Medical Research (IMR), Kuala Lumpur.",1997-01-01,https://myfcd.moh.gov.my/myfcd97/index.php/site/detail_product/401037/0/10/-1/0/0,2026-09-05T23:04:15.017945,per_100g,100.0,g,"1 whole (LxD, 6x3.5 cm)",1.0,53.0,g,,,,,8.1,,,,,,,,,,,,,,,,,,,,,,,,,1,
MyFCD 1997,401039,"QUAIL EGG, WHOLE (TELUR PUYUH, SEBIJI)","Telur Puyuh, Sebiji","TELUR PUYUH, SEBIJI",Cholesterol in raw foodstuffs,"Tee ES, Mohd Ismail N, Mohd Nasir A, Khatijah I (1997). Nutrient Composition of Malaysian Foods, 4th Edition. Institute for Medical Research (IMR), Kuala Lumpur.",1997-01-01,https://myfcd.moh.gov.my/myfcd97/index.php/site/detail_product/401039/0/10/-1/0/0,2026-09-05T23:04:15.041338,per_100g,100.0,g,"5 whole (LxD, 3x2 cm)",1.0,60.0,g,,,,,10.0,,,,,,,,,,,,,,,,,,,,,,,,,1,
MyFCD 1997,401038,"HEN EGG, YOLK (TELUR AYAM, KUNING TELUR)","Telur Ayam, Kuning Telur","TELUR AYAM, KUNING TELUR",Cholesterol in raw foodstuffs,"Tee ES, Mohd Ismail N, Mohd Nasir A, Khatijah I (1997). Nutrient Composition of Malaysian Foods, 4th Edition. Institute for Medical Research (IMR), Kuala Lumpur.",1997-01-01,https://myfcd.moh.gov.my/myfcd97/index.php/site/detail_product/401038/0/10/-1/0/0,2026-09-05T23:04:15.048243,per_100g,100.0,g,"1 whole, egg yolk (D, 3 cm)",1.0,12.0,g,,,,,29.5,,,,,,,,,,,,,,,,,,,,,,,,,1,
MyFCD 1997,401036,"DUCK EGG, YOLK (TELUR ITIK, KUNING TELUR)","Telur Itik, Kuning Telur","TELUR ITIK, KUNING TELUR",Cholesterol in raw foodstuffs,"Tee ES, Mohd Ismail N, Mohd Nasir A, Khatijah I (1997). Nutrient Composition of Malaysian Foods, 4th Edition. Institute for Medical Research (IMR), Kuala Lumpur.",1997-01-01,https://myfcd.moh.gov.my/myfcd97/index.php/site/detail_product/401036/0/10/-1/0/0,2026-09-05T23:04:15.066367,per_100g,100.0,g,"1 whole, egg yolk (D, 4.5 cm)",1.0,31.0,g,,,,,34.1,,,,,,,,,,,,,,,,,,,,,,,,,1,
MyFCD 1997,401040,"QUAIL EGG, YOLK (TELUR PUYUH, KUNING TELUR)","Telur Puyuh, Kuning Telur","TELUR PUYUH, KUNING TELUR",Cholesterol in raw foodstuffs,"Tee ES, Mohd Ismail N, Mohd Nasir A, Khatijah I (1997). Nutrient Composition of Malaysian Foods, 4th Edition. Institute for Medical Research (IMR), Kuala Lumpur.",1997-01-01,https://myfcd.moh.gov.my/myfcd97/index.php/site/detail_product/401040/0/10/-1/0/0,2026-09-05T23:04:15.067794,per_100g,100.0,g,"5 whole, egg yolk (D, 2.7 cm)",1.0,17.0,g,,,,,23.4,,,,,,,,,,,,,,,,,,,,,,,,,1,
MyFCD 1997,401041,"ANCHOVY, DRIED, WHOLE ; (IKAN BILIS, KERING, BAHAGIAN KESELURUHAN)","Ikan Bilis, Kering, Bahagian Keseluruhan","IKAN BILIS, KERING, BAHAGIAN KESELURUHAN",Cholesterol in raw foodstuffs,"Tee ES, Mohd Ismail N, Mohd Nasir A, Khatijah I (1997). Nutrient Composition of Malaysian Foods, 4th Edition. Institute for Medical Research (IMR), Kuala Lumpur.",1997-01-01,https://myfcd.moh.gov.my/myfcd97/index.php/site/detail_product/401041/0/10/-1/0/0,2026-09-05T23:04:15.107237,per_100g,100.0,g,"20 pieces (LxW, 2.5x0.3 cm)",1.0,2.0,g,,,,,1.7,,,,,,,,,,,,,,,,,,,,,,,,,1,
MyFCD 1997,401042,"ANCHOVY, DRIED, WHOLE, SMALL VARIETY ; (IKAN BILIS YANG KECIL, KERING, BAHAGIAN KESELURUHAN)","Ikan Bilis Yang Kecil, Kering, Bahagian Keseluruhan","IKAN BILIS YANG KECIL, KERING, BAHAGIAN KESELURUHAN",Cholesterol in raw foodstuffs,"Tee ES, Mohd Ismail N, Mohd Nasir A, Khatijah I (1997). Nutrient Composition of Malaysian Foods, 4th Edition. Institute for Medical Research (IMR), Kuala Lumpur.",1997-01-01,https://myfcd.moh.gov.my/myfcd97/index.php/site/detail_product/401042/0/10/-1/0/0,2026-09-05T23:04:15.131027,per_100g,100.0,g,1 tablespoon,1.0,5.0,g,,,,,2.4,,,,,,,,,,,,,,,,,,,,,,,,,1,
MyFCD 1997,401046,CLAM (LALA),Lala,LALA,Cholesterol in raw foodstuffs,"Tee ES, Mohd Ismail N, Mohd Nasir A, Khatijah I (1997). Nutrient Composition of Malaysian Foods, 4th Edition. Institute for Medical Research (IMR), Kuala Lumpur.",1997-01-01,https://myfcd.moh.gov.my/myfcd97/index.php/site/detail_product/401046/0/10/-1/0/0,2026-09-05T23:04:15.195985,per_100g,100.0,g,"10 clams (LxWxT, 4.5x2.7x1 cm)",1.0,105.0,g,,,,,0.9,,,,,,,,,,,,,,,,,,,,,,,,,1,
MyFCD 1997,401044,"BREAM, AFRICAN (TILAPIA)",Tilapia,TILAPIA,Cholesterol in raw foodstuffs,"Tee ES, Mohd Ismail N, Mohd Nasir A, Khatijah I (1997). Nutrient Composition of Malaysian Foods, 4th Edition. Institute for Medical Research (IMR), Kuala Lumpur.",1997-01-01,https://myfcd.moh.gov.my/myfcd97/index.php/site/detail_product/401044/0/10/-1/0/0,2026-09-05T23:04:15.198148,per_100g,100.0,g,"1 piece, tail portion (LxWxT, 12.8x8.3x2 cm)",1.0,67.0,g,,,,,4.0,,,,,,,,,,,,,,,,,,,,,,,,,1,
MyFCD 1997,401045,CATFISH (KELI),Keli,KELI,Cholesterol in raw foodstuffs,"Tee ES, Mohd Ismail N, Mohd Nasir A, Khatijah I (1997). Nutrient Composition of Malaysian Foods, 4th Edition. Institute for Medical Research (IMR), Kuala Lumpur.",1997-01-01,https://myfcd.moh.gov.my/myfcd97/index.php/site/detail_product/401045/0/10/-1/0/0,2026-09-05T23:04:15.199643,per_100g,100.0,g,"1 piece, tail portion (LxWxT, 15x6x2.5 cm)",1.0,51.0,g,,,,,0.5,,,,,,,,,,,,,,,,,,,,,,,,,1,
MyFCD 1997,401043,"ANCHOVY, DRIED, WITHOUT HEAD & ENTRAILS ; (IKAN BILIS, KERING, TANPA KEPALA DAN USUS)","Ikan Bilis, Kering, Tanpa Kepala Dan Usus","IKAN BILIS, KERING, TANPA KEPALA DAN USUS",Cholesterol in raw foodstuffs,"Tee ES, Mohd Ismail N, Mohd Nasir A, Khatijah I (1997). Nutrient Composition of Malaysian Foods, 4th Edition. Institute for Medical Research (IMR), Kuala Lumpur.",1997-01-01,https://myfcd.moh.gov.my/myfcd97/index.php/site/detail_product/401043/0/10/-1/0/0,2026-09-05T23:04:15.202391,per_100g,100.0,g,"10 pieces (LxWxT, 4.5x0.7x0.3 cm)",1.0,3.0,g,,,,,1.2,,,,,,,,,,,,,,,,,,,,,,,,,1,
MyFCD 1997,401047,"COCKLES, FRESH (KERANG)",Kerang,KERANG,Cholesterol in raw foodstuffs,"Tee ES, Mohd Ismail N, Mohd Nasir A, Khatijah I (1997). Nutrient Composition of Malaysian Foods, 4th Edition. Institute for Medical Research (IMR), Kuala Lumpur.",1997-01-01,https://myfcd.moh.gov.my/myfcd97/index.php/site/detail_product/401047/0/10/-1/0/0,2026-09-05T23:04:15.245565,per_100g,100.0,g,"10 cockles (LxWxT, 3x2x2 cm)",1.0,99.0,g,,,,,1.2,,,,,,,,,,,,,,,,,,,,,,,,,1,
MyFCD 1997,401048,"COD LIVER OIL, EMULSION (MINYAK HATI IKAN KOD)",Minyak Hati Ikan Kod,MINYAK HATI IKAN KOD,Cholesterol in raw foodstuffs,"Tee ES, Mohd Ismail N, Mohd Nasir A, Khatijah I (1997). Nutrient Composition of Malaysian Foods, 4th Edition. Institute for Medical Research (IMR), Kuala Lumpur.",1997-01-01,https://myfcd.moh.gov.my/myfcd97/index.php/site/detail_product/401048/0/10/-1/0/0,2026-09-05T23:04:15.284300,per_100g,100.0,g,1 tablespoon,1.0,14.0,g,,,,,19.8,,,,,,,,,,,,,,,,,,,,,,,,,1,
MyFCD 1997,401050,"CRAB, BLUE/SEA CRAB, BOILED 10 MINUTES ; (KETAM BUNGA, DIREBUS 10 MINIT)","Ketam Bunga, Direbus 10 Minit","KETAM BUNGA, DIREBUS 10 MINIT",Cholesterol in raw foodstuffs,"Tee ES, Mohd Ismail N, Mohd Nasir A, Khatijah I (1997). Nutrient Composition of Malaysian Foods, 4th Edition. Institute for Medical Research (IMR), Kuala Lumpur.",1997-01-01,https://myfcd.moh.gov.my/myfcd97/index.php/site/detail_product/401050/0/10/-1/0/0,2026-09-05T23:04:15.295751,per_100g,100.0,g,1 whole,1.0,262.0,g,,,,,0.5,,,,,,,,,,,,,,,,,,,,,,,,,1,
MyFCD 1997,401052,"CUTTLEFISH, SOAKED (SOTONG, DIRENDAM)","Sotong, Direndam","SOTONG, DIRENDAM",Cholesterol in raw foodstuffs,"Tee ES, Mohd Ismail N, Mohd Nasir A, Khatijah I (1997). Nutrient Composition of Malaysian Foods, 4th Edition. Institute for Medical Research (IMR), Kuala Lumpur.",1997-01-01,https://myfcd.moh.gov.my/myfcd97/index.php/site/detail_product/401052/0/10/-1/0/0,2026-09-05T23:04:15.298403,per_100g,100.0,g,"1/4 piece, large (LxWxT, 9.5x8x0.5 cm)",1.0,13.0,g,,,,,0.1,,,,,,,,,,,,,,,,,,,,,,,,,1,
MyFCD 1997,401049,CRAB MEAT BALL (BEBOLA KETAM),Bebola Ketam,BEBOLA KETAM,Cholesterol in raw foodstuffs,"Tee ES, Mohd Ismail N, Mohd Nasir A, Khatijah I (1997). Nutrient Composition of Malaysian Foods, 4th Edition. Institute for Medical Research (IMR), Kuala Lumpur.",1997-01-01,https://myfcd.moh.gov.my/myfcd97/index.php/site/detail_product/401049/0/10/-1/0/0,2026-09-05T23:04:15.308148,per_100g,100.0,g,"5 pieces (LxD, 4x2 cm)",1.0,91.0,g,,,,,3.9,,,,,,,,,,,,,,,,,,,,,,,,,1,
MyFCD 1997,401051,"CUTTLEFISH, FRESH (SOTONG, SEGAR)","Sotong, Segar","SOTONG, SEGAR",Cholesterol in raw foodstuffs,"Tee ES, Mohd Ismail N, Mohd Nasir A, Khatijah I (1997). Nutrient Composition of Malaysian Foods, 4th Edition. Institute for Medical Research (IMR), Kuala Lumpur.",1997-01-01,https://myfcd.moh.gov.my/myfcd97/index.php/site/detail_product/401051/0/10/-1/0/0,2026-09-05T23:04:15.319843,per_100g,100.0,g,"1 whole, medium (body, LxW, 12.5x6 cm)",1.0,89.0,g,,,,,0.3,,,,,,,,,,,,,,,,,,,,,,,,,1,
MyFCD 1997,401053,EEL (BELUT),Belut,BELUT,Cholesterol in raw foodstuffs,"Tee ES, Mohd Ismail N, Mohd Nasir A, Khatijah I (1997). Nutrient Composition of Malaysian Foods, 4th Edition. Institute for Medical Research (IMR), Kuala Lumpur.",1997-01-01,https://myfcd.moh.gov.my/myfcd97/index.php/site/detail_product/401053/0/10/-1/0/0,2026-09-05T23:04:15.364930,per_100g,100.0,g,,,,,,,,,0.1,,,,,,,,,,,,,,,,,,,,,,,,,1,
MyFCD 1997,401054,"FISH ROE, FRESH (TELUR IKAN CINCARU)",Telur Ikan Cincaru,TELUR IKAN CINCARU,Cholesterol in raw foodstuffs,"Tee ES, Mohd Ismail N, Mohd Nasir A, Khatijah I (1997). Nutrient Composition of Malaysian Foods, 4th Edition. Institute for Medical Research (IMR), Kuala Lumpur.",1997-01-01,https://myfcd.moh.gov.my/myfcd97/index.php/site/detail_product/401054/0/10/-1/0/0,2026-09-05T23:04:15.377750,per_100g,100.0,g,"2 small pieces (LxWxT, 5x1.5x0.2 cm)",1.0,5.0,g,,,,,7.7,,,,,,,,,,,,,,,,,,,,,,,,,1,
MyFCD 1997,401055,"FISH ROE, FRESH (TELUR IKAN TENGGIRI PAPAN)",Telur Ikan Tenggiri Papan,TELUR IKAN TENGGIRI PAPAN,Cholesterol in raw foodstuffs,"Tee ES, Mohd Ismail N, Mohd Nasir A, Khatijah I (1997). Nutrient Composition of Malaysian Foods, 4th Edition. Institute for Medical Research (IMR), Kuala Lumpur.",1997-01-01,https://myfcd.moh.gov.my/myfcd97/index.php/site/detail_product/401055/0/10/-1/0/0,2026-09-05T23:04:15.382757,per_100g,100.0,g,"1 piece (LxD, 10x2.5 cm)",1.0,25.0,g,,,,,2.4,,,,,,,,,,,,,,,,,,,,,,,,,1,
MyFCD 1997,401058,"MACKEREL, INDIAN, STEAMED (KEMBONG DIKUKUS)",Kembong Dikukus,KEMBONG DIKUKUS,Cholesterol in raw foodstuffs,"Tee ES, Mohd Ismail N, Mohd Nasir A, Khatijah I (1997). Nutrient Composition of Malaysian Foods, 4th Edition. Institute for Medical Research (IMR), Kuala Lumpur.",1997-01-01,https://myfcd.moh.gov.my/myfcd97/index.php/site/detail_product/401058/0/10/-1/0/0,2026-09-05T23:04:15.405523,per_100g,100.0,g,"1 whole, small (LxWxT, 19x4.5x2.1 cm)",1.0,80.0,g,,,,,4.0,,,,,,,,,,,,,,,,,,,,,,,,,1,
MyFCD 1997,401056,"HERRING, WOLF (IKAN PARANG)",Ikan Parang,IKAN PARANG,Cholesterol in raw foodstuffs,"Tee ES, Mohd Ismail N, Mohd Nasir A, Khatijah I (1997). Nutrient Composition of Malaysian Foods, 4th Edition. Institute for Medical Research (IMR), Kuala Lumpur.",1997-01-01,https://myfcd.moh.gov.my/myfcd97/index.php/site/detail_product/401056/0/10/-1/0/0,2026-09-05T23:04:15.413656,per_100g,100.0,g,"1 slice (LxWxT, 10x2.5x12 cm)",1.0,262.0,g,,,,,2.1,,,,,,,,,,,,,,,,,,,,,,,,,1,
MyFCD 1997,401057,"MACKEREL, INDIAN (KEMBONG)",Kembong,KEMBONG,Cholesterol in raw foodstuffs,"Tee ES, Mohd Ismail N, Mohd Nasir A, Khatijah I (1997). Nutrient Composition of Malaysian Foods, 4th Edition. Institute for Medical Research (IMR), Kuala Lumpur.",1997-01-01,https://myfcd.moh.gov.my/myfcd97/index.php/site/detail_product/401057/0/10/-1/0/0,2026-09-05T23:04:15.422044,per_100g,100.0,g,"1 piece, tail portion (LxWxT, 11.7x6x2.5 cm)",1.0,41.0,g,,,,,4.0,,,,,,,,,,,,,,,,,,,,,,,,,1,
MyFCD 1997,401061,"MUSSEL, DRIED (SIPUT SUDU / KUPANG, KERING BERGARAM)","Siput Sudu / Kupang, Kering Bergaram","SIPUT SUDU / KUPANG, KERING BERGARAM",Cholesterol in raw foodstuffs,"Tee ES, Mohd Ismail N, Mohd Nasir A, Khatijah I (1997). Nutrient Composition of Malaysian Foods, 4th Edition. Institute for Medical Research (IMR), Kuala Lumpur.",1997-01-01,https://myfcd.moh.gov.my/myfcd97/index.php/site/detail_product/401061/0/10/-1/0/0,2026-09-05T23:04:15.475348,per_100g,100.0,g,"1 whole (LxWxT, 2.5x1.2x0.8 cm)",1.0,2.0,g,,,,,9.0,,,,,,,,,,,,,,,,,,,,,,,,,1,
MyFCD 1997,401060,"MUSSEL, BOILED (SIPUT SUDU / KUPANG, DIREBUS)","Siput Sudu / Kupang, Direbus","SIPUT SUDU / KUPANG, DIREBUS",Cholesterol in raw foodstuffs,"Tee ES, Mohd Ismail N, Mohd Nasir A, Khatijah I (1997). Nutrient Composition of Malaysian Foods, 4th Edition. Institute for Medical Research (IMR), Kuala Lumpur.",1997-01-01,https://myfcd.moh.gov.my/myfcd97/index.php/site/detail_product/401060/0/10/-1/0/0,2026-09-05T23:04:15.480179,per_100g,100.0,g,"1 whole (LxWxT, 4.5x2.2x1.2 cm)",1.0,6.0,g,,,,,2.4,,,,,,,,,,,,,,,,,,,,,,,,,1,
MyFCD 1997,401059,"MACKEREL, SPANISH (TENGGIRI)",Tenggiri,TENGGIRI,Cholesterol in raw foodstuffs,"Tee ES, Mohd Ismail N, Mohd Nasir A, Khatijah I (1997). Nutrient Composition of Malaysian Foods, 4th Edition. Institute for Medical Research (IMR), Kuala Lumpur.",1997-01-01,https://myfcd.moh.gov.my/myfcd97/index.php/site/detail_product/401059/0/10/-1/0/0,2026-09-05T23:04:15.496088,per_100g,100.0,g,"1 piece, tail portion (LxWxT, 22x7x3.5 cm)",1.0,124.0,g,,,,,1.9,,,,,,,,,,,,,,,,,,,,,,,,,1,
MyFCD 1997,401064,"PRAWN, SALTED, DRIED (UDANG KERING)",Udang Kering,UDANG KERING,Cholesterol in raw foodstuffs,"Tee ES, Mohd Ismail N, Mohd Nasir A, Khatijah I (1997). Nutrient Composition of Malaysian Foods, 4th Edition. Institute for Medical Research (IMR), Kuala Lumpur.",1997-01-01,https://myfcd.moh.gov.my/myfcd97/index.php/site/detail_product/401064/0/10/-1/0/0,2026-09-05T23:04:15.528340,per_100g,100.0,g,1 tablespoon,1.0,10.0,g,,,,,0.7,,,,,,,,,,,,,,,,,,,,,,,,,1,
MyFCD 1997,401063,"POMFRET, WHITE (BAWAL PUTIH)",Bawal Putih,BAWAL PUTIH,Cholesterol in raw foodstuffs,"Tee ES, Mohd Ismail N, Mohd Nasir A, Khatijah I (1997). Nutrient Composition of Malaysian Foods, 4th Edition. Institute for Medical Research (IMR), Kuala Lumpur.",1997-01-01,https://myfcd.moh.gov.my/myfcd97/index.php/site/detail_product/401063/0/10/-1/0/0,2026-09-05T23:04:15.547587,per_100g,100.0,g,"1 piece, tail portion (LxWxT, 16x12.3x2.2 cm)",1.0,87.0,g,,,,,0.8,,,,,,,,,,,,,,,,,,,,,,,,,1,
MyFCD 1997,401062,"POMFRET, BLACK (BAWAL HITAM)",Bawal Hitam,BAWAL HITAM,Cholesterol in raw foodstuffs,"Tee ES, Mohd Ismail N, Mohd Nasir A, Khatijah I (1997). Nutrient Composition of Malaysian Foods, 4th Edition. Institute for Medical Research (IMR), Kuala Lumpur.",1997-01-01,https://myfcd.moh.gov.my/myfcd97/index.php/site/detail_product/401062/0/10/-1/0/0,2026-09-05T23:04:15.551029,per_100g,100.0,g,"1 piece, tail portion (LxWxT, 3.5x13x3 cm)",1.0,72.0,g,,,,,2.4,,,,,,,,,,,,,,,,,,,,,,,,,1,
MyFCD 1997,401066,"PRAWNS, FRESH (UDANG MANCIS)",Udang Mancis,UDANG MANCIS,Cholesterol in raw foodstuffs,"Tee ES, Mohd Ismail N, Mohd Nasir A, Khatijah I (1997). Nutrient Composition of Malaysian Foods, 4th Edition. Institute for Medical Research (IMR), Kuala Lumpur.",1997-01-01,https://myfcd.moh.gov.my/myfcd97/index.php/site/detail_product/401066/0/10/-1/0/0,2026-09-05T23:04:15.572748,per_100g,100.0,g,,,,,,,,,0.4,,,,,,,,,,,,,,,,,,,,,,,,,1,
MyFCD 1997,401065,"PRAWNS, FRESH (UDANG KATAK)",Udang Katak,UDANG KATAK,Cholesterol in raw foodstuffs,"Tee ES, Mohd Ismail N, Mohd Nasir A, Khatijah I (1997). Nutrient Composition of Malaysian Foods, 4th Edition. Institute for Medical Research (IMR), Kuala Lumpur.",1997-01-01,https://myfcd.moh.gov.my/myfcd97/index.php/site/detail_product/401065/0/10/-1/0/0,2026-09-05T23:04:15.576707,per_100g,100.0,g,,,,,,,,,0.3,,,,,,,,,,,,,,,,,,,,,,,,,1,
MyFCD 1997,401067,"PRAWNS, FRESH WITH HEAD (UDANG PASIR SEGAR DENGAN KEPALA)",Udang Pasir Segar Dengan Kepala,UDANG PASIR SEGAR DENGAN KEPALA,Cholesterol in raw foodstuffs,"Tee ES, Mohd Ismail N, Mohd Nasir A, Khatijah I (1997). Nutrient Composition of Malaysian Foods, 4th Edition. Institute for Medical Research (IMR), Kuala Lumpur.",1997-01-01,https://myfcd.moh.gov.my/myfcd97/index.php/site/detail_product/401067/0/10/-1/0/0,2026-09-05T23:04:15.605019,per_100g,100.0,g,"5 whole (LxW, 10x1.3 cm)",1.0,29.0,g,,,,,0.6,,,,,,,,,,,,,,,,,,,,,,,,,1,
MyFCD 1997,401068,"PRAWNS, FRESH WITHOUT HEAD (UDANG PASIR SEGAR TANPA KEPALA)",Udang Pasir Segar Tanpa Kepala,UDANG PASIR SEGAR TANPA KEPALA,Cholesterol in raw foodstuffs,"Tee ES, Mohd Ismail N, Mohd Nasir A, Khatijah I (1997). Nutrient Composition of Malaysian Foods, 4th Edition. Institute for Medical Research (IMR), Kuala Lumpur.",1997-01-01,https://myfcd.moh.gov.my/myfcd97/index.php/site/detail_product/401068/0/10/-1/0/0,2026-09-05T23:04:15.640610,per_100g,100.0,g,"5 whole (LxW, 10x1.3 cm)",1.0,20.0,g,,,,,0.2,,,,,,,,,,,,,,,,,,,,,,,,,1,
MyFCD 1997,401069,"PRAWNS, FRESH WITH HEAD (UDANG SEGAR, DENGAN KEPALA)","Udang Segar, Dengan Kepala","UDANG SEGAR, DENGAN KEPALA",Cholesterol in raw foodstuffs,"Tee ES, Mohd Ismail N, Mohd Nasir A, Khatijah I (1997). Nutrient Composition of Malaysian Foods, 4th Edition. Institute for Medical Research (IMR), Kuala Lumpur.",1997-01-01,https://myfcd.moh.gov.my/myfcd97/index.php/site/detail_product/401069/0/10/-1/0/0,2026-09-05T23:04:15.643884,per_100g,100.0,g,"5 whole (LxW, 9.6x1.2 cm)",1.0,24.0,g,,,,,0.2,,,,,,,,,,,,,,,,,,,,,,,,,1,
MyFCD 1997,401071,RIBBONFISH (TIMAH),Timah,TIMAH,Cholesterol in raw foodstuffs,"Tee ES, Mohd Ismail N, Mohd Nasir A, Khatijah I (1997). Nutrient Composition of Malaysian Foods, 4th Edition. Institute for Medical Research (IMR), Kuala Lumpur.",1997-01-01,https://myfcd.moh.gov.my/myfcd97/index.php/site/detail_product/401071/0/10/-1/0/0,2026-09-05T23:04:15.674715,per_100g,100.0,g,"1 piece, tail portion (LxWxT, 23.5x4x1 cm)",1.0,23.0,g,,,,,3.0,,,,,,,,,,,,,,,,,,,,,,,,,1,
MyFCD 1997,401070,"PRAWNS, FRESH WITHOUT HEAD (UDANG SEGAR, TANPA KEPALA)","Udang Segar, Tanpa Kepala","UDANG SEGAR, TANPA KEPALA",Cholesterol in raw foodstuffs,"Tee ES, Mohd Ismail N, Mohd Nasir A, Khatijah I (1997). Nutrient Composition of Malaysian Foods, 4th Edition. Institute for Medical Research (IMR), Kuala Lumpur.",1997-01-01,https://myfcd.moh.gov.my/myfcd97/index.php/site/detail_product/401070/0/10/-1/0/0,2026-09-05T23:04:15.677341,per_100g,100.0,g,"5 whole (LxW, 9.6x1.2 cm)",1.0,24.0,g,,,,,0.2,,,,,,,,,,,,,,,,,,,,,,,,,1,
MyFCD 1997,401072,"SARDINE, CANNED (SARDINE DALAM TIN)","Sardine, Canned",SARDINE DALAM TIN,Cholesterol in raw foodstuffs,"Tee ES, Mohd Ismail N, Mohd Nasir A, Khatijah I (1997). Nutrient Composition of Malaysian Foods, 4th Edition. Institute for Medical Research (IMR), Kuala Lumpur.",1997-01-01,https://myfcd.moh.gov.my/myfcd97/index.php/site/detail_product/401072/0/10/-1/0/0,2026-09-05T23:04:15.702166,per_100g,100.0,g,"1 piece (LxWxT, 3.5x2.5x8 cm)",1.0,34.0,g,,,,,12.1,,,,,,,,,,,,,,,,,,,,,,,,,1,
MyFCD 1997,401073,"SCAD, HAIRTAIL (CINCARU)",Cincaru,CINCARU,Cholesterol in raw foodstuffs,"Tee ES, Mohd Ismail N, Mohd Nasir A, Khatijah I (1997). Nutrient Composition of Malaysian Foods, 4th Edition. Institute for Medical Research (IMR), Kuala Lumpur.",1997-01-01,https://myfcd.moh.gov.my/myfcd97/index.php/site/detail_product/401073/0/10/-1/0/0,2026-09-05T23:04:15.719064,per_100g,100.0,g,"1 piece, tail portion (LxWxT, 19x7x3.5 cm)",1.0,109.0,g,,,,,0.9,,,,,,,,,,,,,,,,,,,,,,,,,1,
MyFCD 1997,401074,"SCAD, ONE-FINLET (SELAR GELEK)",Selar Gelek,SELAR GELEK,Cholesterol in raw foodstuffs,"Tee ES, Mohd Ismail N, Mohd Nasir A, Khatijah I (1997). Nutrient Composition of Malaysian Foods, 4th Edition. Institute for Medical Research (IMR), Kuala Lumpur.",1997-01-01,https://myfcd.moh.gov.my/myfcd97/index.php/site/detail_product/401074/0/10/-1/0/0,2026-09-05T23:04:15.734662,per_100g,100.0,g,"1 piece, tail portion (LxWxT, 14x6.5x3 cm)",1.0,60.0,g,,,,,1.3,,,,,,,,,,,,,,,,,,,,,,,,,1,
MyFCD 1997,401075,"SCAD, ROUND (SELAYANG)",Selayang,SELAYANG,Cholesterol in raw foodstuffs,"Tee ES, Mohd Ismail N, Mohd Nasir A, Khatijah I (1997). Nutrient Composition of Malaysian Foods, 4th Edition. Institute for Medical Research (IMR), Kuala Lumpur.",1997-01-01,https://myfcd.moh.gov.my/myfcd97/index.php/site/detail_product/401075/0/10/-1/0/0,2026-09-05T23:04:15.749882,per_100g,100.0,g,"1 piece, tail portion (LxWxT, 10.5x7x3.5 cm)",1.0,48.0,g,,,,,0.5,,,,,,,,,,,,,,,,,,,,,,,,,1,
MyFCD 1997,401077,"SHAD, LONGTAIL (TERUBOK)",Terubok,TERUBOK,Cholesterol in raw foodstuffs,"Tee ES, Mohd Ismail N, Mohd Nasir A, Khatijah I (1997). Nutrient Composition of Malaysian Foods, 4th Edition. Institute for Medical Research (IMR), Kuala Lumpur.",1997-01-01,https://myfcd.moh.gov.my/myfcd97/index.php/site/detail_product/401077/0/10/-1/0/0,2026-09-05T23:04:15.775980,per_100g,100.0,g,"1 slice (LxWxT, 11x4x4 cm)",1.0,143.0,g,,,,,18.9,,,,,,,,,,,,,,,,,,,,,,,,,1,
MyFCD 1997,401076,"SCALLOP, FRESH (SCALLOP, SEGAR)","Scallop, Segar","SCALLOP, SEGAR",Cholesterol in raw foodstuffs,"Tee ES, Mohd Ismail N, Mohd Nasir A, Khatijah I (1997). Nutrient Composition of Malaysian Foods, 4th Edition. Institute for Medical Research (IMR), Kuala Lumpur.",1997-01-01,https://myfcd.moh.gov.my/myfcd97/index.php/site/detail_product/401076/0/10/-1/0/0,2026-09-05T23:04:15.778393,per_100g,100.0,g,"5 pieces (DxH, 3x1.8 cm)",1.0,87.0,g,,,,,0.2,,,,,,,,,,,,,,,,,,,,,,,,,1,
MyFCD 1997,401078,SHRIMP PASTE (BELACAN),Belacan,BELACAN,Cholesterol in raw foodstuffs,"Tee ES, Mohd Ismail N, Mohd Nasir A, Khatijah I (1997). Nutrient Composition of Malaysian Foods, 4th Edition. Institute for Medical Research (IMR), Kuala Lumpur.",1997-01-01,https://myfcd.moh.gov.my/myfcd97/index.php/site/detail_product/401078/0/10/-1/0/0,2026-09-05T23:04:15.800210,per_100g,100.0,g,"1 piece (LxWxT, 3.5x3.2x3 cm)",1.0,44.0,g,,,,,2.1,,,,,,,,,,,,,,,,,,,,,,,,,1,
MyFCD 1997,401080,SNAIL (SIPUT SEDUT/BELITUNG),Siput Sedut/Belitung,SIPUT SEDUT/BELITUNG,Cholesterol in raw foodstuffs,"Tee ES, Mohd Ismail N, Mohd Nasir A, Khatijah I (1997). Nutrient Composition of Malaysian Foods, 4th Edition. Institute for Medical Research (IMR), Kuala Lumpur.",1997-01-01,https://myfcd.moh.gov.my/myfcd97/index.php/site/detail_product/401080/0/10/-1/0/0,2026-09-05T23:04:15.842164,per_100g,100.0,g,"10 whole, (LxW, 3.5x1.5 cm)",1.0,37.0,g,,,,,0.5,,,,,,,,,,,,,,,,,,,,,,,,,1,
MyFCD 1997,401079,"SHRIMP, FERMENTED (CINCALUK)",Cincaluk,CINCALUK,Cholesterol in raw foodstuffs,"Tee ES, Mohd Ismail N, Mohd Nasir A, Khatijah I (1997). Nutrient Composition of Malaysian Foods, 4th Edition. Institute for Medical Research (IMR), Kuala Lumpur.",1997-01-01,https://myfcd.moh.gov.my/myfcd97/index.php/site/detail_product/401079/0/10/-1/0/0,2026-09-05T23:04:15.856857,per_100g,100.0,g,1 tablespoon,1.0,20.0,g,,,,,0.5,,,,,,,,,,,,,,,,,,,,,,,,,1,
MyFCD 1997,401081,SNAKEHEAD (HARUAN),Haruan,HARUAN,Cholesterol in raw foodstuffs,"Tee ES, Mohd Ismail N, Mohd Nasir A, Khatijah I (1997). Nutrient Composition of Malaysian Foods, 4th Edition. Institute for Medical Research (IMR), Kuala Lumpur.",1997-01-01,https://myfcd.moh.gov.my/myfcd97/index.php/site/detail_product/401081/0/10/-1/0/0,2026-09-05T23:04:15.872054,per_100g,100.0,g,"1 piece (LxWxT, 5x4x2.2 cm)",1.0,38.0,g,,,,,0.5,,,,,,,,,,,,,,,,,,,,,,,,,1,
MyFCD 1997,401083,STING RAY (PARI NYIRU),Pari Nyiru,PARI NYIRU,Cholesterol in raw foodstuffs,"Tee ES, Mohd Ismail N, Mohd Nasir A, Khatijah I (1997). Nutrient Composition of Malaysian Foods, 4th Edition. Institute for Medical Research (IMR), Kuala Lumpur.",1997-01-01,https://myfcd.moh.gov.my/myfcd97/index.php/site/detail_product/401083/0/10/-1/0/0,2026-09-05T23:04:15.873950,per_100g,100.0,g,"1 slice (LxWxT, 6x3x25 cm)",1.0,247.0,g,,,,,0.1,,,,,,,,,,,,,,,,,,,,,,,,,1,
MyFCD 1997,401082,"SNAPPER, RED (MERAH)",Merah,MERAH,Cholesterol in raw foodstuffs,"Tee ES, Mohd Ismail N, Mohd Nasir A, Khatijah I (1997). Nutrient Composition of Malaysian Foods, 4th Edition. Institute for Medical Research (IMR), Kuala Lumpur.",1997-01-01,https://myfcd.moh.gov.my/myfcd97/index.php/site/detail_product/401082/0/10/-1/0/0,2026-09-05T23:04:15.877871,per_100g,100.0,g,"1 piece (LxWxT, 6x2x15 cm)",1.0,218.0,g,,,,,0.1,,,,,,,,,,,,,,,,,,,,,,,,,1,
MyFCD 1997,401084,THREADFIN (KURAU),Kurau,KURAU,Cholesterol in raw foodstuffs,"Tee ES, Mohd Ismail N, Mohd Nasir A, Khatijah I (1997). Nutrient Composition of Malaysian Foods, 4th Edition. Institute for Medical Research (IMR), Kuala Lumpur.",1997-01-01,https://myfcd.moh.gov.my/myfcd97/index.php/site/detail_product/401084/0/10/-1/0/0,2026-09-05T23:04:15.893913,per_100g,100.0,g,"1 slice (LxWxT, 6x2.5x10.5 cm)",1.0,108.0,g,,,,,1.0,,,,,,,,,,,,,,,,,,,,,,,,,1,
MyFCD 1997,401086,"TUNA IN VEGETABLE OIL, CANNED ; (IKAN TUNA DALAM MINYAK SAYUR-SAYURAN DALAM TIN)","Tuna In Vegetable Oil, Canned",IKAN TUNA DALAM MINYAK SAYUR-SAYURAN DALAM TIN,Cholesterol in raw foodstuffs,"Tee ES, Mohd Ismail N, Mohd Nasir A, Khatijah I (1997). Nutrient Composition of Malaysian Foods, 4th Edition. Institute for Medical Research (IMR), Kuala Lumpur.",1997-01-01,https://myfcd.moh.gov.my/myfcd97/index.php/site/detail_product/401086/0/10/-1/0/0,2026-09-05T23:04:15.955511,per_100g,100.0,g,"1 tin, small",1.0,185.0,g,,,,,5.2,,,,,,,,,,,,,,,,,,,,,,,,,1,
MyFCD 1997,401085,THREADFIN (SENANGIN),Senangin,SENANGIN,Cholesterol in raw foodstuffs,"Tee ES, Mohd Ismail N, Mohd Nasir A, Khatijah I (1997). Nutrient Composition of Malaysian Foods, 4th Edition. Institute for Medical Research (IMR), Kuala Lumpur.",1997-01-01,https://myfcd.moh.gov.my/myfcd97/index.php/site/detail_product/401085/0/10/-1/0/0,2026-09-05T23:04:15.959864,per_100g,100.0,g,"1 piece, tail portion (LxWxT, 2x6.5x3 cm)",1.0,42.0,g,,,,,0.4,,,,,,,,,,,,,,,,,,,,,,,,,1,
MyFCD 1997,401087,BUTTER (MENTEGA),Mentega,MENTEGA,Cholesterol in raw foodstuffs,"Tee ES, Mohd Ismail N, Mohd Nasir A, Khatijah I (1997). Nutrient Composition of Malaysian Foods, 4th Edition. Institute for Medical Research (IMR), Kuala Lumpur.",1997-01-01,https://myfcd.moh.gov.my/myfcd97/index.php/site/detail_product/401087/0/10/-1/0/0,2026-09-05T23:04:15.981473,per_100g,100.0,g,"1 piece (LxWxT, 4.0x2.5x1 cm)",1.0,10.0,g,,,,,79.2,,,,,,,,,,,,,,,,,,,,,,,,,0,R111001
MyFCD 1997,401089,"CHOCOLATE, MILK (COKLAT SUSU)",Coklat Susu,COKLAT SUSU,Cholesterol in raw foodstuffs,"Tee ES, Mohd Ismail N, Mohd Nasir A, Khatijah I (1997). Nutrient Composition of Malaysian Foods, 4th Edition. Institute for Medical Research (IMR), Kuala Lumpur.",1997-01-01,https://myfcd.moh.gov.my/myfcd97/index.php/site/detail_product/401089/0/10/-1/0/0,2026-09-05T23:04:15.986035,per_100g,100.0,g,"1 small bar (LxWxT, 5x3x0.5 cm)",1.0,10.0,g,,,,,29.4,,,,,,,,,,,,,,,,,,,,,,,,,0,R114016
MyFCD 1997,401090,"ICE CREAM, CHOCOLATE FLAVOUR (AIS KRIM, BERPERISA COKLAT)","Ais Krim, Berperisa Coklat","AIS KRIM, BERPERISA COKLAT",Cholesterol in raw foodstuffs,"Tee ES, Mohd Ismail N, Mohd Nasir A, Khatijah I (1997). Nutrient Composition of Malaysian Foods, 4th Edition. Institute for Medical Research (IMR), Kuala Lumpur.",1997-01-01,https://myfcd.moh.gov.my/myfcd97/index.php/site/detail_product/401090/0/10/-1/0/0,2026-09-05T23:04:16.017956,per_100g,100.0,g,1,1.0,69.0,g,,,,,12.6,,,,,,,,,,,,,,,,,,,,,,,,,1,
MyFCD 1997,401088,"CHEESE SPREAD, PROCESSED, CHEDDAR (LEPA KEJU YANG TELAH DIPROSES)",Lepa Keju Yang Telah Diproses,LEPA KEJU YANG TELAH DIPROSES,Cholesterol in raw foodstuffs,"Tee ES, Mohd Ismail N, Mohd Nasir A, Khatijah I (1997). Nutrient Composition of Malaysian Foods, 4th Edition. Institute for Medical Research (IMR), Kuala Lumpur.",1997-01-01,https://myfcd.moh.gov.my/myfcd97/index.php/site/detail_product/401088/0/10/-1/0/0,2026-09-05T23:04:16.023589,per_100g,100.0,g,1 tablespoon,1.0,15.0,g,,,,,16.9,,,,,,,,,,,,,,,,,,,,,,,,,1,
MyFCD 1997,401092,"MILK, POWDER, FULL CREAM (SUSU TEPUNG PENUH KRIM)",Susu Tepung Penuh Krim,SUSU TEPUNG PENUH KRIM,Cholesterol in raw foodstuffs,"Tee ES, Mohd Ismail N, Mohd Nasir A, Khatijah I (1997). Nutrient Composition of Malaysian Foods, 4th Edition. Institute for Medical Research (IMR), Kuala Lumpur.",1997-01-01,https://myfcd.moh.gov.my/myfcd97/index.php/site/detail_product/401092/0/10/-1/0/0,2026-09-05T23:04:16.075241,per_100g,100.0,g,1 tablespoon,1.0,7.0,g,,,,,28.8,,,,,,,,,,,,,,,,,,,,,,,,,1,
MyFCD 1997,401091,"MILK, COW, FRESH, PASTEURISED (SUSU LEMBU SEGAR, YANG TELAH DIPASTEUKAN)","Susu Lembu Segar, Yang Telah Dipasteukan","SUSU LEMBU SEGAR, YANG TELAH DIPASTEUKAN",Cholesterol in raw foodstuffs,"Tee ES, Mohd Ismail N, Mohd Nasir A, Khatijah I (1997). Nutrient Composition of Malaysian Foods, 4th Edition. Institute for Medical Research (IMR), Kuala Lumpur.",1997-01-01,https://myfcd.moh.gov.my/myfcd97/index.php/site/detail_product/401091/0/10/-1/0/0,2026-09-05T23:04:16.093636,per_100g,100.0,g,1 cup (250 ml),1.0,256.0,g,,,,,4.0,,,,,,,,,,,,,,,,,,,,,,,,,1,
MyFCD 1997,401093,"MILK, UHT, FULL CREAM, RECOMBINED ; (SUSU SUHU ULTRA TINGGI, PENUH KRIM, CAMPURAN)","Milk, Uht, Full Cream, Recombined","SUSU SUHU ULTRA TINGGI, PENUH KRIM, CAMPURAN",Cholesterol in raw foodstuffs,"Tee ES, Mohd Ismail N, Mohd Nasir A, Khatijah I (1997). Nutrient Composition of Malaysian Foods, 4th Edition. Institute for Medical Research (IMR), Kuala Lumpur.",1997-01-01,https://myfcd.moh.gov.my/myfcd97/index.php/site/detail_product/401093/0/10/-1/0/0,2026-09-05T23:04:16.097007,per_100g,100.0,g,1 small packet (1 cup),1.0,256.0,g,,,,,3.3,,,,,,,,,,,,,,,,,,,,,,,,,1,
MyFCD 1997,401094,"YOGHURT, NATURAL, FULL CREAM (YOGURT, BIASA, PENUH KRIM)","Yogurt, Biasa, Penuh Krim","YOGURT, BIASA, PENUH KRIM",Cholesterol in raw foodstuffs,"Tee ES, Mohd Ismail N, Mohd Nasir A, Khatijah I (1997). Nutrient Composition of Malaysian Foods, 4th Edition. Institute for Medical Research (IMR), Kuala Lumpur.",1997-01-01,https://myfcd.moh.gov.my/myfcd97/index.php/site/detail_product/401094/0/10/-1/0/0,2026-09-05T23:04:16.110491,per_100g,100.0,g,1,1.0,150.0,g,,,,,4.1,,,,,,,,,,,,,,,,,,,,,,,,,1,
MyFCD 1997,401098,"JAM, EGG (SERI KAYA)",Seri Kaya,SERI KAYA,Cholesterol in raw foodstuffs,"Tee ES, Mohd Ismail N, Mohd Nasir A, Khatijah I (1997). Nutrient Composition of Malaysian Foods, 4th Edition. Institute for Medical Research (IMR), Kuala Lumpur.",1997-01-01,https://myfcd.moh.gov.my/myfcd97/index.php/site/detail_product/401098/0/10/-1/0/0,2026-09-05T23:04:16.125496,per_100g,100.0,g,1 tablespoon,1.0,9.0,g,,,,,6.4,,,,,,,,,,,,,,,,,,,,,,,,,1,
MyFCD 1997,402001,"ANCHOVY, DRIED, WHOLE (IKAN BILIS, KERING, BAHAGIAN KESELURUHAN)","Ikan Bilis, Kering, Bahagian Keseluruhan","IKAN BILIS, KERING, BAHAGIAN KESELURUHAN",Fatty acids in raw foodstuffs,"Tee ES, Mohd Ismail N, Mohd Nasir A, Khatijah I (1997). Nutrient Composition of Malaysian Foods, 4th Edition. Institute for Medical Research (IMR), Kuala Lumpur.",1997-01-01,https://myfcd.moh.gov.my/myfcd97/index.php/site/detail_product/402001/0/10/-1/0/0,2026-09-05T23:04:16.141656,per_100g,100.0,g,"20 pieces (LxW, 2.5x0.3 cm)",1.0,2.0,g,,,,,,,,,,,,,,,,,,,,,,,,,,,,,,1,
MyFCD 1997,402002,"ANCHOVY,DRIED, WITHOUT HEAD & ENTRAILS ; IKAN BILIS, KERING, TANPA KEPALA DAN USUS","Anchovy,Dried, Without Head & Entrails ; Ikan Bilis, Kering, Tanpa Kepala Dan Usus",,Fatty acids in raw foodstuffs,"Tee ES, Mohd Ismail N, Mohd Nasir A, Khatijah I (1997). Nutrient Composition of Malaysian Foods, 4th Edition. Institute for Medical Research (IMR), Kuala Lumpur.",1997-01-01,https://myfcd.moh.gov.my/myfcd97/index.php/site/detail_product/402002/0/10/-1/0/0,2026-09-05T23:04:16.178314,per_100g,100.0,g,"10 pieces (LxWxT, 4.5x0.7x0.3 cm)",1.0,2.9,g,,,,,,,,,,,,,,,,,,,,,,,,,,,,,,1,
MyFCD 1997,402004,"BRAIN, PIG (OTAK, BABI)","Otak, Babi","OTAK, BABI",Fatty acids in raw foodstuffs,"Tee ES, Mohd Ismail N, Mohd Nasir A, Khatijah I (1997). Nutrient Composition of Malaysian Foods, 4th Edition. Institute for Medical Research (IMR), Kuala Lumpur.",1997-01-01,https://myfcd.moh.gov.my/myfcd97/index.php/site/detail_product/402004/0/10/-1/0/0,2026-09-05T23:04:16.232942,per_100g,100.0,g,,,,,,,,,,,,,,,,,,,,,,,,,,,,,,,,,,1,
MyFCD 1997,402003,BEEF (DAGING LEMBU),Daging Lembu,DAGING LEMBU,Fatty acids in raw foodstuffs,"Tee ES, Mohd Ismail N, Mohd Nasir A, Khatijah I (1997). Nutrient Composition of Malaysian Foods, 4th Edition. Institute for Medical Research (IMR), Kuala Lumpur.",1997-01-01,https://myfcd.moh.gov.my/myfcd97/index.php/site/detail_product/402003/0/10/-1/0/0,2026-09-05T23:04:16.251760,per_100g,100.0,g,1/2 cup (chopped),1.0,122.8,g,,,,,,,,,,,,,,,,,,,,,,,,,,,,,,1,
MyFCD 1997,402005,BUTTER (MENTEGA),Mentega,MENTEGA,Fatty acids in raw foodstuffs,"Tee ES, Mohd Ismail N, Mohd Nasir A, Khatijah I (1997). Nutrient Composition of Malaysian Foods, 4th Edition. Institute for Medical Research (IMR), Kuala Lumpur.",1997-01-01,https://myfcd.moh.gov.my/myfcd97/index.php/site/detail_product/402005/0/10/-1/0/0,2026-09-05T23:04:16.376001,per_100g,100.0,g,"1 piece (LxWxT, 4.0x2.5x1 cm)",1.0,10.0,g,,,,,,,,,,,,,,,,,,,,,,,,,,,,,,0,R111001
MyFCD 1997,402006,"CHICKEN MEAT (AYAM, DAGING) ; GALLUS DOMESTICUS","Ayam, Daging","AYAM, DAGING",Fatty acids in raw foodstuffs,"Tee ES, Mohd Ismail N, Mohd Nasir A, Khatijah I (1997). Nutrient Composition of Malaysian Foods, 4th Edition. Institute for Medical Research (IMR), Kuala Lumpur.",1997-01-01,https://myfcd.moh.gov.my/myfcd97/index.php/site/detail_product/402006/0/10/-1/0/0,2026-09-05T23:04:16.389232,per_100g,100.0,g,1 whole,1.0,1262.0,g,,,,,,,,,,,,,,,,,,,,,,,,,,,,,,1,
MyFCD 1997,402007,"COCKLES, FRESH (KERANG) ; ARCA GRANOSA",Kerang,KERANG,Fatty acids in raw foodstuffs,"Tee ES, Mohd Ismail N, Mohd Nasir A, Khatijah I (1997). Nutrient Composition of Malaysian Foods, 4th Edition. Institute for Medical Research (IMR), Kuala Lumpur.",1997-01-01,https://myfcd.moh.gov.my/myfcd97/index.php/site/detail_product/402007/0/10/-1/0/0,2026-09-05T23:04:16.404674,per_100g,100.0,g,"10 cockles (LxWxT, 3x2x2 cm)",1.0,29.8,g,,,,,,,,,,,,,,,,,,,,,,,,,,,,,,1,
MyFCD 1997,402008,"CRAB MEAT (KETAM, DAGING)","Ketam, Daging","KETAM, DAGING",Fatty acids in raw foodstuffs,"Tee ES, Mohd Ismail N, Mohd Nasir A, Khatijah I (1997). Nutrient Composition of Malaysian Foods, 4th Edition. Institute for Medical Research (IMR), Kuala Lumpur.",1997-01-01,https://myfcd.moh.gov.my/myfcd97/index.php/site/detail_product/402008/0/10/-1/0/0,2026-09-05T23:04:16.437409,per_100g,100.0,g,1 whole,1.0,128.4,g,,,,,,,,,,,,,,,,,,,,,,,,,,,,,,1,
MyFCD 1997,402009,CUTTLEFISH (SOTONG) ; SEPIA OFFICINALIS,Sotong,SOTONG,Fatty acids in raw foodstuffs,"Tee ES, Mohd Ismail N, Mohd Nasir A, Khatijah I (1997). Nutrient Composition of Malaysian Foods, 4th Edition. Institute for Medical Research (IMR), Kuala Lumpur.",1997-01-01,https://myfcd.moh.gov.my/myfcd97/index.php/site/detail_product/402009/0/10/-1/0/0,2026-09-05T23:04:16.494685,per_100g,100.0,g,"1 whole, medium (body, LxW, 12.5x6 cm)",1.0,81.1,g,,,,,,,,,,,,,,,,,,,,,,,,,,,,,,1,
MyFCD 1997,402010,"DUCK EGG, WHOLE (TELUR ITIK, SEBIJI)","Telur Itik, Sebiji","TELUR ITIK, SEBIJI",Fatty acids in raw foodstuffs,"Tee ES, Mohd Ismail N, Mohd Nasir A, Khatijah I (1997). Nutrient Composition of Malaysian Foods, 4th Edition. Institute for Medical Research (IMR), Kuala Lumpur.",1997-01-01,https://myfcd.moh.gov.my/myfcd97/index.php/site/detail_product/402010/0/10/-1/0/0,2026-09-05T23:04:16.525914,per_100g,100.0,g,"1 whole (LxD, 7x4.5 cm)",1.0,64.9,g,,,,,,,,,,,,,,,,,,,,,,,,,,,,,,1,
MyFCD 1997,402012,"FISH, MACKEREL, SPANISH (TENGGIRI) ; SCOMBEROMORUS GUTTATUS",Tenggiri,TENGGIRI,Fatty acids in raw foodstuffs,"Tee ES, Mohd Ismail N, Mohd Nasir A, Khatijah I (1997). Nutrient Composition of Malaysian Foods, 4th Edition. Institute for Medical Research (IMR), Kuala Lumpur.",1997-01-01,https://myfcd.moh.gov.my/myfcd97/index.php/site/detail_product/402012/0/10/-1/0/0,2026-09-05T23:04:16.543701,per_100g,100.0,g,"1 piece, tail portion (LxWxT, 22x7x3.5 cm)",1.0,99.3,g,,,,,,,,,,,,,,,,,,,,,,,,,,,,,,1,
MyFCD 1997,402013,"FISH, THREADFIN (KURAU) ; POLYNEMUS INDICUS",Kurau,KURAU,Fatty acids in raw foodstuffs,"Tee ES, Mohd Ismail N, Mohd Nasir A, Khatijah I (1997). Nutrient Composition of Malaysian Foods, 4th Edition. Institute for Medical Research (IMR), Kuala Lumpur.",1997-01-01,https://myfcd.moh.gov.my/myfcd97/index.php/site/detail_product/402013/0/10/-1/0/0,2026-09-05T23:04:16.544297,per_100g,100.0,g,"1 slice (LxWxT, 6x2.5x10.5 cm)",1.0,108.0,g,,,,,,,,,,,,,,,,,,,,,,,,,,,,,,1,
MyFCD 1997,402011,"FISH, MACKEREL, INDIAN (KEMBONG) ; RASTRELLIGER KANAGURTA",Kembong,KEMBONG,Fatty acids in raw foodstuffs,"Tee ES, Mohd Ismail N, Mohd Nasir A, Khatijah I (1997). Nutrient Composition of Malaysian Foods, 4th Edition. Institute for Medical Research (IMR), Kuala Lumpur.",1997-01-01,https://myfcd.moh.gov.my/myfcd97/index.php/site/detail_product/402011/0/10/-1/0/0,2026-09-05T23:04:16.545960,per_100g,100.0,g,"1 piece, tail portion (LxWxT, 11.7x6x2.5 cm)",1.0,30.9,g,,,,,,,,,,,,,,,,,,,,,,,,,,,,,,1,
MyFCD 1997,402014,"HEN EGG, WHOLE (TELUR AYAM, SEBIJI)","Telur Ayam, Sebiji","TELUR AYAM, SEBIJI",Fatty acids in raw foodstuffs,"Tee ES, Mohd Ismail N, Mohd Nasir A, Khatijah I (1997). Nutrient Composition of Malaysian Foods, 4th Edition. Institute for Medical Research (IMR), Kuala Lumpur.",1997-01-01,https://myfcd.moh.gov.my/myfcd97/index.php/site/detail_product/402014/0/10/-1/0/0,2026-09-05T23:04:16.561235,per_100g,100.0,g,"1 whole (LxD, 6x3.5 cm)",1.0,46.0,g,,,,,,,,,,,,,,,,,,,,,,,,,,,,,,1,
MyFCD 1997,402015,"LIVER, PIG (HATI, BABI)","Hati, Babi","HATI, BABI",Fatty acids in raw foodstuffs,"Tee ES, Mohd Ismail N, Mohd Nasir A, Khatijah I (1997). Nutrient Composition of Malaysian Foods, 4th Edition. Institute for Medical Research (IMR), Kuala Lumpur.",1997-01-01,https://myfcd.moh.gov.my/myfcd97/index.php/site/detail_product/402015/0/10/-1/0/0,2026-09-05T23:04:16.594105,per_100g,100.0,g,"1 small piece (LxWxT, 5.5x1.7x1 cm)",1.0,13.2,g,,,,,,,,,,,,,,,,,,,,,,,,,,,,,,1,
MyFCD 1997,402016,MUTTON (DAGING KAMBING) ; OVIS AERIES,Daging Kambing,DAGING KAMBING,Fatty acids in raw foodstuffs,"Tee ES, Mohd Ismail N, Mohd Nasir A, Khatijah I (1997). Nutrient Composition of Malaysian Foods, 4th Edition. Institute for Medical Research (IMR), Kuala Lumpur.",1997-01-01,https://myfcd.moh.gov.my/myfcd97/index.php/site/detail_product/402016/0/10/-1/0/0,2026-09-05T23:04:16.637679,per_100g,100.0,g,1/2 cup (chopped),1.0,99.3,g,,,,,,,,,,,,,,,,,,,,,,,,,,,,,,1,
MyFCD 1997,402018,"PORK, LEAN (DAGING BABI TANPA LEMAK)",Daging Babi Tanpa Lemak,DAGING BABI TANPA LEMAK,Fatty acids in raw foodstuffs,"Tee ES, Mohd Ismail N, Mohd Nasir A, Khatijah I (1997). Nutrient Composition of Malaysian Foods, 4th Edition. Institute for Medical Research (IMR), Kuala Lumpur.",1997-01-01,https://myfcd.moh.gov.my/myfcd97/index.php/site/detail_product/402018/0/10/-1/0/0,2026-09-05T23:04:16.648786,per_100g,100.0,g,"1 small piece, (LxWxT, 10x1.5x1 cm)",1.0,22.6,g,,,,,,,,,,,,,,,,,,,,,,,,,,,,,,1,
MyFCD 1997,402017,"PORK, FAT (BABI, LEMAK)","Babi, Lemak","BABI, LEMAK",Fatty acids in raw foodstuffs,"Tee ES, Mohd Ismail N, Mohd Nasir A, Khatijah I (1997). Nutrient Composition of Malaysian Foods, 4th Edition. Institute for Medical Research (IMR), Kuala Lumpur.",1997-01-01,https://myfcd.moh.gov.my/myfcd97/index.php/site/detail_product/402017/0/10/-1/0/0,2026-09-05T23:04:16.650177,per_100g,100.0,g,"1 small piece (LxWxT, 2.6x2.6x3 cm)",1.0,21.5,g,,,,,,,,,,,,,,,,,,,,,,,,,,,,,,1,
MyFCD 1997,402020,"PRAWNS, FRESH (UDANG, SEGAR)","Udang, Segar","UDANG, SEGAR",Fatty acids in raw foodstuffs,"Tee ES, Mohd Ismail N, Mohd Nasir A, Khatijah I (1997). Nutrient Composition of Malaysian Foods, 4th Edition. Institute for Medical Research (IMR), Kuala Lumpur.",1997-01-01,https://myfcd.moh.gov.my/myfcd97/index.php/site/detail_product/402020/0/10/-1/0/0,2026-09-05T23:04:16.669430,per_100g,100.0,g,"5 whole, medium (LxW, 11x1.4 cm)",1.0,32.5,g,,,,,,,,,,,,,,,,,,,,,,,,,,,,,,1,
MyFCD 1997,402019,"PRAWN, SALTED, DRIED (UDANG KERING)",Udang Kering,UDANG KERING,Fatty acids in raw foodstuffs,"Tee ES, Mohd Ismail N, Mohd Nasir A, Khatijah I (1997). Nutrient Composition of Malaysian Foods, 4th Edition. Institute for Medical Research (IMR), Kuala Lumpur.",1997-01-01,https://myfcd.moh.gov.my/myfcd97/index.php/site/detail_product/402019/0/10/-1/0/0,2026-09-05T23:04:16.671412,per_100g,100.0,g,1 tablespoon,1.0,10.0,g,,,,,,,,,,,,,,,,,,,,,,,,,,,,,,1,
MyFCD 1997,402021,"QUAIL EGG, WHOLE (TELUR PUYUH, SEBIJI)","Telur Puyuh, Sebiji","TELUR PUYUH, SEBIJI",Fatty acids in raw foodstuffs,"Tee ES, Mohd Ismail N, Mohd Nasir A, Khatijah I (1997). Nutrient Composition of Malaysian Foods, 4th Edition. Institute for Medical Research (IMR), Kuala Lumpur.",1997-01-01,https://myfcd.moh.gov.my/myfcd97/index.php/site/detail_product/402021/0/10/-1/0/0,2026-09-05T23:04:16.704189,per_100g,100.0,g,"5 whole (LxD, 3x2 cm)",1.0,50.6,g,,,,,,,,,,,,,,,,,,,,,,,,,,,,,,1,
MyFCD 1997,403002,CHAR SIEW RICE (NASI CHAR SIEW),Nasi Char Siew,NASI CHAR SIEW,Cholesterol in ready-to-eat meals,"Tee ES, Mohd Ismail N, Mohd Nasir A, Khatijah I (1997). Nutrient Composition of Malaysian Foods, 4th Edition. Institute for Medical Research (IMR), Kuala Lumpur.",1997-01-01,https://myfcd.moh.gov.my/myfcd97/index.php/site/detail_product/403002/0/10/-1/0/0,2026-09-05T23:04:16.744885,per_100g,100.0,g,1 plate,1.0,329.0,g,174.0,,63.3,7.1,6.5,22.0,,1.1,,,,,,,,,,,,,,,,,,,,,,1,
MyFCD 1997,403003,CHICKEN RICE (NASI AYAM),Nasi Ayam,NASI AYAM,Cholesterol in ready-to-eat meals,"Tee ES, Mohd Ismail N, Mohd Nasir A, Khatijah I (1997). Nutrient Composition of Malaysian Foods, 4th Edition. Institute for Medical Research (IMR), Kuala Lumpur.",1997-01-01,https://myfcd.moh.gov.my/myfcd97/index.php/site/detail_product/403003/0/10/-1/0/0,2026-09-05T23:04:16.758316,per_100g,100.0,g,1 plate,1.0,315.0,g,151.0,,66.9,6.4,4.6,21.1,,1.0,,,,,,,,,,,,,,,,,,,,,,1,
MyFCD 1997,403001,BOLI,Boli,,Cholesterol in ready-to-eat meals,"Tee ES, Mohd Ismail N, Mohd Nasir A, Khatijah I (1997). Nutrient Composition of Malaysian Foods, 4th Edition. Institute for Medical Research (IMR), Kuala Lumpur.",1997-01-01,https://myfcd.moh.gov.my/myfcd97/index.php/site/detail_product/403001/0/10/-1/0/0,2026-09-05T23:04:16.793457,per_100g,100.0,g,1 round piece (3 X 0.25 inch),1.0,84.0,g,267.0,,42.5,7.0,8.1,41.5,,0.9,,,,,,,,,,,,,,,,,,,,,,1,
MyFCD 1997,403004,CURRY LAKSA (KARI LAKSA),Kari Laksa,KARI LAKSA,Cholesterol in ready-to-eat meals,"Tee ES, Mohd Ismail N, Mohd Nasir A, Khatijah I (1997). Nutrient Composition of Malaysian Foods, 4th Edition. Institute for Medical Research (IMR), Kuala Lumpur.",1997-01-01,https://myfcd.moh.gov.my/myfcd97/index.php/site/detail_product/403004/0/10/-1/0/0,2026-09-05T23:04:16.827378,per_100g,100.0,g,1 bowl,1.0,650.0,g,117.0,,77.3,3.5,6.4,11.3,,1.5,,,,,,,,,,,,,,,,,,,,,,1,
MyFCD 1997,403005,DOSAI,Dosai,,Cholesterol in ready-to-eat meals,"Tee ES, Mohd Ismail N, Mohd Nasir A, Khatijah I (1997). Nutrient Composition of Malaysian Foods, 4th Edition. Institute for Medical Research (IMR), Kuala Lumpur.",1997-01-01,https://myfcd.moh.gov.my/myfcd97/index.php/site/detail_product/403005/0/10/-1/0/0,2026-09-05T23:04:16.892433,per_100g,100.0,g,1 round piece (10 X 0.25 inch),1.0,132.0,g,117.0,,70.1,3.5,0.7,24.2,,1.5,,,,,,,,,,,,,,,,,,,,,,1,
MyFCD 1997,403006,DOSAI WITH EGG,Dosai With Egg,,Cholesterol in ready-to-eat meals,"Tee ES, Mohd Ismail N, Mohd Nasir A, Khatijah I (1997). Nutrient Composition of Malaysian Foods, 4th Edition. Institute for Medical Research (IMR), Kuala Lumpur.",1997-01-01,https://myfcd.moh.gov.my/myfcd97/index.php/site/detail_product/403006/0/10/-1/0/0,2026-09-05T23:04:16.894744,per_100g,100.0,g,1 round piece (10 X 0.25 inch),1.0,195.0,g,228.0,,56.5,6.8,11.8,23.6,,1.3,,,,,,,,,,,,,,,,,,,,,,1,
MyFCD 1997,403008,"DUMPLING, CHAR SIEW (KUIH PAU, CHAR SIEW)","Kuih Pau, Char Siew","KUIH PAU, CHAR SIEW",Cholesterol in ready-to-eat meals,"Tee ES, Mohd Ismail N, Mohd Nasir A, Khatijah I (1997). Nutrient Composition of Malaysian Foods, 4th Edition. Institute for Medical Research (IMR), Kuala Lumpur.",1997-01-01,https://myfcd.moh.gov.my/myfcd97/index.php/site/detail_product/403008/0/10/-1/0/0,2026-09-05T23:04:16.903640,per_100g,100.0,g,1 whole,1.0,71.0,g,334.0,,34.3,8.5,15.4,40.5,,1.4,,,,,,,,,,,,,,,,,,,,,,1,
MyFCD 1997,403007,"DUMPLING, BIG (KUIH PAU DAGING, BESAR)","Kuih Pau Daging, Besar","KUIH PAU DAGING, BESAR",Cholesterol in ready-to-eat meals,"Tee ES, Mohd Ismail N, Mohd Nasir A, Khatijah I (1997). Nutrient Composition of Malaysian Foods, 4th Edition. Institute for Medical Research (IMR), Kuala Lumpur.",1997-01-01,https://myfcd.moh.gov.my/myfcd97/index.php/site/detail_product/403007/0/10/-1/0/0,2026-09-05T23:04:16.906417,per_100g,100.0,g,1 whole,1.0,196.0,g,255.0,,49.1,9.7,11.4,28.6,,1.3,,,,,,,,,,,,,,,,,,,,,,1,
MyFCD 1997,403009,"DUMPLING, SANG YOKE (KUIH PAU, SANG YOKE)","Kuih Pau, Sang Yoke","KUIH PAU, SANG YOKE",Cholesterol in ready-to-eat meals,"Tee ES, Mohd Ismail N, Mohd Nasir A, Khatijah I (1997). Nutrient Composition of Malaysian Foods, 4th Edition. Institute for Medical Research (IMR), Kuala Lumpur.",1997-01-01,https://myfcd.moh.gov.my/myfcd97/index.php/site/detail_product/403009/0/10/-1/0/0,2026-09-05T23:04:16.914136,per_100g,100.0,g,1 whole,1.0,78.0,g,250.0,,46.7,7.9,8.5,35.7,,1.3,,,,,,,,,,,,,,,,,,,,,,1,
MyFCD 1997,403010,FRIED KUEH TIAU (KONG FOO CHOW- CANTONESE STYLE) ; KUEH TIAU GORENG KANTONIS,Kong Foo Chow- Cantonese Style,KONG FOO CHOW- CANTONESE STYLE,Cholesterol in ready-to-eat meals,"Tee ES, Mohd Ismail N, Mohd Nasir A, Khatijah I (1997). Nutrient Composition of Malaysian Foods, 4th Edition. Institute for Medical Research (IMR), Kuala Lumpur.",1997-01-01,https://myfcd.moh.gov.my/myfcd97/index.php/site/detail_product/403010/0/10/-1/0/0,2026-09-05T23:04:16.924935,per_100g,100.0,g,1 plate,1.0,662.0,g,125.0,,74.8,3.8,5.5,15.1,,0.9,,,,,,,,,,,,,,,,,,,,,,1,
MyFCD 1997,403013,FRIED MEE (INDIAN STYLE) (MEE GORENG INDIA),Indian Style,INDIAN STYLE,Cholesterol in ready-to-eat meals,"Tee ES, Mohd Ismail N, Mohd Nasir A, Khatijah I (1997). Nutrient Composition of Malaysian Foods, 4th Edition. Institute for Medical Research (IMR), Kuala Lumpur.",1997-01-01,https://myfcd.moh.gov.my/myfcd97/index.php/site/detail_product/403013/0/10/-1/0/0,2026-09-05T23:04:16.998581,per_100g,100.0,g,1 plate,1.0,325.0,g,184.0,,63.4,6.6,9.0,19.1,,2.1,,,,,,,,,,,,,,,,,,,,,,1,
MyFCD 1997,403011,FRIED KUEH TIAU WITH COCKLES ; KUEH TIAU GORENG DENGAN KERANG,Fried Kueh Tiau With Cockles ; Kueh Tiau Goreng Dengan Kerang,,Cholesterol in ready-to-eat meals,"Tee ES, Mohd Ismail N, Mohd Nasir A, Khatijah I (1997). Nutrient Composition of Malaysian Foods, 4th Edition. Institute for Medical Research (IMR), Kuala Lumpur.",1997-01-01,https://myfcd.moh.gov.my/myfcd97/index.php/site/detail_product/403011/0/10/-1/0/0,2026-09-05T23:04:17.017235,per_100g,100.0,g,1 plate,1.0,300.0,g,177.0,,67.0,5.1,9.7,17.1,,1.1,,,,,,,,,,,,,,,,,,,,,,1,
MyFCD 1997,403012,FRIED MEE (FUKIEN CHOW -HOKKIEN STYLE) ; MEE GORENG HOKKIEN,Fukien Chow -Hokkien Style,FUKIEN CHOW -HOKKIEN STYLE,Cholesterol in ready-to-eat meals,"Tee ES, Mohd Ismail N, Mohd Nasir A, Khatijah I (1997). Nutrient Composition of Malaysian Foods, 4th Edition. Institute for Medical Research (IMR), Kuala Lumpur.",1997-01-01,https://myfcd.moh.gov.my/myfcd97/index.php/site/detail_product/403012/0/10/-1/0/0,2026-09-05T23:04:17.017932,per_100g,100.0,g,1 plate,1.0,751.0,g,153.0,,68.9,4.6,6.6,18.8,,1.1,,,,,,,,,,,,,,,,,,,,,,1,
MyFCD 1997,403014,FRIED RICE (CHINESE STYLE) (NASI GORENG CINA),Chinese Style,CHINESE STYLE,Cholesterol in ready-to-eat meals,"Tee ES, Mohd Ismail N, Mohd Nasir A, Khatijah I (1997). Nutrient Composition of Malaysian Foods, 4th Edition. Institute for Medical Research (IMR), Kuala Lumpur.",1997-01-01,https://myfcd.moh.gov.my/myfcd97/index.php/site/detail_product/403014/0/10/-1/0/0,2026-09-05T23:04:17.018975,per_100g,100.0,g,1 plate,1.0,392.0,g,242.0,,54.8,7.2,13.2,23.5,,1.3,,,,,,,,,,,,,,,,,,,,,,1,
MyFCD 1997,403016,LUP CHEONG (CHINESE SAUSAGE) (SOSEJ CINA),Chinese Sausage,CHINESE SAUSAGE,Cholesterol in ready-to-eat meals,"Tee ES, Mohd Ismail N, Mohd Nasir A, Khatijah I (1997). Nutrient Composition of Malaysian Foods, 4th Edition. Institute for Medical Research (IMR), Kuala Lumpur.",1997-01-01,https://myfcd.moh.gov.my/myfcd97/index.php/site/detail_product/403016/0/10/-1/0/0,2026-09-05T23:04:17.038178,per_100g,100.0,g,"1 piece (6 X 0.5 inch, L X D)",1.0,42.0,g,536.0,,14.4,22.5,43.4,14.0,,5.7,,,,,,,,,,,,,,,,,,,,,,1,
MyFCD 1997,403015,LOR MAI KAI,Lor Mai Kai,,Cholesterol in ready-to-eat meals,"Tee ES, Mohd Ismail N, Mohd Nasir A, Khatijah I (1997). Nutrient Composition of Malaysian Foods, 4th Edition. Institute for Medical Research (IMR), Kuala Lumpur.",1997-01-01,https://myfcd.moh.gov.my/myfcd97/index.php/site/detail_product/403015/0/10/-1/0/0,2026-09-05T23:04:17.050241,per_100g,100.0,g,1 bowl,1.0,173.0,g,221.0,,49.6,5.5,5.0,38.4,,1.5,,,,,,,,,,,,,,,,,,,,,,1,
MyFCD 1997,403017,MUTTON CURRY (KARI KAMBING),Kari Kambing,KARI KAMBING,Cholesterol in ready-to-eat meals,"Tee ES, Mohd Ismail N, Mohd Nasir A, Khatijah I (1997). Nutrient Composition of Malaysian Foods, 4th Edition. Institute for Medical Research (IMR), Kuala Lumpur.",1997-01-01,https://myfcd.moh.gov.my/myfcd97/index.php/site/detail_product/403017/0/10/-1/0/0,2026-09-05T23:04:17.086296,per_100g,100.0,g,1 plate,1.0,200.0,g,188.0,,68.7,11.1,14.1,4.3,,2.0,,,,,,,,,,,,,,,,,,,,,,1,
MyFCD 1997,403018,NASI BERIYANI,Nasi Beriyani,,Cholesterol in ready-to-eat meals,"Tee ES, Mohd Ismail N, Mohd Nasir A, Khatijah I (1997). Nutrient Composition of Malaysian Foods, 4th Edition. Institute for Medical Research (IMR), Kuala Lumpur.",1997-01-01,https://myfcd.moh.gov.my/myfcd97/index.php/site/detail_product/403018/0/10/-1/0/0,2026-09-05T23:04:17.108526,per_100g,100.0,g,1 plate,1.0,457.0,g,147.0,,65.7,6.4,2.6,24.4,,1.0,,,,,,,,,,,,,,,,,,,,,,1,
MyFCD 1997,403019,NASI LEMAK,Nasi Lemak,,Cholesterol in ready-to-eat meals,"Tee ES, Mohd Ismail N, Mohd Nasir A, Khatijah I (1997). Nutrient Composition of Malaysian Foods, 4th Edition. Institute for Medical Research (IMR), Kuala Lumpur.",1997-01-01,https://myfcd.moh.gov.my/myfcd97/index.php/site/detail_product/403019/0/10/-1/0/0,2026-09-05T23:04:17.124866,per_100g,100.0,g,1 medium plate,1.0,306.0,g,165.0,,62.4,4.8,3.6,28.3,,1.0,,,,,,,,,,,,,,,,,,,,,,1,
MyFCD 1997,403020,RENDANG HATI,Rendang Hati,,Cholesterol in ready-to-eat meals,"Tee ES, Mohd Ismail N, Mohd Nasir A, Khatijah I (1997). Nutrient Composition of Malaysian Foods, 4th Edition. Institute for Medical Research (IMR), Kuala Lumpur.",1997-01-01,https://myfcd.moh.gov.my/myfcd97/index.php/site/detail_product/403020/0/10/-1/0/0,2026-09-05T23:04:17.130646,per_100g,100.0,g,1 plate,1.0,140.0,g,176.0,,65.0,20.0,8.8,4.1,,2.1,,,,,,,,,,,,,,,,,,,,,,1,
MyFCD 1997,403021,SAMBAL UDANG,Sambal Udang,,Cholesterol in ready-to-eat meals,"Tee ES, Mohd Ismail N, Mohd Nasir A, Khatijah I (1997). Nutrient Composition of Malaysian Foods, 4th Edition. Institute for Medical Research (IMR), Kuala Lumpur.",1997-01-01,https://myfcd.moh.gov.my/myfcd97/index.php/site/detail_product/403021/0/10/-1/0/0,2026-09-05T23:04:17.151278,per_100g,100.0,g,1 plate,1.0,150.0,g,125.0,,76.0,9.8,7.8,3.9,,2.6,,,,,,,,,,,,,,,,,,,,,,1,
MyFCD 1997,403022,SATAY,Satay,,Cholesterol in ready-to-eat meals,"Tee ES, Mohd Ismail N, Mohd Nasir A, Khatijah I (1997). Nutrient Composition of Malaysian Foods, 4th Edition. Institute for Medical Research (IMR), Kuala Lumpur.",1997-01-01,https://myfcd.moh.gov.my/myfcd97/index.php/site/detail_product/403022/0/10/-1/0/0,2026-09-05T23:04:17.176803,per_100g,100.0,g,10 sticks,1.0,353.0,g,182.0,,66.7,8.8,10.8,12.4,,1.3,,,,,,,,,,,,,,,,,,,,,,1,
MyFCD 1997,403023,THAIRUVADDAI,Thairuvaddai,,Cholesterol in ready-to-eat meals,"Tee ES, Mohd Ismail N, Mohd Nasir A, Khatijah I (1997). Nutrient Composition of Malaysian Foods, 4th Edition. Institute for Medical Research (IMR), Kuala Lumpur.",1997-01-01,https://myfcd.moh.gov.my/myfcd97/index.php/site/detail_product/403023/0/10/-1/0/0,2026-09-05T23:04:17.210239,per_100g,100.0,g,"1 round piece ( 3 x 2 inch, diameter)",1.0,164.0,g,101.0,,82.2,3.5,6.9,6.4,,1.2,,,,,,,,,,,,,,,,,,,,,,1,
MyFCD 1997,404001,BOLI,Boli,,Fatty acids in ready-to-eat meals,"Tee ES, Mohd Ismail N, Mohd Nasir A, Khatijah I (1997). Nutrient Composition of Malaysian Foods, 4th Edition. Institute for Medical Research (IMR), Kuala Lumpur.",1997-01-01,https://myfcd.moh.gov.my/myfcd97/index.php/site/detail_product/404001/0/10/-1/0/0,2026-09-05T23:04:17.215068,per_100g,100.0,g,1 round piece (3 X 0.25 inch),1.0,84.0,g,,,,,,,,,,,,,,,,,,,,,,,,,,,,,,1,
MyFCD 1997,404002,CHAR SIEW RICE (NASI CHAR SIEW),Nasi Char Siew,NASI CHAR SIEW,Fatty acids in ready-to-eat meals,"Tee ES, Mohd Ismail N, Mohd Nasir A, Khatijah I (1997). Nutrient Composition of Malaysian Foods, 4th Edition. Institute for Medical Research (IMR), Kuala Lumpur.",1997-01-01,https://myfcd.moh.gov.my/myfcd97/index.php/site/detail_product/404002/0/10/-1/0/0,2026-09-05T23:04:17.230015,per_100g,100.0,g,1 plate,1.0,329.0,g,,,,,,,,,,,,,,,,,,,,,,,,,,,,,,1,
MyFCD 1997,404003,CHICKEN RICE (NASI AYAM),Nasi Ayam,NASI AYAM,Fatty acids in ready-to-eat meals,"Tee ES, Mohd Ismail N, Mohd Nasir A, Khatijah I (1997). Nutrient Composition of Malaysian Foods, 4th Edition. Institute for Medical Research (IMR), Kuala Lumpur.",1997-01-01,https://myfcd.moh.gov.my/myfcd97/index.php/site/detail_product/404003/0/10/-1/0/0,2026-09-05T23:04:17.241387,per_100g,100.0,g,1 plate,1.0,315.0,g,,,,,,,,,,,,,,,,,,,,,,,,,,,,,,1,
MyFCD 1997,404004,CURRY LAKSA (KARI LAKSA),Kari Laksa,KARI LAKSA,Fatty acids in ready-to-eat meals,"Tee ES, Mohd Ismail N, Mohd Nasir A, Khatijah I (1997). Nutrient Composition of Malaysian Foods, 4th Edition. Institute for Medical Research (IMR), Kuala Lumpur.",1997-01-01,https://myfcd.moh.gov.my/myfcd97/index.php/site/detail_product/404004/0/10/-1/0/0,2026-09-05T23:04:17.270979,per_100g,100.0,g,1 bowl,1.0,650.0,g,,,,,,,,,,,,,,,,,,,,,,,,,,,,,,1,
MyFCD 1997,404005,DOSAI,Dosai,,Fatty acids in ready-to-eat meals,"Tee ES, Mohd Ismail N, Mohd Nasir A, Khatijah I (1997). Nutrient Composition of Malaysian Foods, 4th Edition. Institute for Medical Research (IMR), Kuala Lumpur.",1997-01-01,https://myfcd.moh.gov.my/myfcd97/index.php/site/detail_product/404005/0/10/-1/0/0,2026-09-05T23:04:17.311355,per_100g,100.0,g,1 round piece (10 X 0.25 inch),1.0,132.0,g,,,,,,,,,,,,,,,,,,,,,,,,,,,,,,1,
MyFCD 1997,404008,"DUMPLING, CHAR SIEW (KUIH PAU, CHAR SIEW)","Kuih Pau, Char Siew","KUIH PAU, CHAR SIEW",Fatty acids in ready-to-eat meals,"Tee ES, Mohd Ismail N, Mohd Nasir A, Khatijah I (1997). Nutrient Composition of Malaysian Foods, 4th Edition. Institute for Medical Research (IMR), Kuala Lumpur.",1997-01-01,https://myfcd.moh.gov.my/myfcd97/index.php/site/detail_product/404008/0/10/-1/0/0,2026-09-05T23:04:17.336282,per_100g,100.0,g,1 whole,1.0,71.0,g,,,,,,,,,,,,,,,,,,,,,,,,,,,,,,1,
MyFCD 1997,404006,DOSAI WITH EGG,Dosai With Egg,,Fatty acids in ready-to-eat meals,"Tee ES, Mohd Ismail N, Mohd Nasir A, Khatijah I (1997). Nutrient Composition of Malaysian Foods, 4th Edition. Institute for Medical Research (IMR), Kuala Lumpur.",1997-01-01,https://myfcd.moh.gov.my/myfcd97/index.php/site/detail_product/404006/0/10/-1/0/0,2026-09-05T23:04:17.350986,per_100g,100.0,g,1 round piece (10 X 0.25 inch),1.0,195.0,g,,,,,,,,,,,,,,,,,,,,,,,,,,,,,,1,
MyFCD 1997,404009,"DUMPLING, SANG YOKE (KUIH PAU, SANG YOKE)","Kuih Pau, Sang Yoke","KUIH PAU, SANG YOKE",Fatty acids in ready-to-eat meals,"Tee ES, Mohd Ismail N, Mohd Nasir A, Khatijah I (1997). Nutrient Composition of Malaysian Foods, 4th Edition. Institute for Medical Research (IMR), Kuala Lumpur.",1997-01-01,https://myfcd.moh.gov.my/myfcd97/index.php/site/detail_product/404009/0/10/-1/0/0,2026-09-05T23:04:17.354951,per_100g,100.0,g,1 whole,1.0,78.0,g,,,,,,,,,,,,,,,,,,,,,,,,,,,,,,1,
MyFCD 1997,404007,"DUMPLING, BIG (KUIH PAU DAGING, BESAR)","Kuih Pau Daging, Besar","KUIH PAU DAGING, BESAR",Fatty acids in ready-to-eat meals,"Tee ES, Mohd Ismail N, Mohd Nasir A, Khatijah I (1997). Nutrient Composition of Malaysian Foods, 4th Edition. Institute for Medical Research (IMR), Kuala Lumpur.",1997-01-01,https://myfcd.moh.gov.my/myfcd97/index.php/site/detail_product/404007/0/10/-1/0/0,2026-09-05T23:04:17.362717,per_100g,100.0,g,1 whole,1.0,196.0,g,,,,,,,,,,,,,,,,,,,,,,,,,,,,,,1,
MyFCD 1997,404010,FRIED KUEH TIAU (KONG FOO CHOW- CANTONESE STYLE) ; (KUEH TIAU GORENG KANTONIS),Kong Foo Chow- Cantonese Style,KONG FOO CHOW- CANTONESE STYLE,Fatty acids in ready-to-eat meals,"Tee ES, Mohd Ismail N, Mohd Nasir A, Khatijah I (1997). Nutrient Composition of Malaysian Foods, 4th Edition. Institute for Medical Research (IMR), Kuala Lumpur.",1997-01-01,https://myfcd.moh.gov.my/myfcd97/index.php/site/detail_product/404010/0/10/-1/0/0,2026-09-05T23:04:17.398992,per_100g,100.0,g,1 plate,1.0,662.0,g,,,,,,,,,,,,,,,,,,,,,,,,,,,,,,1,
MyFCD 1997,404011,FRIED KUEH TIAU WITH COCKLES ; (KUEH TIAU GORENG DENGAN KERANG),Kueh Tiau Goreng Dengan Kerang,KUEH TIAU GORENG DENGAN KERANG,Fatty acids in ready-to-eat meals,"Tee ES, Mohd Ismail N, Mohd Nasir A, Khatijah I (1997). Nutrient Composition of Malaysian Foods, 4th Edition. Institute for Medical Research (IMR), Kuala Lumpur.",1997-01-01,https://myfcd.moh.gov.my/myfcd97/index.php/site/detail_product/404011/0/10/-1/0/0,2026-09-05T23:04:17.422128,per_100g,100.0,g,1 plate,1.0,300.0,g,,,,,,,,,,,,,,,,,,,,,,,,,,,,,,1,
MyFCD 1997,404012,FRIED MEE (FUKIEN CHOW -HOKKIEN STYLE) ; (MEE GORENG HOKKIEN),Fukien Chow -Hokkien Style,FUKIEN CHOW -HOKKIEN STYLE,Fatty acids in ready-to-eat meals,"Tee ES, Mohd Ismail N, Mohd Nasir A, Khatijah I (1997). Nutrient Composition of Malaysian Foods, 4th Edition. Institute for Medical Research (IMR), Kuala Lumpur.",1997-01-01,https://myfcd.moh.gov.my/myfcd97/index.php/site/detail_product/404012/0/10/-1/0/0,2026-09-05T23:04:17.444231,per_100g,100.0,g,1 plate,1.0,751.0,g,,,,,,,,,,,,,,,,,,,,,,,,,,,,,,1,
MyFCD 1997,404014,FRIED RICE (CHINESE STYLE) (NASI GORENG CINA),Chinese Style,CHINESE STYLE,Fatty acids in ready-to-eat meals,"Tee ES, Mohd Ismail N, Mohd Nasir A, Khatijah I (1997). Nutrient Composition of Malaysian Foods, 4th Edition. Institute for Medical Research (IMR), Kuala Lumpur.",1997-01-01,https://myfcd.moh.gov.my/myfcd97/index.php/site/detail_product/404014/0/10/-1/0/0,2026-09-05T23:04:17.465306,per_100g,100.0,g,1 plate,1.0,392.0,g,,,,,,,,,,,,,,,,,,,,,,,,,,,,,,1,
MyFCD 1997,404013,FRIED MEE (INDIAN STYLE) (MEE GORENG INDIA),Indian Style,INDIAN STYLE,Fatty acids in ready-to-eat meals,"Tee ES, Mohd Ismail N, Mohd Nasir A, Khatijah I (1997). Nutrient Composition of Malaysian Foods, 4th Edition. Institute for Medical Research (IMR), Kuala Lumpur.",1997-01-01,https://myfcd.moh.gov.my/myfcd97/index.php/site/detail_product/404013/0/10/-1/0/0,2026-09-05T23:04:17.474472,per_100g,100.0,g,1 plate,1.0,325.0,g,,,,,,,,,,,,,,,,,,,,,,,,,,,,,,1,
MyFCD 1997,404015,LOR MAI KAI,Lor Mai Kai,,Fatty acids in ready-to-eat meals,"Tee ES, Mohd Ismail N, Mohd Nasir A, Khatijah I (1997). Nutrient Composition of Malaysian Foods, 4th Edition. Institute for Medical Research (IMR), Kuala Lumpur.",1997-01-01,https://myfcd.moh.gov.my/myfcd97/index.php/site/detail_product/404015/0/10/-1/0/0,2026-09-05T23:04:17.488321,per_100g,100.0,g,1 bowl,1.0,173.0,g,,,,,,,,,,,,,,,,,,,,,,,,,,,,,,1,
MyFCD 1997,404016,LUP CHEONG (CHINESE SAUSAGE) (SOSEJ CINA),Chinese Sausage,CHINESE SAUSAGE,Fatty acids in ready-to-eat meals,"Tee ES, Mohd Ismail N, Mohd Nasir A, Khatijah I (1997). Nutrient Composition of Malaysian Foods, 4th Edition. Institute for Medical Research (IMR), Kuala Lumpur.",1997-01-01,https://myfcd.moh.gov.my/myfcd97/index.php/site/detail_product/404016/0/10/-1/0/0,2026-09-05T23:04:17.523777,per_100g,100.0,g,"1 piece (6 X 0.5 inch, L X D)",1.0,42.0,g,,,,,,,,,,,,,,,,,,,,,,,,,,,,,,1,
MyFCD 1997,404017,MUTTON CURRY (KARI KAMBING),Kari Kambing,KARI KAMBING,Fatty acids in ready-to-eat meals,"Tee ES, Mohd Ismail N, Mohd Nasir A, Khatijah I (1997). Nutrient Composition of Malaysian Foods, 4th Edition. Institute for Medical Research (IMR), Kuala Lumpur.",1997-01-01,https://myfcd.moh.gov.my/myfcd97/index.php/site/detail_product/404017/0/10/-1/0/0,2026-09-05T23:04:17.549974,per_100g,100.0,g,1 plate,1.0,200.0,g,,,,,,,,,,,,,,,,,,,,,,,,,,,,,,1,
MyFCD 1997,404018,NASI BERIYANI,Nasi Beriyani,,Fatty acids in ready-to-eat meals,"Tee ES, Mohd Ismail N, Mohd Nasir A, Khatijah I (1997). Nutrient Composition of Malaysian Foods, 4th Edition. Institute for Medical Research (IMR), Kuala Lumpur.",1997-01-01,https://myfcd.moh.gov.my/myfcd97/index.php/site/detail_product/404018/0/10/-1/0/0,2026-09-05T23:04:17.556044,per_100g,100.0,g,1 plate,1.0,457.0,g,,,,,,,,,,,,,,,,,,,,,,,,,,,,,,1,
MyFCD 1997,404020,RENDANG HATI,Rendang Hati,,Fatty acids in ready-to-eat meals,"Tee ES, Mohd Ismail N, Mohd Nasir A, Khatijah I (1997). Nutrient Composition of Malaysian Foods, 4th Edition. Institute for Medical Research (IMR), Kuala Lumpur.",1997-01-01,https://myfcd.moh.gov.my/myfcd97/index.php/site/detail_product/404020/0/10/-1/0/0,2026-09-05T23:04:17.591981,per_100g,100.0,g,1 plate,1.0,140.0,g,,,,,,,,,,,,,,,,,,,,,,,,,,,,,,1,
MyFCD 1997,404021,SAMBAL UDANG,Sambal Udang,,Fatty acids in ready-to-eat meals,"Tee ES, Mohd Ismail N, Mohd Nasir A, Khatijah I (1997). Nutrient Composition of Malaysian Foods, 4th Edition. Institute for Medical Research (IMR), Kuala Lumpur.",1997-01-01,https://myfcd.moh.gov.my/myfcd97/index.php/site/detail_product/404021/0/10/-1/0/0,2026-09-05T23:04:17.600723,per_100g,100.0,g,1 plate,1.0,150.0,g,,,,,,,,,,,,,,,,,,,,,,,,,,,,,,1,
MyFCD 1997,404019,NASI LEMAK,Nasi Lemak,,Fatty acids in ready-to-eat meals,"Tee ES, Mohd Ismail N, Mohd Nasir A, Khatijah I (1997). Nutrient Composition of Malaysian Foods, 4th Edition. Institute for Medical Research (IMR), Kuala Lumpur.",1997-01-01,https://myfcd.moh.gov.my/myfcd97/index.php/site/detail_product/404019/0/10/-1/0/0,2026-09-05T23:04:17.605379,per_100g,100.0,g,1 medium plate,1.0,306.0,g,,,,,,,,,,,,,,,,,,,,,,,,,,,,,,1,
MyFCD 1997,404022,SATAY,Satay,,Fatty acids in ready-to-eat meals,"Tee ES, Mohd Ismail N, Mohd Nasir A, Khatijah I (1997). Nutrient Composition of Malaysian Foods, 4th Edition. Institute for Medical Research (IMR), Kuala Lumpur.",1997-01-01,https://myfcd.moh.gov.my/myfcd97/index.php/site/detail_product/404022/0/10/-1/0/0,2026-09-05T23:04:17.632315,per_100g,100.0,g,10 sticks,1.0,353.0,g,,,,,,,,,,,,,,,,,,,,,,,,,,,,,,1,
MyFCD 1997,511001,CENTURY EGG (PEI-TAN),Pei-Tan,PEI-TAN,Eggs,"Tee ES, Mohd Ismail N, Mohd Nasir A, Khatijah I (1997). Nutrient Composition of Malaysian Foods, 4th Edition. Institute for Medical Research (IMR), Kuala Lumpur.",1997-01-01,https://myfcd.moh.gov.my/myfcd97/index.php/site/detail_product/511001/0/10/-1/0/0,2026-09-05T23:04:17.663106,per_100g,100.0,g,,,,,,,,,,,,,,,,,,,,,,,,,,,,,,,,99.0,4.0,1,
MyFCD 1997,404023,THAIRUVADDAI,Thairuvaddai,,Fatty acids in ready-to-eat meals,"Tee ES, Mohd Ismail N, Mohd Nasir A, Khatijah I (1997). Nutrient Composition of Malaysian Foods, 4th Edition. Institute for Medical Research (IMR), Kuala Lumpur.",1997-01-01,https://myfcd.moh.gov.my/myfcd97/index.php/site/detail_product/404023/0/10/-1/0/0,2026-09-05T23:04:17.665525,per_100g,100.0,g,"1 round piece ( 3 X 2 inch, diameter)",1.0,164.0,g,,,,,,,,,,,,,,,,,,,,,,,,,,,,,,1,
MyFCD 1997,511002,"DUCK EGG, WHOLE (TELUR ITIK, SEBIJI)","Telur Itik, Sebiji","TELUR ITIK, SEBIJI",Eggs,"Tee ES, Mohd Ismail N, Mohd Nasir A, Khatijah I (1997). Nutrient Composition of Malaysian Foods, 4th Edition. Institute for Medical Research (IMR), Kuala Lumpur.",1997-01-01,https://myfcd.moh.gov.my/myfcd97/index.php/site/detail_product/511002/0/10/-1/0/0,2026-09-05T23:04:17.694363,per_100g,100.0,g,,,,,,,,,,,,,,,,,,,,,,,,,,,,,,,,96.0,32.0,1,
MyFCD 1997,511004,"HEN EGG, WHOLE (TELUR AYAM, SEBIJI)","Telur Ayam, Sebiji","TELUR AYAM, SEBIJI",Eggs,"Tee ES, Mohd Ismail N, Mohd Nasir A, Khatijah I (1997). Nutrient Composition of Malaysian Foods, 4th Edition. Institute for Medical Research (IMR), Kuala Lumpur.",1997-01-01,https://myfcd.moh.gov.my/myfcd97/index.php/site/detail_product/511004/0/10/-1/0/0,2026-09-05T23:04:17.704363,per_100g,100.0,g,,,,,,,,,,,,,,,,,,,,,,,,,,,,,,,,100.0,1.0,1,
MyFCD 1997,511003,"DUCK EGG, SALTED, WHOLE (TELUR ASIN, SEBIJI)","Telur Asin, Sebiji","TELUR ASIN, SEBIJI",Eggs,"Tee ES, Mohd Ismail N, Mohd Nasir A, Khatijah I (1997). Nutrient Composition of Malaysian Foods, 4th Edition. Institute for Medical Research (IMR), Kuala Lumpur.",1997-01-01,https://myfcd.moh.gov.my/myfcd97/index.php/site/detail_product/511003/0/10/-1/0/0,2026-09-05T23:04:17.729022,per_100g,100.0,g,,,,,,,,,,,,,,,,,,,,,,,,,,,,,,,,97.0,10.0,1,
MyFCD 1997,511005,"QUAIL EGG, WHOLE ( TELUR PUYUH, SEBIJI)","Telur Puyuh, Sebiji","TELUR PUYUH, SEBIJI",Eggs,"Tee ES, Mohd Ismail N, Mohd Nasir A, Khatijah I (1997). Nutrient Composition of Malaysian Foods, 4th Edition. Institute for Medical Research (IMR), Kuala Lumpur.",1997-01-01,https://myfcd.moh.gov.my/myfcd97/index.php/site/detail_product/511005/0/10/-1/0/0,2026-09-05T23:04:17.740907,per_100g,100.0,g,,,,,,,,,,,,,,,,,,,,,,,,,,,,,,,,99.0,5.0,1,
MyFCD 1997,512001,"ANCHOVY, FRESH, WHOLE (IKAN BILIS, SEGAR, BAHAGIAN KESELURUHAN) ; STOLEPHORUS COMMERSONII","Ikan Bilis, Segar, Bahagian Keseluruhan","IKAN BILIS, SEGAR, BAHAGIAN KESELURUHAN",Fish and Seafoods,"Tee ES, Mohd Ismail N, Mohd Nasir A, Khatijah I (1997). Nutrient Composition of Malaysian Foods, 4th Edition. Institute for Medical Research (IMR), Kuala Lumpur.",1997-01-01,https://myfcd.moh.gov.my/myfcd97/index.php/site/detail_product/512001/0/10/-1/0/0,2026-09-05T23:04:17.750738,per_100g,100.0,g,,,,,,,,,,,,,,,,,,,,,,,,,,,,,,,,94.0,6.0,1,
MyFCD 1997,512002,"COCKLES, FRESH (KERANG); ARCA GRANOSA",Kerang,KERANG,Fish and Seafoods,"Tee ES, Mohd Ismail N, Mohd Nasir A, Khatijah I (1997). Nutrient Composition of Malaysian Foods, 4th Edition. Institute for Medical Research (IMR), Kuala Lumpur.",1997-01-01,https://myfcd.moh.gov.my/myfcd97/index.php/site/detail_product/512002/0/10/-1/0/0,2026-09-05T23:04:17.766846,per_100g,100.0,g,,,,,,,,,,,,,,,,,,,,,,,,,,,,,,,,20.0,194.0,1,
MyFCD 1997,512004,"CUTTLEFISH, FRESH (SOTONG); SEPIA OFFICINALIS",Sotong,SOTONG,Fish and Seafoods,"Tee ES, Mohd Ismail N, Mohd Nasir A, Khatijah I (1997). Nutrient Composition of Malaysian Foods, 4th Edition. Institute for Medical Research (IMR), Kuala Lumpur.",1997-01-01,https://myfcd.moh.gov.my/myfcd97/index.php/site/detail_product/512004/0/10/-1/0/0,2026-09-05T23:04:17.791451,per_100g,100.0,g,,,,,,,,,,,,,,,,,,,,,,,,,,,,,,,,100.0,0.0,1,
MyFCD 1997,512003,CRAB MEAT (DAGING KETAM),Daging Ketam,DAGING KETAM,Fish and Seafoods,"Tee ES, Mohd Ismail N, Mohd Nasir A, Khatijah I (1997). Nutrient Composition of Malaysian Foods, 4th Edition. Institute for Medical Research (IMR), Kuala Lumpur.",1997-01-01,https://myfcd.moh.gov.my/myfcd97/index.php/site/detail_product/512003/0/10/-1/0/0,2026-09-05T23:04:17.806860,per_100g,100.0,g,,,,,,,,,,,,,,,,,,,,,,,,,,,,,,,,21.0,44.0,1,
MyFCD 1997,512005,"CUTTLEFISH, DRIED (SOTONG, KERING)","Sotong, Kering","SOTONG, KERING",Fish and Seafoods,"Tee ES, Mohd Ismail N, Mohd Nasir A, Khatijah I (1997). Nutrient Composition of Malaysian Foods, 4th Edition. Institute for Medical Research (IMR), Kuala Lumpur.",1997-01-01,https://myfcd.moh.gov.my/myfcd97/index.php/site/detail_product/512005/0/10/-1/0/0,2026-09-05T23:04:17.843979,per_100g,100.0,g,,,,,,,,,,,,,,,,,,,,,,,,,,,,,,,,99.0,1.0,1,
MyFCD 1997,512007,"MACKEREL, INDIAN (KEMBONG); RASTRELLIGER KANAGURTA",Kembong,KEMBONG,Fish and Seafoods,"Tee ES, Mohd Ismail N, Mohd Nasir A, Khatijah I (1997). Nutrient Composition of Malaysian Foods, 4th Edition. Institute for Medical Research (IMR), Kuala Lumpur.",1997-01-01,https://myfcd.moh.gov.my/myfcd97/index.php/site/detail_product/512007/0/10/-1/0/0,2026-09-05T23:04:17.881352,per_100g,100.0,g,,,,,,,,,,,,,,,,,,,,,,,,,,,,,,,,100.0,0.0,1,
MyFCD 1997,512008,"MACKEREL, SPANISH (TENGGIRI); SCOMBEROMOUS GUTTATUS",Tenggiri,TENGGIRI,Fish and Seafoods,"Tee ES, Mohd Ismail N, Mohd Nasir A, Khatijah I (1997). Nutrient Composition of Malaysian Foods, 4th Edition. Institute for Medical Research (IMR), Kuala Lumpur.",1997-01-01,https://myfcd.moh.gov.my/myfcd97/index.php/site/detail_product/512008/0/10/-1/0/0,2026-09-05T23:04:17.885957,per_100g,100.0,g,,,,,,,,,,,,,,,,,,,,,,,,,,,,,,,,100.0,0.0,1,
MyFCD 1997,512009,"OYSTER, DRIED (TIRAM, KERING); OSTREA SPP.","Tiram, Kering","TIRAM, KERING",Fish and Seafoods,"Tee ES, Mohd Ismail N, Mohd Nasir A, Khatijah I (1997). Nutrient Composition of Malaysian Foods, 4th Edition. Institute for Medical Research (IMR), Kuala Lumpur.",1997-01-01,https://myfcd.moh.gov.my/myfcd97/index.php/site/detail_product/512009/0/10/-1/0/0,2026-09-05T23:04:17.908093,per_100g,100.0,g,,,,,,,,,,,,,,,,,,,,,,,,,,,,,,,,59.0,138.0,1,
MyFCD 1997,512006,LOBSTER (UDANG GALAH); MACROBRACHIUM ROSENBERGI,Udang Galah,UDANG GALAH,Fish and Seafoods,"Tee ES, Mohd Ismail N, Mohd Nasir A, Khatijah I (1997). Nutrient Composition of Malaysian Foods, 4th Edition. Institute for Medical Research (IMR), Kuala Lumpur.",1997-01-01,https://myfcd.moh.gov.my/myfcd97/index.php/site/detail_product/512006/0/10/-1/0/0,2026-09-05T23:04:17.911531,per_100g,100.0,g,,,,,,,,,,,,,,,,,,,,,,,,,,,,,,,,9.0,149.0,1,
MyFCD 1997,512010,"POMFRET, BLACK (BAWAL HITAM); PARASTROMATEUS NIGER",Bawal Hitam,BAWAL HITAM,Fish and Seafoods,"Tee ES, Mohd Ismail N, Mohd Nasir A, Khatijah I (1997). Nutrient Composition of Malaysian Foods, 4th Edition. Institute for Medical Research (IMR), Kuala Lumpur.",1997-01-01,https://myfcd.moh.gov.my/myfcd97/index.php/site/detail_product/512010/0/10/-1/0/0,2026-09-05T23:04:17.920507,per_100g,100.0,g,,,,,,,,,,,,,,,,,,,,,,,,,,,,,,,,100.0,0.0,1,
MyFCD 1997,512012,"PRAWN, SALTED, DRIED (UDANG KERING)",Udang Kering,UDANG KERING,Fish and Seafoods,"Tee ES, Mohd Ismail N, Mohd Nasir A, Khatijah I (1997). Nutrient Composition of Malaysian Foods, 4th Edition. Institute for Medical Research (IMR), Kuala Lumpur.",1997-01-01,https://myfcd.moh.gov.my/myfcd97/index.php/site/detail_product/512012/0/10/-1/0/0,2026-09-05T23:04:17.984767,per_100g,100.0,g,,,,,,,,,,,,,,,,,,,,,,,,,,,,,,,,15.0,35.0,1,
MyFCD 1997,512011,"PRAWN, PINK (UDANG MERAH ROS); METAPENAEUS AFFINIS",Udang Merah Ros,UDANG MERAH ROS,Fish and Seafoods,"Tee ES, Mohd Ismail N, Mohd Nasir A, Khatijah I (1997). Nutrient Composition of Malaysian Foods, 4th Edition. Institute for Medical Research (IMR), Kuala Lumpur.",1997-01-01,https://myfcd.moh.gov.my/myfcd97/index.php/site/detail_product/512011/0/10/-1/0/0,2026-09-05T23:04:17.986781,per_100g,100.0,g,,,,,,,,,,,,,,,,,,,,,,,,,,,,,,,,27.0,50.0,1,
MyFCD 1997,512013,"SARDINE, CANNED (SARDINE DALAM TIN)","Sardine, Canned",SARDINE DALAM TIN,Fish and Seafoods,"Tee ES, Mohd Ismail N, Mohd Nasir A, Khatijah I (1997). Nutrient Composition of Malaysian Foods, 4th Edition. Institute for Medical Research (IMR), Kuala Lumpur.",1997-01-01,https://myfcd.moh.gov.my/myfcd97/index.php/site/detail_product/512013/0/10/-1/0/0,2026-09-05T23:04:17.989889,per_100g,100.0,g,,,,,,,,,,,,,,,,,,,,,,,,,,,,,,,,56.0,63.0,1,
MyFCD 1997,512015,"SHRIMP, FERMENTED (CINCALUK)",Cincaluk,CINCALUK,Fish and Seafoods,"Tee ES, Mohd Ismail N, Mohd Nasir A, Khatijah I (1997). Nutrient Composition of Malaysian Foods, 4th Edition. Institute for Medical Research (IMR), Kuala Lumpur.",1997-01-01,https://myfcd.moh.gov.my/myfcd97/index.php/site/detail_product/512015/0/10/-1/0/0,2026-09-05T23:04:18.009063,per_100g,100.0,g,,,,,,,,,,,,,,,,,,,,,,,,,,,,,,,,100.0,0.0,1,
MyFCD 1997,512014,SCALLOP,Scallop,,Fish and Seafoods,"Tee ES, Mohd Ismail N, Mohd Nasir A, Khatijah I (1997). Nutrient Composition of Malaysian Foods, 4th Edition. Institute for Medical Research (IMR), Kuala Lumpur.",1997-01-01,https://myfcd.moh.gov.my/myfcd97/index.php/site/detail_product/512014/0/10/-1/0/0,2026-09-05T23:04:18.050564,per_100g,100.0,g,,,,,,,,,,,,,,,,,,,,,,,,,,,,,,,,71.0,39.0,1,
MyFCD 1997,512016,SHRIMP PASTE (BELACAN),Belacan,BELACAN,Fish and Seafoods,"Tee ES, Mohd Ismail N, Mohd Nasir A, Khatijah I (1997). Nutrient Composition of Malaysian Foods, 4th Edition. Institute for Medical Research (IMR), Kuala Lumpur.",1997-01-01,https://myfcd.moh.gov.my/myfcd97/index.php/site/detail_product/512016/0/10/-1/0/0,2026-09-05T23:04:18.052603,per_100g,100.0,g,,,,,,,,,,,,,,,,,,,,,,,,,,,,,,,,98.0,8.0,1,
MyFCD 1997,513001,"BEEF, LOCAL (DAGING LEMBU TEMPATAN)",Daging Lembu Tempatan,DAGING LEMBU TEMPATAN,Meat and Meat Products,"Tee ES, Mohd Ismail N, Mohd Nasir A, Khatijah I (1997). Nutrient Composition of Malaysian Foods, 4th Edition. Institute for Medical Research (IMR), Kuala Lumpur.",1997-01-01,https://myfcd.moh.gov.my/myfcd97/index.php/site/detail_product/513001/0/10/-1/0/0,2026-09-05T23:04:18.080580,per_100g,100.0,g,,,,,,,,,,,,,,,,,,,,,,,,,,,,,,,,39.0,10.0,1,
MyFCD 1997,513002,CHICKEN BURGER PATTY (BURGER DAGING AYAM),Burger Daging Ayam,BURGER DAGING AYAM,Meat and Meat Products,"Tee ES, Mohd Ismail N, Mohd Nasir A, Khatijah I (1997). Nutrient Composition of Malaysian Foods, 4th Edition. Institute for Medical Research (IMR), Kuala Lumpur.",1997-01-01,https://myfcd.moh.gov.my/myfcd97/index.php/site/detail_product/513002/0/10/-1/0/0,2026-09-05T23:04:18.087929,per_100g,100.0,g,,,,,,,,,,,,,,,,,,,,,,,,,,,,,,,,96.0,4.0,1,
MyFCD 1997,513004,"CHICKEN, THIGH (DAGING AYAM, BAHAGIAN PAHA)","Daging Ayam, Bahagian Paha","DAGING AYAM, BAHAGIAN PAHA",Meat and Meat Products,"Tee ES, Mohd Ismail N, Mohd Nasir A, Khatijah I (1997). Nutrient Composition of Malaysian Foods, 4th Edition. Institute for Medical Research (IMR), Kuala Lumpur.",1997-01-01,https://myfcd.moh.gov.my/myfcd97/index.php/site/detail_product/513004/0/10/-1/0/0,2026-09-05T23:04:18.108684,per_100g,100.0,g,,,,,,,,,,,,,,,,,,,,,,,,,,,,,,,,100.0,0.0,1,
MyFCD 1997,513005,"HEART, CHICKEN (JANTUNG AYAM)",Jantung Ayam,JANTUNG AYAM,Meat and Meat Products,"Tee ES, Mohd Ismail N, Mohd Nasir A, Khatijah I (1997). Nutrient Composition of Malaysian Foods, 4th Edition. Institute for Medical Research (IMR), Kuala Lumpur.",1997-01-01,https://myfcd.moh.gov.my/myfcd97/index.php/site/detail_product/513005/0/10/-1/0/0,2026-09-05T23:04:18.135534,per_100g,100.0,g,,,,,,,,,,,,,,,,,,,,,,,,,,,,,,,,100.0,0.0,1,
MyFCD 1997,513006,"LIVER, CHICKEN (HATI AYAM)",Hati Ayam,HATI AYAM,Meat and Meat Products,"Tee ES, Mohd Ismail N, Mohd Nasir A, Khatijah I (1997). Nutrient Composition of Malaysian Foods, 4th Edition. Institute for Medical Research (IMR), Kuala Lumpur.",1997-01-01,https://myfcd.moh.gov.my/myfcd97/index.php/site/detail_product/513006/0/10/-1/0/0,2026-09-05T23:04:18.161280,per_100g,100.0,g,,,,,,,,,,,,,,,,,,,,,,,,,,,,,,,,100.0,18.0,1,
MyFCD 1997,513003,CHICKEN FRANFURTER (FRANKFURTER DAGING AYAM),Frankfurter Daging Ayam,FRANKFURTER DAGING AYAM,Meat and Meat Products,"Tee ES, Mohd Ismail N, Mohd Nasir A, Khatijah I (1997). Nutrient Composition of Malaysian Foods, 4th Edition. Institute for Medical Research (IMR), Kuala Lumpur.",1997-01-01,https://myfcd.moh.gov.my/myfcd97/index.php/site/detail_product/513003/0/10/-1/0/0,2026-09-05T23:04:18.166107,per_100g,100.0,g,,,,,,,,,,,,,,,,,,,,,,,,,,,,,,,,98.0,1.0,1,
MyFCD 1997,514001,BUTTER (MENTEGA),Mentega,MENTEGA,Milk and milk products,"Tee ES, Mohd Ismail N, Mohd Nasir A, Khatijah I (1997). Nutrient Composition of Malaysian Foods, 4th Edition. Institute for Medical Research (IMR), Kuala Lumpur.",1997-01-01,https://myfcd.moh.gov.my/myfcd97/index.php/site/detail_product/514001/0/10/-1/0/0,2026-09-05T23:04:18.194806,per_100g,100.0,g,,,,,,,,,,,,,,,,,,,,,,,,,,,,,,,,55.0,675.0,0,R111001
MyFCD 1997,513007,"MUTTON, LOCAL (DAGING KAMBING); OVIS AERIES",Daging Kambing,DAGING KAMBING,Meat and Meat Products,"Tee ES, Mohd Ismail N, Mohd Nasir A, Khatijah I (1997). Nutrient Composition of Malaysian Foods, 4th Edition. Institute for Medical Research (IMR), Kuala Lumpur.",1997-01-01,https://myfcd.moh.gov.my/myfcd97/index.php/site/detail_product/513007/0/10/-1/0/0,2026-09-05T23:04:18.196297,per_100g,100.0,g,,,,,,,,,,,,,,,,,,,,,,,,,,,,,,,,100.0,0.0,1,
MyFCD 1997,514002,CHEESE (KEJU),Keju,KEJU,Milk and milk products,"Tee ES, Mohd Ismail N, Mohd Nasir A, Khatijah I (1997). Nutrient Composition of Malaysian Foods, 4th Edition. Institute for Medical Research (IMR), Kuala Lumpur.",1997-01-01,https://myfcd.moh.gov.my/myfcd97/index.php/site/detail_product/514002/0/10/-1/0/0,2026-09-05T23:04:18.252511,per_100g,100.0,g,,,,,,,,,,,,,,,,,,,,,,,,,,,,,,,,78.0,221.0,1,
MyFCD 1997,514005,"MILK, POWDER, FULL CREAM (SUSU TEPUNG PENUH KRIM)",Susu Tepung Penuh Krim,SUSU TEPUNG PENUH KRIM,Milk and milk products,"Tee ES, Mohd Ismail N, Mohd Nasir A, Khatijah I (1997). Nutrient Composition of Malaysian Foods, 4th Edition. Institute for Medical Research (IMR), Kuala Lumpur.",1997-01-01,https://myfcd.moh.gov.my/myfcd97/index.php/site/detail_product/514005/0/10/-1/0/0,2026-09-05T23:04:18.267155,per_100g,100.0,g,,,,,,,,,,,,,,,,,,,,,,,,,,,,,,,,97.0,137.0,1,
MyFCD 1997,514003,MALTED MILK POWDER (TEPUNG SUSU BERMALT),Tepung Susu Bermalt,TEPUNG SUSU BERMALT,Milk and milk products,"Tee ES, Mohd Ismail N, Mohd Nasir A, Khatijah I (1997). Nutrient Composition of Malaysian Foods, 4th Edition. Institute for Medical Research (IMR), Kuala Lumpur.",1997-01-01,https://myfcd.moh.gov.my/myfcd97/index.php/site/detail_product/514003/0/10/-1/0/0,2026-09-05T23:04:18.296724,per_100g,100.0,g,,,,,,,,,,,,,,,,,,,,,,,,,,,,,,,,100.0,8.0,1,
MyFCD 1997,514006,"MILK, SWEETENED, CONDENSED (SUSU PEKAT MANIS)",Susu Pekat Manis,SUSU PEKAT MANIS,Milk and milk products,"Tee ES, Mohd Ismail N, Mohd Nasir A, Khatijah I (1997). Nutrient Composition of Malaysian Foods, 4th Edition. Institute for Medical Research (IMR), Kuala Lumpur.",1997-01-01,https://myfcd.moh.gov.my/myfcd97/index.php/site/detail_product/514006/0/10/-1/0/0,2026-09-05T23:04:18.299450,per_100g,100.0,g,,,,,,,,,,,,,,,,,,,,,,,,,,,,,,,,97.0,53.0,0,R111044
MyFCD 1997,514004,"MILK, FILLED, SWEETENED CONDENSED (SUSU ISIAN PEKAT MANIS)",Susu Isian Pekat Manis,SUSU ISIAN PEKAT MANIS,Milk and milk products,"Tee ES, Mohd Ismail N, Mohd Nasir A, Khatijah I (1997). Nutrient Composition of Malaysian Foods, 4th Edition. Institute for Medical Research (IMR), Kuala Lumpur.",1997-01-01,https://myfcd.moh.gov.my/myfcd97/index.php/site/detail_product/514004/0/10/-1/0/0,2026-09-05T23:04:18.303033,per_100g,100.0,g,,,,,,,,,,,,,,,,,,,,,,,,,,,,,,,,100.0,6.0,1,
MyFCD 1997,514007,"MILK, UHT (SUSU SUHU ULTRA TINGGI)","Milk, Uht",SUSU SUHU ULTRA TINGGI,Milk and milk products,"Tee ES, Mohd Ismail N, Mohd Nasir A, Khatijah I (1997). Nutrient Composition of Malaysian Foods, 4th Edition. Institute for Medical Research (IMR), Kuala Lumpur.",1997-01-01,https://myfcd.moh.gov.my/myfcd97/index.php/site/detail_product/514007/0/10/-1/0/0,2026-09-05T23:04:18.326726,per_100g,100.0,g,,,,,,,,,,,,,,,,,,,,,,,,,,,,,,,,86.0,20.0,1,
MyFCD 1997,515001,GHEE (MINYAK SAPI),Minyak Sapi,MINYAK SAPI,Oils,"Tee ES, Mohd Ismail N, Mohd Nasir A, Khatijah I (1997). Nutrient Composition of Malaysian Foods, 4th Edition. Institute for Medical Research (IMR), Kuala Lumpur.",1997-01-01,https://myfcd.moh.gov.my/myfcd97/index.php/site/detail_product/515001/0/10/-1/0/0,2026-09-05T23:04:18.390253,per_100g,100.0,g,,,,,,,,,,,,,,,,,,,,,,,,,,,,,,,,62.0,549.0,1,
MyFCD 1997,516002,CORNFLAKES (EMPING JAGUNG),Emping Jagung,EMPING JAGUNG,Other processed foods,"Tee ES, Mohd Ismail N, Mohd Nasir A, Khatijah I (1997). Nutrient Composition of Malaysian Foods, 4th Edition. Institute for Medical Research (IMR), Kuala Lumpur.",1997-01-01,https://myfcd.moh.gov.my/myfcd97/index.php/site/detail_product/516002/0/10/-1/0/0,2026-09-05T23:04:18.415730,per_100g,100.0,g,,,,,,,,,,,,,,,,,,,,,,,,,,,,,,,,99.0,52.0,1,
MyFCD 1997,516001,"BAKED BEAN, CANNED (KACANG PANGGANG DALAM TIN)","Baked Bean, Canned",KACANG PANGGANG DALAM TIN,Other processed foods,"Tee ES, Mohd Ismail N, Mohd Nasir A, Khatijah I (1997). Nutrient Composition of Malaysian Foods, 4th Edition. Institute for Medical Research (IMR), Kuala Lumpur.",1997-01-01,https://myfcd.moh.gov.my/myfcd97/index.php/site/detail_product/516001/0/10/-1/0/0,2026-09-05T23:04:18.423230,per_100g,100.0,g,,,,,,,,,,,,,,,,,,,,,,,,,,,,,,,,5.0,127.0,1,
MyFCD 1997,515002,MARGARINE (MARJERIN),Marjerin,MARJERIN,Oils,"Tee ES, Mohd Ismail N, Mohd Nasir A, Khatijah I (1997). Nutrient Composition of Malaysian Foods, 4th Edition. Institute for Medical Research (IMR), Kuala Lumpur.",1997-01-01,https://myfcd.moh.gov.my/myfcd97/index.php/site/detail_product/515002/0/10/-1/0/0,2026-09-05T23:04:18.425328,per_100g,100.0,g,,,,,,,,,,,,,,,,,,,,,,,,,,,,,,,,62.0,897.0,1,
MyFCD 1997,516003,MILK CEREAL (WHEAT) FOR INFANTS (BIJIRIN BERSUSU UNTUK BAYI),Wheat,WHEAT,Other processed foods,"Tee ES, Mohd Ismail N, Mohd Nasir A, Khatijah I (1997). Nutrient Composition of Malaysian Foods, 4th Edition. Institute for Medical Research (IMR), Kuala Lumpur.",1997-01-01,https://myfcd.moh.gov.my/myfcd97/index.php/site/detail_product/516003/0/10/-1/0/0,2026-09-05T23:04:18.440382,per_100g,100.0,g,,,,,,,,,,,,,,,,,,,,,,,,,,,,,,,,99.0,21.0,1,
MyFCD 1997,521001,BREADFRUIT (SUKUN) ; ARTOCARPUS COMMUNIS,Sukun,SUKUN,Starchy roots and tubers,"Tee ES, Mohd Ismail N, Mohd Nasir A, Khatijah I (1997). Nutrient Composition of Malaysian Foods, 4th Edition. Institute for Medical Research (IMR), Kuala Lumpur.",1997-01-01,https://myfcd.moh.gov.my/myfcd97/index.php/site/detail_product/521001/0/10/-1/0/0,2026-09-05T23:04:18.453090,per_100g,100.0,g,,,,,,,,,,,,,,,,,,,,,,,,,,,,,,,,0.4,26.0,1,
MyFCD 1997,521002,"POTATO, YELLOW (UBI KENTANG) ; SOLANUM TUBEROSUM",Ubi Kentang,UBI KENTANG,Starchy roots and tubers,"Tee ES, Mohd Ismail N, Mohd Nasir A, Khatijah I (1997). Nutrient Composition of Malaysian Foods, 4th Edition. Institute for Medical Research (IMR), Kuala Lumpur.",1997-01-01,https://myfcd.moh.gov.my/myfcd97/index.php/site/detail_product/521002/0/10/-1/0/0,2026-09-05T23:04:18.523993,per_100g,100.0,g,,,,,,,,,,,,,,,,,,,,,,,,,,,,,,,,0.8,76.0,1,
MyFCD 1997,521004,"SAGO, PEARL, SMALL (SAGU, BIJI-BIJIAN, KECIL) ; METROXYLON SPP.","Sagu, Biji-Bijian, Kecil","SAGU, BIJI-BIJIAN, KECIL",Starchy roots and tubers,"Tee ES, Mohd Ismail N, Mohd Nasir A, Khatijah I (1997). Nutrient Composition of Malaysian Foods, 4th Edition. Institute for Medical Research (IMR), Kuala Lumpur.",1997-01-01,https://myfcd.moh.gov.my/myfcd97/index.php/site/detail_product/521004/0/10/-1/0/0,2026-09-05T23:04:18.546542,per_100g,100.0,g,,,,,,,,,,,,,,,,,,,,,,,,,,,,,,,,0.0,0.0,1,
MyFCD 1997,521006,"SWEET POTATO, YELLOW (UBI KELEDEK) ; IPOMOEA BATATAS",Ubi Keledek,UBI KELEDEK,Starchy roots and tubers,"Tee ES, Mohd Ismail N, Mohd Nasir A, Khatijah I (1997). Nutrient Composition of Malaysian Foods, 4th Edition. Institute for Medical Research (IMR), Kuala Lumpur.",1997-01-01,https://myfcd.moh.gov.my/myfcd97/index.php/site/detail_product/521006/0/10/-1/0/0,2026-09-05T23:04:18.563895,per_100g,100.0,g,,,,,,,,,,,,,,,,,,,,,,,,,,,,,,,,3.2,376.0,1,
MyFCD 1997,521003,"SAGO, PEARL, LARGE (SAGU, BIJI-BIJIAN, BESAR) ; METROXYLON SPP.","Sagu, Biji-Bijian, Besar","SAGU, BIJI-BIJIAN, BESAR",Starchy roots and tubers,"Tee ES, Mohd Ismail N, Mohd Nasir A, Khatijah I (1997). Nutrient Composition of Malaysian Foods, 4th Edition. Institute for Medical Research (IMR), Kuala Lumpur.",1997-01-01,https://myfcd.moh.gov.my/myfcd97/index.php/site/detail_product/521003/0/10/-1/0/0,2026-09-05T23:04:18.565036,per_100g,100.0,g,,,,,,,,,,,,,,,,,,,,,,,,,,,,,,,,0.0,1.0,1,
MyFCD 1997,521005,"SWEET POTATO, ORANGE (UBI KELEDEK) ; IPOMOEA BATATAS",Ubi Keledek,UBI KELEDEK,Starchy roots and tubers,"Tee ES, Mohd Ismail N, Mohd Nasir A, Khatijah I (1997). Nutrient Composition of Malaysian Foods, 4th Edition. Institute for Medical Research (IMR), Kuala Lumpur.",1997-01-01,https://myfcd.moh.gov.my/myfcd97/index.php/site/detail_product/521005/0/10/-1/0/0,2026-09-05T23:04:18.569995,per_100g,100.0,g,,,,,,,,,,,,,,,,,,,,,,,,,,,,,,,,192.3,1652.0,1,
MyFCD 1997,521007,TANNIA (KELADI TELUR) ; XANTHOSOMA SAGITTIFOLIUM,Keladi Telur,KELADI TELUR,Starchy roots and tubers,"Tee ES, Mohd Ismail N, Mohd Nasir A, Khatijah I (1997). Nutrient Composition of Malaysian Foods, 4th Edition. Institute for Medical Research (IMR), Kuala Lumpur.",1997-01-01,https://myfcd.moh.gov.my/myfcd97/index.php/site/detail_product/521007/0/10/-1/0/0,2026-09-05T23:04:18.586477,per_100g,100.0,g,,,,,,,,,,,,,,,,,,,,,,,,,,,,,,,,0.7,46.0,1,
MyFCD 1997,521008,"TAPIOCA, FRESH TUBER (UBI KAYU) ; MANIHOT UTILISSIMA",Ubi Kayu,UBI KAYU,Starchy roots and tubers,"Tee ES, Mohd Ismail N, Mohd Nasir A, Khatijah I (1997). Nutrient Composition of Malaysian Foods, 4th Edition. Institute for Medical Research (IMR), Kuala Lumpur.",1997-01-01,https://myfcd.moh.gov.my/myfcd97/index.php/site/detail_product/521008/0/10/-1/0/0,2026-09-05T23:04:18.649674,per_100g,100.0,g,,,,,,,,,,,,,,,,,,,,,,,,,,,,,,,,3.6,39.0,1,
MyFCD 1997,521009,TARO (UBI KELADI CINA) ; COLOCASIA ESCULENTUM,Ubi Keladi Cina,UBI KELADI CINA,Starchy roots and tubers,"Tee ES, Mohd Ismail N, Mohd Nasir A, Khatijah I (1997). Nutrient Composition of Malaysian Foods, 4th Edition. Institute for Medical Research (IMR), Kuala Lumpur.",1997-01-01,https://myfcd.moh.gov.my/myfcd97/index.php/site/detail_product/521009/0/10/-1/0/0,2026-09-05T23:04:18.650993,per_100g,100.0,g,,,,,,,,,,,,,,,,,,,,,,,,,,,,,,,,2.8,35.0,1,
MyFCD 1997,522004,BLACK EYE BEAN/COWPEA (KACANG MATA HITAM) ; VIGNA CATJANG,Kacang Mata Hitam,KACANG MATA HITAM,Legumes and legume products,"Tee ES, Mohd Ismail N, Mohd Nasir A, Khatijah I (1997). Nutrient Composition of Malaysian Foods, 4th Edition. Institute for Medical Research (IMR), Kuala Lumpur.",1997-01-01,https://myfcd.moh.gov.my/myfcd97/index.php/site/detail_product/522004/0/10/-1/0/0,2026-09-05T23:04:18.699720,per_100g,100.0,g,,,,,,,,,,,,,,,,,,,,,,,,,,,,,,,,8.0,68.0,1,
MyFCD 1997,522003,BENGAL GRAM DHALL ; CICER ARIETINUM,Bengal Gram Dhall ; Cicer Arietinum,,Legumes and legume products,"Tee ES, Mohd Ismail N, Mohd Nasir A, Khatijah I (1997). Nutrient Composition of Malaysian Foods, 4th Edition. Institute for Medical Research (IMR), Kuala Lumpur.",1997-01-01,https://myfcd.moh.gov.my/myfcd97/index.php/site/detail_product/522003/0/10/-1/0/0,2026-09-05T23:04:18.701875,per_100g,100.0,g,,,,,,,,,,,,,,,,,,,,,,,,,,,,,,,,39.0,1770.0,1,
MyFCD 1997,522002,"AUSTRALIAN DHALL (DAL AUSTRALIA, KUNING)","Dal Australia, Kuning","DAL AUSTRALIA, KUNING",Legumes and legume products,"Tee ES, Mohd Ismail N, Mohd Nasir A, Khatijah I (1997). Nutrient Composition of Malaysian Foods, 4th Edition. Institute for Medical Research (IMR), Kuala Lumpur.",1997-01-01,https://myfcd.moh.gov.my/myfcd97/index.php/site/detail_product/522002/0/10/-1/0/0,2026-09-05T23:04:18.707076,per_100g,100.0,g,,,,,,,,,,,,,,,,,,,,,,,,,,,,,,,,50.0,1512.0,1,
MyFCD 1997,522001,APPALAM,Appalam,,Legumes and legume products,"Tee ES, Mohd Ismail N, Mohd Nasir A, Khatijah I (1997). Nutrient Composition of Malaysian Foods, 4th Edition. Institute for Medical Research (IMR), Kuala Lumpur.",1997-01-01,https://myfcd.moh.gov.my/myfcd97/index.php/site/detail_product/522001/0/10/-1/0/0,2026-09-05T23:04:18.708489,per_100g,100.0,g,,,,,,,,,,,,,,,,,,,,,,,,,,,,,,,,1.0,9.0,1,
MyFCD 1997,522006,"BLACK GRAM DHALL (DAL, KACANG HITAM) ; PHASEOLUS MUNGO ROXB","Dal, Kacang Hitam","DAL, KACANG HITAM",Legumes and legume products,"Tee ES, Mohd Ismail N, Mohd Nasir A, Khatijah I (1997). Nutrient Composition of Malaysian Foods, 4th Edition. Institute for Medical Research (IMR), Kuala Lumpur.",1997-01-01,https://myfcd.moh.gov.my/myfcd97/index.php/site/detail_product/522006/0/10/-1/0/0,2026-09-05T23:04:18.776628,per_100g,100.0,g,,,,,,,,,,,,,,,,,,,,,,,,,,,,,,,,54.0,322.0,1,
MyFCD 1997,522005,BLACK GRAM BEAN (KACANG HITAM) ; PHASEOLUS MUNGO,Kacang Hitam,KACANG HITAM,Legumes and legume products,"Tee ES, Mohd Ismail N, Mohd Nasir A, Khatijah I (1997). Nutrient Composition of Malaysian Foods, 4th Edition. Institute for Medical Research (IMR), Kuala Lumpur.",1997-01-01,https://myfcd.moh.gov.my/myfcd97/index.php/site/detail_product/522005/0/10/-1/0/0,2026-09-05T23:04:18.803115,per_100g,100.0,g,,,,,,,,,,,,,,,,,,,,,,,,,,,,,,,,157.0,1136.0,1,
MyFCD 1997,522007,"CHICKPEA (BIG, YELLOW) (KACANG KUDA) ; CICER ARIETINUM","Big, Yellow","BIG, YELLOW",Legumes and legume products,"Tee ES, Mohd Ismail N, Mohd Nasir A, Khatijah I (1997). Nutrient Composition of Malaysian Foods, 4th Edition. Institute for Medical Research (IMR), Kuala Lumpur.",1997-01-01,https://myfcd.moh.gov.my/myfcd97/index.php/site/detail_product/522007/0/10/-1/0/0,2026-09-05T23:04:18.806624,per_100g,100.0,g,,,,,,,,,,,,,,,,,,,,,,,,,,,,,,,,48.0,789.0,1,
MyFCD 1997,522008,"CHICKPEA (SMALL, BROWN) (KACANG KUDA) ; CICER ARIETINUM","Small, Brown","SMALL, BROWN",Legumes and legume products,"Tee ES, Mohd Ismail N, Mohd Nasir A, Khatijah I (1997). Nutrient Composition of Malaysian Foods, 4th Edition. Institute for Medical Research (IMR), Kuala Lumpur.",1997-01-01,https://myfcd.moh.gov.my/myfcd97/index.php/site/detail_product/522008/0/10/-1/0/0,2026-09-05T23:04:18.810924,per_100g,100.0,g,,,,,,,,,,,,,,,,,,,,,,,,,,,,,,,,75.0,1480.0,1,
MyFCD 1997,522009,EGYPTIAN KIDNEY BEAN (KACANG MOCHAI/KACANG SEPAT) ; DOLICHOS LABLAB,Kacang Mochai/Kacang Sepat,KACANG MOCHAI/KACANG SEPAT,Legumes and legume products,"Tee ES, Mohd Ismail N, Mohd Nasir A, Khatijah I (1997). Nutrient Composition of Malaysian Foods, 4th Edition. Institute for Medical Research (IMR), Kuala Lumpur.",1997-01-01,https://myfcd.moh.gov.my/myfcd97/index.php/site/detail_product/522009/0/10/-1/0/0,2026-09-05T23:04:18.833068,per_100g,100.0,g,,,,,,,,,,,,,,,,,,,,,,,,,,,,,,,,10.0,260.0,1,
MyFCD 1997,522010,GREEN GRAM BEAN/MUNG BEAN (KACANG HIJAU) ; PHASEOLUS AUREUS,Kacang Hijau,KACANG HIJAU,Legumes and legume products,"Tee ES, Mohd Ismail N, Mohd Nasir A, Khatijah I (1997). Nutrient Composition of Malaysian Foods, 4th Edition. Institute for Medical Research (IMR), Kuala Lumpur.",1997-01-01,https://myfcd.moh.gov.my/myfcd97/index.php/site/detail_product/522010/0/10/-1/0/0,2026-09-05T23:04:18.836147,per_100g,100.0,g,,,,,,,,,,,,,,,,,,,,,,,,,,,,,,,,131.0,1716.0,1,
MyFCD 1997,522011,KIDNEY BEAN/HARICOT BEAN (KACANG BUAH PINGGANG),Kacang Buah Pinggang,KACANG BUAH PINGGANG,Legumes and legume products,"Tee ES, Mohd Ismail N, Mohd Nasir A, Khatijah I (1997). Nutrient Composition of Malaysian Foods, 4th Edition. Institute for Medical Research (IMR), Kuala Lumpur.",1997-01-01,https://myfcd.moh.gov.my/myfcd97/index.php/site/detail_product/522011/0/10/-1/0/0,2026-09-05T23:04:18.882702,per_100g,100.0,g,,,,,,,,,,,,,,,,,,,,,,,,,,,,,,,,13.0,63.0,1,
MyFCD 1997,522012,"MYSORE DHALL (ORANGE) (DAL, MYSORE/LENTIL) ; LENS ESCULENTA",Orange,ORANGE,Legumes and legume products,"Tee ES, Mohd Ismail N, Mohd Nasir A, Khatijah I (1997). Nutrient Composition of Malaysian Foods, 4th Edition. Institute for Medical Research (IMR), Kuala Lumpur.",1997-01-01,https://myfcd.moh.gov.my/myfcd97/index.php/site/detail_product/522012/0/10/-1/0/0,2026-09-05T23:04:18.907143,per_100g,100.0,g,,,,,,,,,,,,,,,,,,,,,,,,,,,,,,,,23.0,901.0,1,
MyFCD 1997,522017,"SOYA BEAN, WHITE (KACANG SOYA PUTIH) ; (GLYCINE MAX/G. SOJA)",Kacang Soya Putih,KACANG SOYA PUTIH,Legumes and legume products,"Tee ES, Mohd Ismail N, Mohd Nasir A, Khatijah I (1997). Nutrient Composition of Malaysian Foods, 4th Edition. Institute for Medical Research (IMR), Kuala Lumpur.",1997-01-01,https://myfcd.moh.gov.my/myfcd97/index.php/site/detail_product/522017/0/10/-1/0/0,2026-09-05T23:04:18.993863,per_100g,100.0,g,,,,,,,,,,,,,,,,,,,,,,,,,,,,,,,,13.0,288.0,1,
MyFCD 1997,522013,RED GRAM BEAN (KACANG MERAH) ; PHASEOLUS ANGULARIS,Kacang Merah,KACANG MERAH,Legumes and legume products,"Tee ES, Mohd Ismail N, Mohd Nasir A, Khatijah I (1997). Nutrient Composition of Malaysian Foods, 4th Edition. Institute for Medical Research (IMR), Kuala Lumpur.",1997-01-01,https://myfcd.moh.gov.my/myfcd97/index.php/site/detail_product/522013/0/10/-1/0/0,2026-09-05T23:04:19.928443,per_100g,100.0,g,,,,,,,,,,,,,,,,,,,,,,,,,,,,,,,,6.0,95.0,1,
MyFCD 1997,522014,"SOYA BEAN CAKE, FERMENTED (TEMPEH)",Tempeh,TEMPEH,Legumes and legume products,"Tee ES, Mohd Ismail N, Mohd Nasir A, Khatijah I (1997). Nutrient Composition of Malaysian Foods, 4th Edition. Institute for Medical Research (IMR), Kuala Lumpur.",1997-01-01,https://myfcd.moh.gov.my/myfcd97/index.php/site/detail_product/522014/0/10/-1/0/0,2026-09-05T23:04:34.963905,per_100g,100.0,g,,,,,,,,,,,,,,,,,,,,,,,,,,,,,,,,7.0,339.0,1,
MyFCD 1997,522016,"SOYA BEAN CURD, SHEET/STRIP (TIM-COK)",Tim-Cok,TIM-COK,Legumes and legume products,"Tee ES, Mohd Ismail N, Mohd Nasir A, Khatijah I (1997). Nutrient Composition of Malaysian Foods, 4th Edition. Institute for Medical Research (IMR), Kuala Lumpur.",1997-01-01,https://myfcd.moh.gov.my/myfcd97/index.php/site/detail_product/522016/0/10/-1/0/0,2026-09-05T23:04:35.052068,per_100g,100.0,g,,,,,,,,,,,,,,,,,,,,,,,,,,,,,,,,5.0,251.0,1,
MyFCD 1997,522015,"SOYA BEAN CURD, SHEET/FILM (FUCOK)",Fucok,FUCOK,Legumes and legume products,"Tee ES, Mohd Ismail N, Mohd Nasir A, Khatijah I (1997). Nutrient Composition of Malaysian Foods, 4th Edition. Institute for Medical Research (IMR), Kuala Lumpur.",1997-01-01,https://myfcd.moh.gov.my/myfcd97/index.php/site/detail_product/522015/0/10/-1/0/0,2026-09-05T23:04:35.092118,per_100g,100.0,g,,,,,,,,,,,,,,,,,,,,,,,,,,,,,,,,15.0,424.0,1,
MyFCD 1997,523001,BANANA (VAR.1) (PISANG EMAS) ; MUSA SAPIENTUM,Var.1,VAR.1,Fruits,"Tee ES, Mohd Ismail N, Mohd Nasir A, Khatijah I (1997). Nutrient Composition of Malaysian Foods, 4th Edition. Institute for Medical Research (IMR), Kuala Lumpur.",1997-01-01,https://myfcd.moh.gov.my/myfcd97/index.php/site/detail_product/523001/0/10/-1/0/0,2026-09-05T23:04:35.096631,per_100g,100.0,g,,,,,,,,,,,,,,,,,,,,,,,,,,,,,,,,12.0,128.0,1,
MyFCD 1997,523004,JACKFRUIT (NANGKA) ; ARTOCARPUS HETEROPHYLLUS,Nangka,NANGKA,Fruits,"Tee ES, Mohd Ismail N, Mohd Nasir A, Khatijah I (1997). Nutrient Composition of Malaysian Foods, 4th Edition. Institute for Medical Research (IMR), Kuala Lumpur.",1997-01-01,https://myfcd.moh.gov.my/myfcd97/index.php/site/detail_product/523004/0/10/-1/0/0,2026-09-05T23:04:35.144002,per_100g,100.0,g,,,,,,,,,,,,,,,,,,,,,,,,,,,,,,,,11.0,223.0,1,
MyFCD 1997,523005,MANDARIN ORANGE (LIMAU CINA) ; CITRUS RETICULATA,Limau Cina,LIMAU CINA,Fruits,"Tee ES, Mohd Ismail N, Mohd Nasir A, Khatijah I (1997). Nutrient Composition of Malaysian Foods, 4th Edition. Institute for Medical Research (IMR), Kuala Lumpur.",1997-01-01,https://myfcd.moh.gov.my/myfcd97/index.php/site/detail_product/523005/0/10/-1/0/0,2026-09-05T23:04:35.190115,per_100g,100.0,g,,,,,,,,,,,,,,,,,,,,,,,,,,,,,,,,76.0,1091.0,1,
MyFCD 1997,523002,BANANA (VAR.2) (PISANG TANDUK) ; MUSA SAPIENTUM,Var.2,VAR.2,Fruits,"Tee ES, Mohd Ismail N, Mohd Nasir A, Khatijah I (1997). Nutrient Composition of Malaysian Foods, 4th Edition. Institute for Medical Research (IMR), Kuala Lumpur.",1997-01-01,https://myfcd.moh.gov.my/myfcd97/index.php/site/detail_product/523002/0/10/-1/0/0,2026-09-05T23:04:35.194873,per_100g,100.0,g,,,,,,,,,,,,,,,,,,,,,,,,,,,,,,,,28.0,286.0,1,
MyFCD 1997,523007,MUSK LIME (LIMAU KESTURI) ; CITRUS MICROCARPA,Limau Kesturi,LIMAU KESTURI,Fruits,"Tee ES, Mohd Ismail N, Mohd Nasir A, Khatijah I (1997). Nutrient Composition of Malaysian Foods, 4th Edition. Institute for Medical Research (IMR), Kuala Lumpur.",1997-01-01,https://myfcd.moh.gov.my/myfcd97/index.php/site/detail_product/523007/0/10/-1/0/0,2026-09-05T23:04:35.315502,per_100g,100.0,g,,,,,,,,,,,,,,,,,,,,,,,,,,,,,,,,39.0,522.0,1,
MyFCD 1997,523008,ORANGE (LIMAU MANIS) ; CITRUS NOBILIS,Limau Manis,LIMAU MANIS,Fruits,"Tee ES, Mohd Ismail N, Mohd Nasir A, Khatijah I (1997). Nutrient Composition of Malaysian Foods, 4th Edition. Institute for Medical Research (IMR), Kuala Lumpur.",1997-01-01,https://myfcd.moh.gov.my/myfcd97/index.php/site/detail_product/523008/0/10/-1/0/0,2026-09-05T23:04:35.322722,per_100g,100.0,g,,,,,,,,,,,,,,,,,,,,,,,,,,,,,,,,32.0,605.0,1,
MyFCD 1997,523009,PAPAYA (BETIK) ; CARICA PAPAYA,Betik,BETIK,Fruits,"Tee ES, Mohd Ismail N, Mohd Nasir A, Khatijah I (1997). Nutrient Composition of Malaysian Foods, 4th Edition. Institute for Medical Research (IMR), Kuala Lumpur.",1997-01-01,https://myfcd.moh.gov.my/myfcd97/index.php/site/detail_product/523009/0/10/-1/0/0,2026-09-05T23:04:35.325842,per_100g,100.0,g,,,,,,,,,,,,,,,,,,,,,,,,,,,,,,,,171.0,4125.0,1,
MyFCD 1997,523010,PAPAYA EXOTICA (BETIK EKSOTIKA) ; CARICA PAPAYA,Betik Eksotika,BETIK EKSOTIKA,Fruits,"Tee ES, Mohd Ismail N, Mohd Nasir A, Khatijah I (1997). Nutrient Composition of Malaysian Foods, 4th Edition. Institute for Medical Research (IMR), Kuala Lumpur.",1997-01-01,https://myfcd.moh.gov.my/myfcd97/index.php/site/detail_product/523010/0/10/-1/0/0,2026-09-05T23:04:35.371066,per_100g,100.0,g,,,,,,,,,,,,,,,,,,,,,,,,,,,,,,,,121.0,3760.0,1,
MyFCD 1997,523011,"PLUM, RED (BUAH PLUM) ; PRUNUS SPP.",Buah Plum,BUAH PLUM,Fruits,"Tee ES, Mohd Ismail N, Mohd Nasir A, Khatijah I (1997). Nutrient Composition of Malaysian Foods, 4th Edition. Institute for Medical Research (IMR), Kuala Lumpur.",1997-01-01,https://myfcd.moh.gov.my/myfcd97/index.php/site/detail_product/523011/0/10/-1/0/0,2026-09-05T23:04:35.409766,per_100g,100.0,g,,,,,,,,,,,,,,,,,,,,,,,,,,,,,,,,25.0,316.0,1,
MyFCD 1997,523012,STARFRUIT/CARAMBOLA (BELIMBING MANIS/BESI) ; AVERRHOA CARAMBOLA,Belimbing Manis/Besi,BELIMBING MANIS/BESI,Fruits,"Tee ES, Mohd Ismail N, Mohd Nasir A, Khatijah I (1997). Nutrient Composition of Malaysian Foods, 4th Edition. Institute for Medical Research (IMR), Kuala Lumpur.",1997-01-01,https://myfcd.moh.gov.my/myfcd97/index.php/site/detail_product/523012/0/10/-1/0/0,2026-09-05T23:04:35.436175,per_100g,100.0,g,,,,,,,,,,,,,,,,,,,,,,,,,,,,,,,,94.0,1710.0,1,
MyFCD 1997,523013,TREE TOMATO (TOMATO POKOK) ; CYPHOMANDRA BETACEA,Tomato Pokok,TOMATO POKOK,Fruits,"Tee ES, Mohd Ismail N, Mohd Nasir A, Khatijah I (1997). Nutrient Composition of Malaysian Foods, 4th Edition. Institute for Medical Research (IMR), Kuala Lumpur.",1997-01-01,https://myfcd.moh.gov.my/myfcd97/index.php/site/detail_product/523013/0/10/-1/0/0,2026-09-05T23:04:35.454160,per_100g,100.0,g,,,,,,,,,,,,,,,,,,,,,,,,,,,,,,,,203.0,1834.0,1,
MyFCD 1997,523014,"WATERMELON, RED (TEMBIKAI) ; CITRULLUS VULGARIS",Tembikai,TEMBIKAI,Fruits,"Tee ES, Mohd Ismail N, Mohd Nasir A, Khatijah I (1997). Nutrient Composition of Malaysian Foods, 4th Edition. Institute for Medical Research (IMR), Kuala Lumpur.",1997-01-01,https://myfcd.moh.gov.my/myfcd97/index.php/site/detail_product/523014/0/10/-1/0/0,2026-09-05T23:04:35.473686,per_100g,100.0,g,,,,,,,,,,,,,,,,,,,,,,,,,,,,,,,,100.0,6171.0,1,
MyFCD 1997,523003,(BUAH KUNDANG) ; BOUEA MACROPHYLLA,Buah Kundang,BUAH KUNDANG,Fruits,"Tee ES, Mohd Ismail N, Mohd Nasir A, Khatijah I (1997). Nutrient Composition of Malaysian Foods, 4th Edition. Institute for Medical Research (IMR), Kuala Lumpur.",1997-01-01,https://myfcd.moh.gov.my/myfcd97/index.php/site/detail_product/523003/0/10/-1/0/0,2026-09-05T23:04:36.233116,per_100g,100.0,g,,,,,,,,,,,,,,,,,,,,,,,,,,,,,,,,67.0,1477.0,1,
MyFCD 1997,523006,"MANGO, BLACK-GOLD (MANGGA) ; MANGIFERA INDICA",Mangga,MANGGA,Fruits,"Tee ES, Mohd Ismail N, Mohd Nasir A, Khatijah I (1997). Nutrient Composition of Malaysian Foods, 4th Edition. Institute for Medical Research (IMR), Kuala Lumpur.",1997-01-01,https://myfcd.moh.gov.my/myfcd97/index.php/site/detail_product/523006/0/10/-1/0/0,2026-09-05T23:04:38.546606,per_100g,100.0,g,,,,,,,,,,,,,,,,,,,,,,,,,,,,,,,,103.0,615.0,1,
